*************************************************
******************* ORCA 6.1.0 ******************
*************************************************
$Calculation_Status
   &GeometryIndex 11
   &version [&Type "String"] "6.1.0"
   &progName [&Type "String"] "LeanSCF"
   &Status [&Type "String"] "NORMAL TERMINATION"
$End
$Geometry
   &GeometryIndex 1
   &NAtoms [&Type "Integer"] 33
   &NCorelessECP [&Type "Integer"] 0
   &NGhostAtoms [&Type "Integer"] 0
   &CartesianCoordinates [&Type "Coordinates", &Dim(33,4), &Units "Bohr"] 
              C     -9.858723511846    2.214014328137    0.096324331246
              C     -7.036329901966    2.499758844773    0.220799886252
              N     -5.627129677157    0.368000942493    0.299128305825
              C     -3.100769426505    0.616536081076    0.396035220930
              C     -1.558073340968   -1.496659174994    0.478176220047
              C      1.072451610346   -1.281563202956    0.570161203407
              C      2.253479652177    1.080070015177    0.588814460662
              C      4.991866623255    1.289500630407    0.655084929326
              C      6.730637917385    3.240915595382    0.678147550710
              C      9.188382870306    2.123229499641    0.725593189347
              C      8.787923655366   -0.435823796797    0.733009169926
              C     10.292937215112   -2.652526987338    0.746222218014
              C     10.416108506085   -5.096934500949    0.712761498576
              C      8.039351956912   -6.382568769827    0.642231611962
              N      6.128367532340   -7.458730832115    0.586993658699
              C     12.678812072716   -6.865627228866    0.762629919940
              N     14.555912247515   -8.332904461751    0.803999909533
              O      6.267622013153   -0.945503874415    0.694730579348
              C      0.722889430232    3.221718586817    0.517032830985
              C     -1.914849184936    2.997107755255    0.425199437865
              C     -3.426647461491    5.147663135476    0.347819541570
              C     -6.037068900346    4.915504667059    0.243019225097
              H    -10.337798834296    0.249583177296    0.093283177593
              H    -10.549767137052    3.078920545981   -1.595688701168
              H    -10.698392463438    3.110062717151    1.702738193307
              H     -2.369636594759   -3.269957637743    0.471289290030
              H      2.163203509421   -2.897262591534    0.625347823583
              H      6.327930327834    5.149027110320    0.663766075505
              H     10.904850232568    3.048673972340    0.749301938520
              H     12.141028304752   -2.033406591635    0.813446042740
              H      1.540218903453    4.992319863297    0.531642234184
              H     -2.605976653133    6.916659005512    0.368382099498
              H     -7.190229096078    6.487124809529    0.183845975930
$End
$SCF_Mulliken_Population_Analysis
   &GeometryIndex 1
   &NAtoms [&Type "Integer"] 33
   &ATNO [&Type "ArrayOfIntegers", &Dim (33,1)] 
                                                         0

0                                                        6
1                                                        6
2                                                        7
3                                                        6
4                                                        6
5                                                        6
6                                                        6
7                                                        6
8                                                        6
9                                                        6
10                                                       6
11                                                       6
12                                                       6
13                                                       6
14                                                       7
15                                                       6
16                                                       7
17                                                       8
18                                                       6
19                                                       6
20                                                       6
21                                                       6
22                                                       1
23                                                       1
24                                                       1
25                                                       1
26                                                       1
27                                                       1
28                                                       1
29                                                       1
30                                                       1
31                                                       1
32                                                       1
   &AtomicCharges [&Type "ArrayOfDoubles", &Dim (33,1)] 
                                                         0

0                                     -6.3438777187704432e-01
1                                      7.7561268208365952e-02
2                                     -1.7486184342365263e-01
3                                      1.6165233441857385e-01
4                                     -2.7873851943745720e-01
5                                     -1.2548863502840835e-01
6                                     -1.7920148508887124e-01
7                                      1.4478960630605631e-01
8                                     -2.4373416204869258e-01
9                                     -1.5121937576449440e-01
10                                     4.1838164360799546e-01
11                                    -4.4824868969967557e-01
12                                     2.4654513200027317e-02
13                                     5.5291197619394161e-02
14                                    -2.3009354972142049e-01
15                                     3.0252107845931242e-02
16                                    -2.3164241242578942e-01
17                                    -3.1210063221131001e-01
18                                    -1.9723559278234504e-01
19                                    -7.1596597095227033e-02
20                                    -2.5711735801352464e-01
21                                    -1.8179160306566722e-01
22                                     2.0114240447710374e-01
23                                     2.0128211326943668e-01
24                                     2.0107168190536129e-01
25                                     2.5105095900869834e-01
26                                     2.4865635703778199e-01
27                                     2.9717199397278460e-01
28                                     3.1388035423365845e-01
29                                     2.4103718949621167e-01
30                                     3.1168715185385465e-01
31                                     2.6598476499095269e-01
32                                     2.7191058623117392e-01
   &Method [&Type "String"] "SCF"
   &Level [&Type "String"] "Relaxed density"
   &Mult [&Type "Integer"] 1
   &State [&Type "Integer"] -1
   &Irrep [&Type "Integer"] 0
$End
$SCF_Loewdin_Population_Analysis
   &GeometryIndex 1
   &NAtoms [&Type "Integer"] 33
   &ATNO [&Type "ArrayOfIntegers", &Dim (33,1)] 
                                                         0

0                                                        6
1                                                        6
2                                                        7
3                                                        6
4                                                        6
5                                                        6
6                                                        6
7                                                        6
8                                                        6
9                                                        6
10                                                       6
11                                                       6
12                                                       6
13                                                       6
14                                                       7
15                                                       6
16                                                       7
17                                                       8
18                                                       6
19                                                       6
20                                                       6
21                                                       6
22                                                       1
23                                                       1
24                                                       1
25                                                       1
26                                                       1
27                                                       1
28                                                       1
29                                                       1
30                                                       1
31                                                       1
32                                                       1
   &AtomicCharges [&Type "ArrayOfDoubles", &Dim (33,1)] 
                                                         0

0                                     -4.1709563272257721e-01
1                                      2.6708172339313663e-02
2                                     -2.0619560787256219e-01
3                                      1.6370058831445711e-02
4                                     -1.4574913606750250e-01
5                                     -1.1150565024075121e-01
6                                     -2.5095840798054603e-02
7                                      2.6223899118726912e-01
8                                     -1.1915651262224003e-01
9                                     -6.4401509430899395e-02
10                                     1.9645651254534702e-01
11                                    -1.3100830451802103e-02
12                                    -1.1931757744367122e-01
13                                     5.7461043670429035e-02
14                                    -1.7806738997484750e-01
15                                     8.9132979459783712e-02
16                                    -1.9658993213363374e-01
17                                    -6.7433487992752283e-01
18                                    -1.0645988254337002e-01
19                                    -6.1589200972298030e-02
20                                    -9.0096531025184667e-02
21                                    -1.7231259373759844e-01
22                                     1.6669237152445771e-01
23                                     1.7573336175903620e-01
24                                     1.7567991892931889e-01
25                                     1.8162571600519928e-01
26                                     1.9547417186583704e-01
27                                     1.9291488014652070e-01
28                                     1.9919126942187448e-01
29                                     2.0841676752785798e-01
30                                     1.8753099201615497e-01
31                                     1.8375244174643413e-01
32                                     1.8568905898800370e-01
   &Method [&Type "String"] "SCF"
   &Level [&Type "String"] "Relaxed density"
   &Mult [&Type "Integer"] 1
   &State [&Type "Integer"] -1
   &Irrep [&Type "Integer"] 0
$End
$SCF_Mayer_Population_Analysis
   &GeometryIndex 1
   &NAtoms [&Type "Integer"] 33 "Total number of atoms"
   &NBondOrdersPrint [&Type "Integer"] 38 "The number of bond orders larger than threshold"
   &bondThresh [&Type "Double"]       1.0000000000000001e-01  "The threshold for printing"
   &components [&Type "ArrayOfIntegers", &Dim (38,4)] "The indices and atomic numbers of the bonding atoms"
                                                         0                           1                           2                           3

0                                                        0                           6                           1                           6
1                                                        0                           6                          22                           1
2                                                        0                           6                          23                           1
3                                                        0                           6                          24                           1
4                                                        1                           6                           2                           7
5                                                        1                           6                          21                           6
6                                                        2                           7                           3                           6
7                                                        3                           6                           4                           6
8                                                        3                           6                          19                           6
9                                                        3                           6                          20                           6
10                                                       4                           6                           5                           6
11                                                       4                           6                          25                           1
12                                                       5                           6                           6                           6
13                                                       5                           6                          18                           6
14                                                       5                           6                          26                           1
15                                                       6                           6                           7                           6
16                                                       6                           6                           8                           6
17                                                       6                           6                          18                           6
18                                                       7                           6                           8                           6
19                                                       7                           6                          17                           8
20                                                       8                           6                           9                           6
21                                                       8                           6                          27                           1
22                                                       9                           6                          10                           6
23                                                       9                           6                          28                           1
24                                                      10                           6                          11                           6
25                                                      10                           6                          17                           8
26                                                      11                           6                          12                           6
27                                                      11                           6                          29                           1
28                                                      12                           6                          13                           6
29                                                      12                           6                          15                           6
30                                                      13                           6                          14                           7
31                                                      15                           6                          16                           7
32                                                      18                           6                          19                           6
33                                                      18                           6                          30                           1
34                                                      19                           6                          20                           6
35                                                      20                           6                          21                           6
36                                                      20                           6                          31                           1
37                                                      21                           6                          32                           1
   &BondOrders [&Type "ArrayOfDoubles", &Dim (38,1)] "The bond orders"
                                                         0

0                                      8.4886764510416346e-01
1                                      9.9174940621079843e-01
2                                      9.5462941136019863e-01
3                                      9.5365178736966527e-01
4                                      1.6093246050839103e+00
5                                      1.3133351492965291e+00
6                                      1.4919237734741402e+00
7                                      1.4024828392986766e+00
8                                      1.0323094291797708e+00
9                                     -1.1210778845558517e-01
10                                     1.6208895459821244e+00
11                                     8.2665841992188616e-01
12                                     1.2929194034351730e+00
13                                    -1.2237938715282093e-01
14                                     8.9615412441655706e-01
15                                     1.1780354295575495e+00
16                                    -1.1730176546966600e-01
17                                     1.4559443852309411e+00
18                                     1.5650399606410961e+00
19                                     1.1512718872989616e+00
20                                     1.4447317372155983e+00
21                                     8.1384969883242564e-01
22                                     1.5659954938357663e+00
23                                     7.9922415711921546e-01
24                                     1.3558551061192565e+00
25                                     9.6685609665875349e-01
26                                     1.6130051518701427e+00
27                                     8.4117189842795215e-01
28                                     9.5558770514908797e-01
29                                     8.5578439555453112e-01
30                                     2.9816582491595338e+00
31                                     2.9945917079435924e+00
32                                     1.3369701008394248e+00
33                                     8.1545878067216326e-01
34                                     1.3627938800534172e+00
35                                     1.6416549550627904e+00
36                                     9.0318990257814369e-01
37                                     8.4930496750062578e-01
   &ATNO [&Type "ArrayOfIntegers", &Dim (33,1)] "Atomic number of the elements"
                                                         0

0                                                        6
1                                                        6
2                                                        7
3                                                        6
4                                                        6
5                                                        6
6                                                        6
7                                                        6
8                                                        6
9                                                        6
10                                                       6
11                                                       6
12                                                       6
13                                                       6
14                                                       7
15                                                       6
16                                                       7
17                                                       8
18                                                       6
19                                                       6
20                                                       6
21                                                       6
22                                                       1
23                                                       1
24                                                       1
25                                                       1
26                                                       1
27                                                       1
28                                                       1
29                                                       1
30                                                       1
31                                                       1
32                                                       1
   &NA [&Type "ArrayOfDoubles", &Dim (33,1)] "Mulliken gross atomic population"
                                                         0

0                                      6.6343877718770443e+00
1                                      5.9224387317916367e+00
2                                      7.1748618434236535e+00
3                                      5.8383476655814279e+00
4                                      6.2787385194374599e+00
5                                      6.1254886350284048e+00
6                                      6.1792014850888739e+00
7                                      5.8552103936939455e+00
8                                      6.2437341620486926e+00
9                                      6.1512193757644962e+00
10                                     5.5816183563920099e+00
11                                     6.4482486896996765e+00
12                                     5.9753454867999709e+00
13                                     5.9447088023806041e+00
14                                     7.2300935497214214e+00
15                                     5.9697478921540723e+00
16                                     7.2316424124257930e+00
17                                     8.3121006322113171e+00
18                                     6.1972355927823406e+00
19                                     6.0715965970952270e+00
20                                     6.2571173580135220e+00
21                                     6.1817916030656690e+00
22                                     7.9885759552289659e-01
23                                     7.9871788673056321e-01
24                                     7.9892831809463893e-01
25                                     7.4894904099130155e-01
26                                     7.5134364296221767e-01
27                                     7.0282800602721507e-01
28                                     6.8611964576634188e-01
29                                     7.5896281050378844e-01
30                                     6.8831284814614557e-01
31                                     7.3401523500904742e-01
32                                     7.2808941376882619e-01
   &ZA [&Type "ArrayOfDoubles", &Dim (33,1)] "Total nuclear charge"
                                                         0

0                                      6.0000000000000000e+00
1                                      6.0000000000000000e+00
2                                      7.0000000000000000e+00
3                                      6.0000000000000000e+00
4                                      6.0000000000000000e+00
5                                      6.0000000000000000e+00
6                                      6.0000000000000000e+00
7                                      6.0000000000000000e+00
8                                      6.0000000000000000e+00
9                                      6.0000000000000000e+00
10                                     6.0000000000000000e+00
11                                     6.0000000000000000e+00
12                                     6.0000000000000000e+00
13                                     6.0000000000000000e+00
14                                     7.0000000000000000e+00
15                                     6.0000000000000000e+00
16                                     7.0000000000000000e+00
17                                     8.0000000000000000e+00
18                                     6.0000000000000000e+00
19                                     6.0000000000000000e+00
20                                     6.0000000000000000e+00
21                                     6.0000000000000000e+00
22                                     1.0000000000000000e+00
23                                     1.0000000000000000e+00
24                                     1.0000000000000000e+00
25                                     1.0000000000000000e+00
26                                     1.0000000000000000e+00
27                                     1.0000000000000000e+00
28                                     1.0000000000000000e+00
29                                     1.0000000000000000e+00
30                                     1.0000000000000000e+00
31                                     1.0000000000000000e+00
32                                     1.0000000000000000e+00
   &QA [&Type "ArrayOfDoubles", &Dim (33,1)] "Mulliken gross atomic charge"
                                                         0

0                                     -6.3438777187704432e-01
1                                      7.7561268208363288e-02
2                                     -1.7486184342365352e-01
3                                      1.6165233441857207e-01
4                                     -2.7873851943745986e-01
5                                     -1.2548863502840479e-01
6                                     -1.7920148508887390e-01
7                                      1.4478960630605453e-01
8                                     -2.4373416204869258e-01
9                                     -1.5121937576449618e-01
10                                     4.1838164360799013e-01
11                                    -4.4824868969967646e-01
12                                     2.4654513200029093e-02
13                                     5.5291197619395938e-02
14                                    -2.3009354972142138e-01
15                                     3.0252107845927689e-02
16                                    -2.3164241242579298e-01
17                                    -3.1210063221131712e-01
18                                    -1.9723559278234060e-01
19                                    -7.1596597095227033e-02
20                                    -2.5711735801352198e-01
21                                    -1.8179160306566899e-01
22                                     2.0114240447710341e-01
23                                     2.0128211326943679e-01
24                                     2.0107168190536107e-01
25                                     2.5105095900869845e-01
26                                     2.4865635703778233e-01
27                                     2.9717199397278493e-01
28                                     3.1388035423365812e-01
29                                     2.4103718949621156e-01
30                                     3.1168715185385443e-01
31                                     2.6598476499095258e-01
32                                     2.7191058623117381e-01
   &VA [&Type "ArrayOfDoubles", &Dim (33,1)] "Mayer's total valence"
                                                         0

0                                      3.6964737677994810e+00
1                                      3.7740890177397617e+00
2                                      3.1576840713158325e+00
3                                      3.8061331996779106e+00
4                                      3.9689961917223884e+00
5                                      3.8052886706979736e+00
6                                      3.9213351266440988e+00
7                                      4.0405909470628476e+00
8                                      3.8277080996331652e+00
9                                      3.8717081953124102e+00
10                                     4.0119678984350626e+00
11                                     4.0866822028547558e+00
12                                     3.4563020954922949e+00
13                                     4.0015508648529829e+00
14                                     3.0945822047209663e+00
15                                     3.9547374125312702e+00
16                                     3.0729660955105018e+00
17                                     2.2707553717550111e+00
18                                     3.6829164234391669e+00
19                                     3.8040175216847838e+00
20                                     4.0416060338892841e+00
21                                     3.8520388074212528e+00
22                                     9.5821017206082626e-01
23                                     9.3176042447424112e-01
24                                     9.3161903343810215e-01
25                                     9.3487641696275015e-01
26                                     9.2403275565201981e-01
27                                     8.8396926383873575e-01
28                                     8.7053903369304964e-01
29                                     9.0527486942165680e-01
30                                     8.4323714130117211e-01
31                                     8.8976986994362040e-01
32                                     8.9642253500373659e-01
   &BVA [&Type "ArrayOfDoubles", &Dim (33,1)] "Mayer's bonded valence"
                                                         0

0                                      3.6964737677994308e+00
1                                      3.7740890177397728e+00
2                                      3.1576840713159511e+00
3                                      3.8061331996780945e+00
4                                      3.9689961917224306e+00
5                                      3.8052886706981290e+00
6                                      3.9213351266440633e+00
7                                      4.0405909470629098e+00
8                                      3.8277080996331327e+00
9                                      3.8717081953123760e+00
10                                     4.0119678984350404e+00
11                                     4.0866822028546768e+00
12                                     3.4563020954923123e+00
13                                     4.0015508648530851e+00
14                                     3.0945822047210179e+00
15                                     3.9547374125312369e+00
16                                     3.0729660955105089e+00
17                                     2.2707553717550049e+00
18                                     3.6829164234391185e+00
19                                     3.8040175216848144e+00
20                                     4.0416060338892805e+00
21                                     3.8520388074213079e+00
22                                     9.5821017206080206e-01
23                                     9.3176042447424123e-01
24                                     9.3161903343810615e-01
25                                     9.3487641696273271e-01
26                                     9.2403275565204401e-01
27                                     8.8396926383871854e-01
28                                     8.7053903369304997e-01
29                                     9.0527486942166657e-01
30                                     8.4323714130112493e-01
31                                     8.8976986994362151e-01
32                                     8.9642253500376856e-01
   &FA [&Type "ArrayOfDoubles", &Dim (33,1)] "Mayer's free valence"
                                                         0

0                                      0.0000000000000000e+00
1                                      0.0000000000000000e+00
2                                      0.0000000000000000e+00
3                                      0.0000000000000000e+00
4                                      0.0000000000000000e+00
5                                      0.0000000000000000e+00
6                                      0.0000000000000000e+00
7                                      0.0000000000000000e+00
8                                      0.0000000000000000e+00
9                                      0.0000000000000000e+00
10                                     0.0000000000000000e+00
11                                     0.0000000000000000e+00
12                                     0.0000000000000000e+00
13                                     0.0000000000000000e+00
14                                     0.0000000000000000e+00
15                                     0.0000000000000000e+00
16                                     0.0000000000000000e+00
17                                     0.0000000000000000e+00
18                                     0.0000000000000000e+00
19                                     0.0000000000000000e+00
20                                     0.0000000000000000e+00
21                                     0.0000000000000000e+00
22                                     0.0000000000000000e+00
23                                     0.0000000000000000e+00
24                                     0.0000000000000000e+00
25                                     0.0000000000000000e+00
26                                     0.0000000000000000e+00
27                                     0.0000000000000000e+00
28                                     0.0000000000000000e+00
29                                     0.0000000000000000e+00
30                                     0.0000000000000000e+00
31                                     0.0000000000000000e+00
32                                     0.0000000000000000e+00
   &Method [&Type "String"] "SCF"
   &Level [&Type "String"] "Relaxed density"
   &Mult [&Type "Integer"] 1
   &State [&Type "Integer"] -1
   &Irrep [&Type "Integer"] 0
$End
$SCF_Energy
   &GeometryIndex 1
   &Method [&Type "String"] "SCF"
   &totalEnergy [&Type "ArrayOfDoubles", &Dim (1,1)] "Total energy of each state"
                                                         0

0                                     -9.3165516809191763e+02
   &Mult [&Type "ArrayOfIntegers", &Dim (1,1)] "Multiplicity of each state"
                                                         0

0                                                        1
$End
$DFT_Energy
   &GeometryIndex 1
   &nAlphaEl [&Type "Integer"] 74
   &nBetaEl [&Type "Integer"] 74
   &nTotalEl [&Type "Integer"] 148
   &finalEn [&Type "Double"]      -9.3165516809191763e+02  "No Van der Waals correction"
   &eExchange [&Type "Double"]      -9.9691714029239435e+01
   &eCorr [&Type "Double"]      -5.9603435093950949e+00
   &eXC [&Type "Double"]      -1.0565205753863452e+02
   &eCNL [&Type "Double"]       0.0000000000000000e+00
$End
$Solvation_Details
   &GeometryIndex 1
   &Solvent [&Type "String"] "TETRAHYDROFURAN"
   &Epsilon [&Type "Double"]       7.5650000000000004e+00
   &Refrac [&Type "Double"]       1.4050000000000000e+00
   &RSolv [&Type "Double"]       1.3000000000000000e+00
   &SurfaceType [&Type "String"] "GAUSSIAN VDW"
   &CPCMDielEnergy [&Type "Double"]      -2.7332105999999998e-02
   &NPoints [&Type "Integer"] 3310
   &SurfaceArea [&Type "Double"]       1.2115701352330000e+03
$End
$SCF_Timings
   &GeometryIndex 1
   &TOTAL [&Type "Double"]       6.5053110000000004e+01
   &PREP [&Type "Double"]       2.2691490000000001e+00
   &FOCK [&Type "Double"]       5.4299361000000005e+01
   &DENS [&Type "Double"]       1.7496159999999961e+00
   &ETOT [&Type "Double"]       1.2865100000000043e+00
   &POP [&Type "Double"]       2.9440100000000768e-01
   &TRAFO [&Type "Double"]       4.1150700000000207e-01
   &DIIS [&Type "Double"]       1.9534499999999975e+00
   &SOSCF [&Type "Double"]       2.1864200000000018e+00
   &XC [&Type "Double"]       5.4806819999999981e+00
   &FOCKSTART [&Type "Double"]       6.7005399999999282e-01
   &SOLV [&Type "Double"]       8.9420510000000117e+00
   &SOLV_INIT [&Type "Double"]       5.1559299999999997e-01
   &INT_PREP [&Type "Double"]       1.9999999985031991e-06
   &INT_BF [&Type "Double"]       1.5828079999999902e+00
   &INT_DENS [&Type "Double"]       1.1548029999999736e+00
   &INT_DENSIO [&Type "Double"]       8.9646953749000124e+04
   &INT_FUNC [&Type "Double"]       2.1681899999992726e-01
   &INT_POT [&Type "Double"]       9.3578000000013617e-01
   &INT_POTIO [&Type "Double"]       5.9253999999934415e-02
   &INT_SUM [&Type "Double"]       1.4800000000061431e-03
   &SPLITRIJ [&Type "Double"]       7.1149830000000041e+00
   &COSX [&Type "Double"]       3.1587917999999981e+01
$End
$Single_Point_Data
   &GeometryIndex 1
   &FinalEnergy [&Type "Double"]      -9.3165516809191763e+02  "Final single point energy"
   &Converged [&Type "Boolean"] true
$End
$SCF_Nuc_Gradient
   &GeometryIndex 1
   &NAtoms [&Type "Integer"] 33
   &gradNorm [&Type "Double"]       3.2396828825839813e-01
   &grad [&Type "ArrayOfDoubles", &Dim (99,1)] 
                                                         0

0                                     -1.8592203437458002e-02
1                                      6.5880120173136252e-03
2                                     -1.1040889850876129e-03
3                                      6.7035366862907841e-03
4                                      3.8122322523334237e-02
5                                      1.3879868604201907e-04
6                                      2.6136931769398131e-02
7                                     -1.8455175861533168e-02
8                                      1.4413000778928610e-03
9                                      2.0987571396230004e-03
10                                    -6.2905352726890240e-03
11                                    -3.1359342020383443e-04
12                                    -4.8607716812148510e-02
13                                    -1.2576389606071867e-02
14                                    -1.6449689497231440e-03
15                                     4.5367096182306610e-02
16                                    -1.3659813849946290e-02
17                                     1.6423057559088756e-03
18                                     1.0856586892009149e-03
19                                    -2.3348146086536112e-02
20                                     6.0396342189327889e-04
21                                    -3.5108360588559373e-03
22                                     6.2809396023287261e-03
23                                    -4.3583038846572303e-04
24                                    -1.5519242951229958e-02
25                                     3.9392668623087601e-02
26                                    -4.1077144466794340e-04
27                                     4.4083444972965485e-02
28                                     9.0172838739033256e-03
29                                     2.4325675758036288e-04
30                                     1.7221880876808399e-02
31                                     4.5233338182332931e-02
32                                     7.9311499785823325e-04
33                                    -4.9110766554013141e-02
34                                    -8.8971901100296888e-02
35                                    -2.4714790636914813e-03
36                                     2.0566463310926833e-02
37                                     1.0830218192898564e-01
38                                     1.1563529219584454e-03
39                                     9.4614798774053099e-03
40                                     2.4939500558459032e-02
41                                     7.6257373125033709e-04
42                                    -8.2759341221818605e-03
43                                    -6.5125218247490402e-03
44                                    -2.3632494591734055e-04
45                                    -1.0180183668008869e-01
46                                     6.2002004553849993e-02
47                                    -2.3369595011131167e-03
48                                     1.3950859935299231e-01
49                                    -1.0736122182939567e-01
50                                     3.1054885609269611e-03
51                                     1.9601011783323852e-02
52                                    -1.0985451301434246e-02
53                                     9.6958947792007253e-04
54                                     1.3439378936096341e-03
55                                     4.1525601064984763e-02
56                                    -5.4436565719939971e-04
57                                    -1.2983035092924880e-02
58                                    -1.2328113966763976e-02
59                                    -7.3522066548946385e-05
60                                     4.1921503762512274e-02
61                                     1.7305169026795200e-02
62                                     1.4500910700028426e-03
63                                    -5.5472030197874111e-02
64                                     1.6180669181946467e-02
65                                    -2.5087258636252744e-03
66                                     5.3927254986644579e-03
67                                     1.1959088360120357e-02
68                                     1.3194487595667226e-04
69                                     8.1330631611400833e-03
70                                    -7.0790881358463315e-03
71                                     1.1191600663649132e-02
72                                     9.1930490704234258e-03
73                                    -7.2673782265866710e-03
74                                    -1.0278042711451302e-02
75                                     1.6975895951728534e-02
76                                     3.6449896676496285e-02
77                                     3.1391514428876833e-04
78                                    -2.0275990994604851e-02
79                                     3.3199436763241830e-02
80                                    -1.0335819524964355e-03
81                                     7.1530648562453322e-03
82                                    -3.5911156946517170e-02
83                                     4.0396500040575664e-04
84                                    -3.2593833114116511e-02
85                                    -1.7098220812945888e-02
86                                    -4.3369738285281827e-04
87                                    -4.6026407952850734e-02
88                                    -2.2803551952180569e-02
89                                    -1.2204662007849242e-03
90                                    -1.4828029578416543e-02
91                                    -3.7639500481641136e-02
92                                    -1.2345092304165807e-04
93                                    -1.8001935489126542e-02
94                                    -3.6840910266764837e-02
95                                    -4.2204167349409530e-04
96                                     2.3651698185990166e-02
97                                    -3.1369035430653724e-02
98                                     1.2436499850901773e-03
   &Method [&Type "String"] "SCF"
   &Level [&Type "String"] "Relaxed density"
   &Mult [&Type "Integer"] 1
   &State [&Type "Integer"] 0
   &Irrep [&Type "Integer"] 0
$End
$Geometry
   &GeometryIndex 2
   &NAtoms [&Type "Integer"] 33
   &NCorelessECP [&Type "Integer"] 0
   &NGhostAtoms [&Type "Integer"] 0
   &CartesianCoordinates [&Type "Coordinates", &Dim(33,4), &Units "Bohr"] 
              C     -9.884737970330    2.234229824074    0.099144985738
              C     -7.055782919058    2.523563577462    0.220587640214
              N     -5.665909819221    0.408630453250    0.297707444359
              C     -3.119839277043    0.637086832817    0.394449620972
              C     -1.590686900801   -1.521569486242    0.476253503178
              C      1.018834134140   -1.334595971610    0.566914173734
              C      2.231573452773    1.036937143798    0.585666067829
              C      4.970485872306    1.216444214171    0.653030800675
              C      6.695815446667    3.174266430767    0.675996926736
              C      9.145565621091    2.082870636228    0.726241826755
              C      8.789210684727   -0.487879993711    0.735287195677
              C     10.402472271362   -2.619260425085    0.752747032202
              C     10.470166847059   -5.134445944680    0.716238276190
              C      8.121304614701   -6.495078823702    0.643539721211
              N      6.242920763820   -7.614079375150    0.586848458419
              C     12.707557300327   -6.788525634597    0.764604959101
              N     14.494639993841   -8.122650765627    0.803123603265
              O      6.251134168166   -1.016066464933    0.693969377377
              C      0.745392691675    3.206417253211    0.514872545435
              C     -1.903053540756    3.028470756749    0.423196031501
              C     -3.420859863203    5.199269585044    0.345680022098
              C     -6.018779799056    4.958043848385    0.243196966486
              H    -10.376739791641    0.252351383926    0.097360233216
              H    -10.595863258964    3.107928762779   -1.608283986538
              H    -10.743076345709    3.142141121756    1.718877001587
              H     -2.449007722965   -3.336292316335    0.468618434903
              H      2.120046233404   -3.009862921122    0.623266746715
              H      6.270763448383    5.130930055877    0.659797063631
              H     10.896645509328    3.054270311017    0.751816820975
              H     12.303366517028   -1.931322932660    0.821360162402
              H      1.614510319115    5.016229168210    0.530260664509
              H     -2.574447946227    7.020721263176    0.365939302714
              H     -7.201038337981    6.577750064954    0.182959425720
$End
$SCF_Energy
   &GeometryIndex 2
   &Method [&Type "String"] "SCF"
   &totalEnergy [&Type "ArrayOfDoubles", &Dim (1,1)] "Total energy of each state"
                                                         0

0                                     -9.3171026072963195e+02
   &Mult [&Type "ArrayOfIntegers", &Dim (1,1)] "Multiplicity of each state"
                                                         0

0                                                        1
$End
$DFT_Energy
   &GeometryIndex 2
   &nAlphaEl [&Type "Integer"] 74
   &nBetaEl [&Type "Integer"] 74
   &nTotalEl [&Type "Integer"] 148
   &finalEn [&Type "Double"]      -9.3171026072963195e+02  "No Van der Waals correction"
   &eExchange [&Type "Double"]      -9.9642031728026097e+01
   &eCorr [&Type "Double"]      -5.9573984188873226e+00
   &eXC [&Type "Double"]      -1.0559943014691342e+02
   &eCNL [&Type "Double"]       0.0000000000000000e+00
$End
$Solvation_Details
   &GeometryIndex 2
   &Solvent [&Type "String"] "TETRAHYDROFURAN"
   &Epsilon [&Type "Double"]       7.5650000000000004e+00
   &Refrac [&Type "Double"]       1.4050000000000000e+00
   &RSolv [&Type "Double"]       1.3000000000000000e+00
   &SurfaceType [&Type "String"] "GAUSSIAN VDW"
   &CPCMDielEnergy [&Type "Double"]      -2.7646032000000001e-02
   &NPoints [&Type "Integer"] 3307
   &SurfaceArea [&Type "Double"]       1.2163453926469999e+03
$End
$SCF_Timings
   &GeometryIndex 2
   &TOTAL [&Type "Double"]       5.7133982000000003e+01
   &PREP [&Type "Double"]       2.2025000000000001e+00
   &FOCK [&Type "Double"]       4.7055205000000001e+01
   &DENS [&Type "Double"]       1.6488760000000013e+00
   &ETOT [&Type "Double"]       1.2083369999999984e+00
   &TRAFO [&Type "Double"]       4.1834399999999405e-01
   &DIIS [&Type "Double"]       1.7086110000000039e+00
   &SOSCF [&Type "Double"]       1.9568020000000068e+00
   &XC [&Type "Double"]       4.6419099999999895e+00
   &FOCKSTART [&Type "Double"]       5.7619899999999902e-01
   &SOLV [&Type "Double"]       7.8407950000000159e+00
   &SOLV_INIT [&Type "Double"]       5.1010399999999989e-01
   &INT_PREP [&Type "Double"]       3.0000000066365828e-06
   &INT_BF [&Type "Double"]       1.3485389999998727e+00
   &INT_DENS [&Type "Double"]       9.7798800000004338e-01
   &INT_DENSIO [&Type "Double"]       6.8950920692000102e+04
   &INT_FUNC [&Type "Double"]       1.8845099999990023e-01
   &INT_POT [&Type "Double"]       7.2749500000023826e-01
   &INT_POTIO [&Type "Double"]       6.6942999999890063e-02
   &INT_SUM [&Type "Double"]       1.0679999999991807e-03
   &SPLITRIJ [&Type "Double"]       6.3031670000000055e+00
   &COSX [&Type "Double"]       2.7578538999999992e+01
$End
$Single_Point_Data
   &GeometryIndex 2
   &FinalEnergy [&Type "Double"]      -9.3171026072963195e+02  "Final single point energy"
   &Converged [&Type "Boolean"] true
$End
$SCF_Nuc_Gradient
   &GeometryIndex 2
   &NAtoms [&Type "Integer"] 33
   &gradNorm [&Type "Double"]       1.4642361692448289e-01
   &grad [&Type "ArrayOfDoubles", &Dim (99,1)] 
                                                         0

0                                     -1.1440646255041403e-02
1                                      3.4999775725896333e-03
2                                     -6.8506364886888882e-04
3                                      6.2628111761113825e-03
4                                      2.2520692277214566e-02
5                                      1.5385226684583135e-04
6                                      1.2568826978019143e-02
7                                     -1.1904769271617766e-02
8                                      8.1605110978250528e-04
9                                     -3.8250731603504950e-04
10                                    -4.9624700132072652e-03
11                                    -4.0075494713839865e-04
12                                    -2.4091807901651857e-02
13                                    -1.4522158790520046e-03
14                                    -8.9150855298998112e-04
15                                     2.1780153171884059e-02
16                                    -2.8190351244249765e-03
17                                     6.8637560249205053e-04
18                                     8.7997811623719349e-04
19                                    -1.4484508699383801e-02
20                                     5.1199420562729600e-04
21                                    -2.3782508868521457e-03
22                                     7.1627529487231743e-03
23                                    -3.3303866900916829e-04
24                                    -9.2288256637364785e-03
25                                     1.3110223089876444e-02
26                                    -2.3702451185384291e-04
27                                     2.0094364615963367e-02
28                                    -2.4186825486238739e-04
29                                    -1.1248915003269928e-04
30                                     1.5746697572166388e-02
31                                     3.7640012836339047e-02
32                                     7.2343488617161071e-04
33                                    -5.2604321026406178e-02
34                                    -5.1591171276669713e-02
35                                    -2.1693044824430199e-03
36                                     2.5134597115553624e-02
37                                     5.6792622731614915e-02
38                                     6.9004894397064196e-04
39                                    -1.5418147273744687e-03
40                                     7.6059328202277565e-03
41                                     2.5433516785640375e-04
42                                    -1.3933120781758346e-03
43                                    -1.5680762427472406e-03
44                                    -2.2137605066020055e-05
45                                    -2.2129725638823428e-02
46                                     1.2407455758831620e-03
47                                    -5.7050915938671072e-04
48                                     4.2947486262259416e-02
49                                    -3.0612065489374118e-02
50                                     9.6262769020865127e-04
51                                     1.0121740550933386e-02
52                                    -7.4902204497450664e-03
53                                     7.4794012807408161e-04
54                                    -2.2989049624402222e-03
55                                     1.9936007410372075e-02
56                                    -5.1258628994317254e-04
57                                    -7.6721398290258147e-03
58                                    -6.1782039714363413e-03
59                                     8.0861147397513246e-05
60                                     2.4653477487445258e-02
61                                     3.5527455673467073e-03
62                                     8.4474556450074654e-04
63                                    -3.0749917443259028e-02
64                                     4.1817245196464486e-03
65                                    -1.3461752723038806e-03
66                                     2.6767660549270114e-03
67                                     4.6802993917281210e-03
68                                     5.6556574857461904e-05
69                                     4.6539315934179051e-03
70                                    -3.3952268133731200e-03
71                                     4.1665445662242007e-03
72                                     5.0425014456941114e-03
73                                    -3.4413595550265852e-03
74                                    -3.6570946528964310e-03
75                                     7.4802054467766471e-03
76                                     1.2942077667502910e-02
77                                     2.4945985798158123e-04
78                                    -7.6557283748769911e-03
79                                     1.2289205836285066e-02
80                                    -3.7512853354904844e-04
81                                     2.6185788318617842e-03
82                                    -1.3036109829835774e-02
83                                     2.2530864617359794e-04
84                                    -1.2242695382634228e-02
85                                    -5.9106427698120828e-03
86                                    -1.6493887919207927e-04
87                                    -1.4210482935046509e-02
88                                    -8.9093900945127064e-03
89                                    -9.2584441722095255e-05
90                                    -4.8530688591375132e-03
91                                    -1.4296267740223689e-02
92                                     4.9665758846989322e-05
93                                    -7.2891682767411287e-03
94                                    -1.3419064200628800e-02
95                                    -1.5290914211457847e-04
96                                     9.5012011326941898e-03
97                                    -1.1442354576107011e-02
98                                     5.0344582080684777e-04
   &Method [&Type "String"] "SCF"
   &Level [&Type "String"] "Relaxed density"
   &Mult [&Type "Integer"] 1
   &State [&Type "Integer"] 0
   &Irrep [&Type "Integer"] 0
$End
$Geometry
   &GeometryIndex 3
   &NAtoms [&Type "Integer"] 33
   &NCorelessECP [&Type "Integer"] 0
   &NGhostAtoms [&Type "Integer"] 0
   &CartesianCoordinates [&Type "Coordinates", &Dim(33,4), &Units "Bohr"] 
              C     -9.888669593488    2.248717371789    0.115020266931
              C     -7.056914823664    2.533925633363    0.224262970828
              N     -5.681884322508    0.444351132806    0.292646438467
              C     -3.117934622413    0.652506246125    0.385021722172
              C     -1.614059848851   -1.555328752323    0.458639396469
              C      0.971657983636   -1.408121541663    0.545291565988
              C      2.222248183923    0.967537722649    0.567464869352
              C      4.959638140067    1.110350213280    0.640253373337
              C      6.660442024084    3.087959536021    0.669967924336
              C      9.097164926028    2.033029697745    0.731972818524
              C      8.800366183153   -0.554559280011    0.738398911953
              C     10.550813838487   -2.549212629828    0.767272541876
              C     10.475839454583   -5.116771679879    0.729305393431
              C      8.131611637142   -6.482372331263    0.650610076765
              N      6.254277876774   -7.598485594904    0.588939286729
              C     12.657497274532   -6.663774450661    0.776818454213
              N     14.394882881874   -7.929892900816    0.814264169058
              O      6.250090379491   -1.114909612507    0.682431402441
              C      0.787843904088    3.162970596362    0.502889706907
              C     -1.869504040450    3.045876761429    0.414454557811
              C     -3.398649685338    5.235435287960    0.343659120371
              C     -5.975351022628    4.983715001718    0.249532984259
              H    -10.400002766398    0.257145123061    0.113215747090
              H    -10.630285305569    3.134955960465   -1.595166473702
              H    -10.764137271758    3.167521721418    1.742777618553
              H     -2.527666370729   -3.383610534859    0.446294565167
              H      2.068907967742   -3.128315043129    0.598382277573
              H      6.207416320544    5.071342334540    0.652569918723
              H     10.862936733833    3.045420105833    0.767877808587
              H     12.474255965293   -1.814926707495    0.835590370220
              H      1.702104960847    4.991439912699    0.521035257802
              H     -2.533702993711    7.089397409983    0.364764381562
              H     -7.178651571659    6.633604922290    0.194809625195
$End
$SCF_Energy
   &GeometryIndex 3
   &Method [&Type "String"] "SCF"
   &totalEnergy [&Type "ArrayOfDoubles", &Dim (1,1)] "Total energy of each state"
                                                         0

0                                     -9.3172818937156615e+02
   &Mult [&Type "ArrayOfIntegers", &Dim (1,1)] "Multiplicity of each state"
                                                         0

0                                                        1
$End
$DFT_Energy
   &GeometryIndex 3
   &nAlphaEl [&Type "Integer"] 74
   &nBetaEl [&Type "Integer"] 74
   &nTotalEl [&Type "Integer"] 148
   &finalEn [&Type "Double"]      -9.3172818937156615e+02  "No Van der Waals correction"
   &eExchange [&Type "Double"]      -9.9629478613839638e+01
   &eCorr [&Type "Double"]      -5.9569534872729442e+00
   &eXC [&Type "Double"]      -1.0558643210111258e+02
   &eCNL [&Type "Double"]       0.0000000000000000e+00
$End
$Solvation_Details
   &GeometryIndex 3
   &Solvent [&Type "String"] "TETRAHYDROFURAN"
   &Epsilon [&Type "Double"]       7.5650000000000004e+00
   &Refrac [&Type "Double"]       1.4050000000000000e+00
   &RSolv [&Type "Double"]       1.3000000000000000e+00
   &SurfaceType [&Type "String"] "GAUSSIAN VDW"
   &CPCMDielEnergy [&Type "Double"]      -2.8209622000000000e-02
   &NPoints [&Type "Integer"] 3301
   &SurfaceArea [&Type "Double"]       1.2137677374180000e+03
$End
$SCF_Timings
   &GeometryIndex 3
   &TOTAL [&Type "Double"]       5.6632891000000001e+01
   &PREP [&Type "Double"]       2.1850570000000000e+00
   &FOCK [&Type "Double"]       4.6679042000000010e+01
   &DENS [&Type "Double"]       1.5972000000000008e+00
   &ETOT [&Type "Double"]       1.1935039999999875e+00
   &POP [&Type "Double"]       9.9999999747524271e-07
   &TRAFO [&Type "Double"]       3.8699300000000569e-01
   &DIIS [&Type "Double"]       1.6305600000000009e+00
   &SOSCF [&Type "Double"]       2.0519320000000008e+00
   &XC [&Type "Double"]       4.6419930000000091e+00
   &FOCKSTART [&Type "Double"]       5.3015200000000506e-01
   &SOLV [&Type "Double"]       7.7463920000000064e+00
   &SOLV_INIT [&Type "Double"]       5.1912700000000012e-01
   &INT_PREP [&Type "Double"]       3.9999999952300413e-06
   &INT_BF [&Type "Double"]       1.3931249999999071e+00
   &INT_DENS [&Type "Double"]       1.0009030000000996e+00
   &INT_DENSIO [&Type "Double"]       6.8489304036000132e+04
   &INT_FUNC [&Type "Double"]       1.8755399999978017e-01
   &INT_POT [&Type "Double"]       7.3271899999989287e-01
   &INT_POTIO [&Type "Double"]       5.4195000000140325e-02
   &INT_SUM [&Type "Double"]       1.3559999999985806e-03
   &SPLITRIJ [&Type "Double"]       6.2822759999999898e+00
   &COSX [&Type "Double"]       2.7134886000000002e+01
$End
$Single_Point_Data
   &GeometryIndex 3
   &FinalEnergy [&Type "Double"]      -9.3172818937156615e+02  "Final single point energy"
   &Converged [&Type "Boolean"] true
$End
$SCF_Nuc_Gradient
   &GeometryIndex 3
   &NAtoms [&Type "Integer"] 33
   &gradNorm [&Type "Double"]       8.7819982264047247e-02
   &grad [&Type "ArrayOfDoubles", &Dim (99,1)] 
                                                         0

0                                     -4.3611021144574977e-03
1                                      4.7665032631466833e-04
2                                     -1.7961393489008539e-04
3                                      5.2191523274702500e-03
4                                      5.7638507596577335e-03
5                                      8.2832523827301545e-05
6                                      4.7808545749426778e-04
7                                     -1.9449848577607898e-03
8                                      1.5263494275557328e-04
9                                     -1.6062579622446449e-03
10                                    -2.8656044376197121e-03
11                                    -2.8282537528256501e-04
12                                    -3.0312900013692023e-03
13                                     1.5255075420590875e-03
14                                    -1.6040593522900336e-04
15                                     2.3608855250135952e-03
16                                     9.4676431320643833e-04
17                                    -4.0322259826055390e-05
18                                    -1.0808805223122900e-04
19                                    -4.3327493321561050e-03
20                                     2.9267537767708931e-04
21                                    -4.2018956011852238e-04
22                                     5.4970630858725087e-03
23                                    -4.4141784294539181e-05
24                                    -2.5856133734964565e-03
25                                    -2.1219176339137003e-03
26                                    -2.1062225173999662e-04
27                                     2.9891464826158343e-03
28                                    -3.3458940546493843e-03
29                                    -3.0454974938675002e-04
30                                     1.1900668661340763e-02
31                                     1.9296829414965834e-02
32                                     6.1013732319690366e-04
33                                    -3.2714844993519038e-02
34                                    -2.0627716296737132e-02
35                                    -1.2078110363384614e-03
36                                     3.0800420919503944e-02
37                                     1.2129931335387825e-02
38                                     5.5420698724411395e-04
39                                    -4.3969991206710413e-03
40                                    -2.9501220856549826e-03
41                                    -6.9584201977876403e-05
42                                     7.9403748439133004e-04
43                                     1.0043725633443468e-03
44                                     6.5882484165905031e-05
45                                     3.1172770504418412e-02
46                                    -3.0599216091049847e-02
47                                     6.1718769090353311e-04
48                                    -3.8433788296009741e-02
49                                     2.8336601955660623e-02
50                                    -8.0408882853690196e-04
51                                     8.8047832429605233e-04
52                                    -4.2882402535402431e-03
53                                     2.8095764813341876e-04
54                                    -1.2831688151602530e-03
55                                     4.6765016174925428e-03
56                                    -3.0911265218538323e-04
57                                    -2.1205387317373842e-03
58                                    -5.2417186139945560e-04
59                                     1.7217374790643152e-04
60                                     7.3271879797633666e-03
61                                    -1.1817375736462299e-03
62                                     1.8636671145141111e-04
63                                    -8.1579802213281871e-03
64                                    -1.4511832497632049e-03
65                                    -3.0887152161535470e-04
66                                     4.6756878082084702e-04
67                                    -1.0615906435293421e-04
68                                    -4.9810806648842082e-06
69                                     1.3752178357945011e-03
70                                    -5.8567477282284175e-04
71                                    -4.7650037790131217e-04
72                                     1.3112632870263957e-03
73                                    -5.3801763905658717e-04
74                                     5.9690813283691524e-04
75                                     1.8375809122774533e-03
76                                     1.1753934441025016e-04
77                                     1.6501914918284639e-04
78                                    -1.0941100830124950e-03
79                                     4.2282491950157430e-04
80                                    -2.9487157779915785e-07
81                                     2.9433625658545348e-04
82                                    -4.6517056047085115e-04
83                                     8.3982429218825436e-05
84                                    -1.2750804606820598e-03
85                                     4.9062614967378126e-04
86                                    -6.7194464756555744e-06
87                                     1.5039103289158084e-03
88                                    -4.5378954231302393e-04
89                                     3.4029675415343710e-04
90                                     5.8772273646126583e-04
91                                    -1.3535869680241230e-03
92                                     1.3361317096580454e-04
93                                    -1.1843932900364174e-03
94                                    -5.5880262078389364e-04
95                                    -8.4044107934414143e-06
96                                     1.4730112546029323e-03
97                                    -3.9032443859737809e-04
98                                     8.3974643349726417e-05
   &Method [&Type "String"] "SCF"
   &Level [&Type "String"] "Relaxed density"
   &Mult [&Type "Integer"] 1
   &State [&Type "Integer"] 0
   &Irrep [&Type "Integer"] 0
$End
$Geometry
   &GeometryIndex 4
   &NAtoms [&Type "Integer"] 33
   &NCorelessECP [&Type "Integer"] 0
   &NGhostAtoms [&Type "Integer"] 0
   &CartesianCoordinates [&Type "Coordinates", &Dim(33,4), &Units "Bohr"] 
              C     -9.883060188126    2.240757048104    0.135537506104
              C     -7.053252463767    2.524362397245    0.230775609811
              N     -5.674418787858    0.447622410135    0.285881734247
              C     -3.104857656773    0.655424329830    0.370896817025
              C     -1.611305231002   -1.569387605166    0.431082775582
              C      0.968242098560   -1.436051197437    0.513095328765
              C      2.228975959056    0.942158520354    0.541471503731
              C      4.964892411598    1.071279606694    0.622136425918
              C      6.653835784929    3.061766900788    0.666259291344
              C      9.084356710241    2.018632264614    0.740084953821
              C      8.811280707506   -0.578126112216    0.737539845712
              C     10.624217936252   -2.505375668146    0.777678749736
              C     10.435415456822   -5.089844558054    0.746049029360
              C      8.074857943322   -6.411528729577    0.666263614875
              N      6.180164889245   -7.498368275016    0.603483370281
              C     12.607844842898   -6.636216246721    0.795412526343
              N     14.369313342194   -7.932658666962    0.834940776595
              O      6.259984028042   -1.148874771008    0.663996835139
              C      0.809291712017    3.143549049791    0.486165680799
              C     -1.850263573877    3.048129532999    0.402696505647
              C     -3.390122827702    5.241576796030    0.343830207503
              C     -5.957127566967    4.981544868298    0.259681344894
              H    -10.402829195823    0.247731465709    0.130891552525
              H    -10.646536383596    3.136693287254   -1.566383242284
              H    -10.762806672622    3.160311218278    1.767232114752
              H     -2.551180767874   -3.397381561687    0.411608492123
              H      2.067981940575   -3.168432298811    0.558908380394
              H      6.187954615930    5.052162451584    0.651592864139
              H     10.856354767578    3.041034152796    0.790464649724
              H     12.555414355833   -1.769550597329    0.842520353089
              H      1.733267521030    4.980282737652    0.507831624509
              H     -2.519839302798    7.106355789892    0.367188161488
              H     -7.173464007884    6.637343092279    0.214453665297
$End
$SCF_Energy
   &GeometryIndex 4
   &Method [&Type "String"] "SCF"
   &totalEnergy [&Type "ArrayOfDoubles", &Dim (1,1)] "Total energy of each state"
                                                         0

0                                     -9.3173186400587599e+02
   &Mult [&Type "ArrayOfIntegers", &Dim (1,1)] "Multiplicity of each state"
                                                         0

0                                                        1
$End
$DFT_Energy
   &GeometryIndex 4
   &nAlphaEl [&Type "Integer"] 74
   &nBetaEl [&Type "Integer"] 74
   &nTotalEl [&Type "Integer"] 148
   &finalEn [&Type "Double"]      -9.3173186400587599e+02  "No Van der Waals correction"
   &eExchange [&Type "Double"]      -9.9595770530419344e+01
   &eCorr [&Type "Double"]      -5.9551903150209080e+00
   &eXC [&Type "Double"]      -1.0555096084544026e+02
   &eCNL [&Type "Double"]       0.0000000000000000e+00
$End
$Solvation_Details
   &GeometryIndex 4
   &Solvent [&Type "String"] "TETRAHYDROFURAN"
   &Epsilon [&Type "Double"]       7.5650000000000004e+00
   &Refrac [&Type "Double"]       1.4050000000000000e+00
   &RSolv [&Type "Double"]       1.3000000000000000e+00
   &SurfaceType [&Type "String"] "GAUSSIAN VDW"
   &CPCMDielEnergy [&Type "Double"]      -2.8602529000000002e-02
   &NPoints [&Type "Integer"] 3295
   &SurfaceArea [&Type "Double"]       1.2119718089850001e+03
$End
$SCF_Timings
   &GeometryIndex 4
   &TOTAL [&Type "Double"]       5.0576850000000000e+01
   &PREP [&Type "Double"]       2.3496220000000001e+00
   &FOCK [&Type "Double"]       4.1562562999999997e+01
   &DENS [&Type "Double"]       1.3212270000000075e+00
   &ETOT [&Type "Double"]       8.1793099999999175e-01
   &TRAFO [&Type "Double"]       4.7217800000000310e-01
   &DIIS [&Type "Double"]       1.6870429999999965e+00
   &SOSCF [&Type "Double"]       1.4541289999999982e+00
   &XC [&Type "Double"]       4.0372569999999932e+00
   &FOCKSTART [&Type "Double"]       5.1787599999998957e-01
   &SOLV [&Type "Double"]       6.8028579999999952e+00
   &SOLV_INIT [&Type "Double"]       4.7941199999999995e-01
   &INT_PREP [&Type "Double"]       3.0000000013075123e-06
   &INT_BF [&Type "Double"]       1.1940830000000364e+00
   &INT_DENS [&Type "Double"]       8.7670999999996013e-01
   &INT_DENSIO [&Type "Double"]       5.1871552359000081e+04
   &INT_FUNC [&Type "Double"]       1.6226800000000097e-01
   &INT_POT [&Type "Double"]       6.6732600000004005e-01
   &INT_POTIO [&Type "Double"]       4.9236999999938469e-02
   &INT_SUM [&Type "Double"]       9.7799999999370613e-04
   &SPLITRIJ [&Type "Double"]       5.4970079999999957e+00
   &COSX [&Type "Double"]       2.5079012000000017e+01
$End
$Single_Point_Data
   &GeometryIndex 4
   &FinalEnergy [&Type "Double"]      -9.3173186400587599e+02  "Final single point energy"
   &Converged [&Type "Boolean"] true
$End
$SCF_Nuc_Gradient
   &GeometryIndex 4
   &NAtoms [&Type "Integer"] 33
   &gradNorm [&Type "Double"]       3.3987857908227850e-02
   &grad [&Type "ArrayOfDoubles", &Dim (99,1)] 
                                                         0

0                                     -1.2023025724613653e-03
1                                     -4.0151996856104856e-04
2                                      3.5838847868888656e-05
3                                      2.9663484013597308e-03
4                                     -2.5539783697499374e-04
5                                     -1.3529333322080846e-05
6                                     -2.2894280260377931e-03
7                                      1.3335947661111125e-03
8                                     -6.7278045501933861e-05
9                                     -1.2498109174341326e-03
10                                    -1.3534411713607142e-03
11                                    -6.5959798472131712e-05
12                                     2.9914503055925856e-03
13                                     2.1436209221231683e-03
14                                     6.3410028830427484e-05
15                                    -3.0682965497755704e-03
16                                     2.1112499276106731e-03
17                                    -1.9778941264766547e-04
18                                    -3.9259657511950957e-04
19                                    -1.4014559423549539e-04
20                                     9.7228656887941595e-05
21                                     2.9498848178380332e-04
22                                     2.9747505084668224e-03
23                                     5.5631390285176569e-05
24                                    -6.6342059608953674e-05
25                                    -5.2731064163804298e-03
26                                    -1.9690434202079138e-04
27                                    -2.5743376685103680e-03
28                                    -3.7252845955940694e-03
29                                    -2.8037898203115297e-04
30                                     7.9555084443399954e-03
31                                     7.3816119202616045e-03
32                                     4.8275738225337338e-04
33                                    -1.7666561487469173e-02
34                                    -6.9479659087353252e-03
35                                    -5.5357978944842352e-04
36                                     1.8368994761825304e-02
37                                     1.2145565128990343e-03
38                                     3.3772288493281468e-04
39                                    -4.3101086732572624e-03
40                                    -4.2371387150134388e-03
41                                    -1.5865603267677109e-04
42                                     6.4706859086338664e-04
43                                     1.3469865789265678e-03
44                                     5.9240356273023570e-05
45                                    -6.7324476702242952e-03
46                                     2.5411892055889895e-03
47                                    -1.9626978050985705e-04
48                                    -4.8445714398837048e-04
49                                     4.1778815476234410e-05
50                                     5.7504572748695582e-07
51                                    -2.2341315738686751e-03
52                                    -2.2672513664975247e-03
53                                    -1.7455001833922758e-05
54                                    -7.7564056711705576e-04
55                                    -1.2965773877924719e-03
56                                    -1.5032897205192672e-04
57                                    -5.8237796625726368e-06
58                                     1.0501049892618353e-03
59                                     1.1583095207039033e-04
60                                     6.4502038809477469e-05
61                                    -2.3478948815505440e-03
62                                    -4.7700679690240201e-05
63                                     7.0838193829630969e-04
64                                    -2.9391161029640872e-03
65                                     3.9147817595426050e-05
66                                    -2.0664060027067443e-04
67                                    -1.2083956608452406e-03
68                                    -1.6369728087619402e-05
69                                     3.0789642315523502e-05
70                                     3.2422751964952812e-04
71                                    -1.4145983635894810e-03
72                                    -1.0504639863512244e-04
73                                     3.6747830817708549e-04
74                                     1.3949699680038952e-03
75                                    -3.6456078621588395e-04
76                                    -3.4818053850881880e-03
77                                     5.6411289499078273e-05
78                                     1.0360630177725233e-03
79                                    -3.0685188942657649e-03
80                                     1.0597838583560181e-04
81                                    -4.1511756950499135e-04
82                                     3.1499851263908918e-03
83                                     2.3056389679669857e-05
84                                     2.0495460091872197e-03
85                                     2.2998260726134201e-03
86                                     9.1253534769130361e-05
87                                     5.3920193130758687e-03
88                                     2.0449830026422963e-03
89                                     2.8147208438035563e-04
90                                     1.9977903178610423e-03
91                                     2.5891707601574665e-03
92                                     1.2321606820967271e-04
93                                     8.4177740706270487e-04
94                                     3.1944314331329715e-03
95                                     4.4275054019828411e-05
96                                    -1.2015780590974301e-03
97                                     2.8340135072745243e-03
98                                    -3.1217877845889970e-05
   &Method [&Type "String"] "SCF"
   &Level [&Type "String"] "Relaxed density"
   &Mult [&Type "Integer"] 1
   &State [&Type "Integer"] 0
   &Irrep [&Type "Integer"] 0
$End
$Geometry
   &GeometryIndex 5
   &NAtoms [&Type "Integer"] 33
   &NCorelessECP [&Type "Integer"] 0
   &NGhostAtoms [&Type "Integer"] 0
   &CartesianCoordinates [&Type "Coordinates", &Dim(33,4), &Units "Bohr"] 
              C     -9.871099782719    2.222631529918    0.150147594229
              C     -7.045846711192    2.506947143192    0.236803709366
              N     -5.656999645956    0.436541349055    0.282044852759
              C     -3.087727104873    0.653450290419    0.360463234716
              C     -1.595243954670   -1.571686031464    0.410445947507
              C      0.985404666458   -1.438484836995    0.489518575768
              C      2.242860872954    0.941840847324    0.523593499572
              C      4.977672301850    1.069112645759    0.609945258441
              C      6.663552978911    3.066264089487    0.667419634475
              C      9.091014018102    2.021433823821    0.744673149766
              C      8.819970925833   -0.580413581012    0.732810940419
              C     10.654749209811   -2.485362125621    0.780172555111
              C     10.385720736285   -5.071627733686    0.756301711682
              C      8.011359487661   -6.344849722419    0.678324548030
              N      6.101294896881   -7.406486511099    0.616798444495
              C     12.557375132457   -6.647578163936    0.810458466365
              N     14.308321113698   -7.958853585931    0.853710063274
              O      6.272744882238   -1.148535534361    0.649585491322
              C      0.819476074978    3.139793279404    0.474865457670
              C     -1.839249052935    3.044990422326    0.394520650858
              C     -3.388093839543    5.235173545316    0.344502628028
              C     -5.951427281715    4.968349964713    0.267372720826
              H    -10.392286470537    0.232293421936    0.142655423454
              H    -10.646198457722    3.123165630671   -1.541659728062
              H    -10.750746338423    3.138724312037    1.781280691187
              H     -2.543221469903   -3.390644354603    0.385444077674
              H      2.089181569314   -3.163661196386    0.528205766363
              H      6.194902534282    5.051370985698    0.657562441572
              H     10.863604033439    3.034830067194    0.804439460246
              H     12.581879553842   -1.770171414512    0.842683571469
              H      1.734315718320    4.976520609640    0.498469653315
              H     -2.520417187392    7.096640671611    0.369003456517
              H     -7.174261012777    6.615201794697    0.228705100571
$End
$SCF_Energy
   &GeometryIndex 5
   &Method [&Type "String"] "SCF"
   &totalEnergy [&Type "ArrayOfDoubles", &Dim (1,1)] "Total energy of each state"
                                                         0

0                                     -9.3173262261021193e+02
   &Mult [&Type "ArrayOfIntegers", &Dim (1,1)] "Multiplicity of each state"
                                                         0

0                                                        1
$End
$DFT_Energy
   &GeometryIndex 5
   &nAlphaEl [&Type "Integer"] 74
   &nBetaEl [&Type "Integer"] 74
   &nTotalEl [&Type "Integer"] 148
   &finalEn [&Type "Double"]      -9.3173262261021193e+02  "No Van der Waals correction"
   &eExchange [&Type "Double"]      -9.9600834042882980e+01
   &eCorr [&Type "Double"]      -5.9556631458340474e+00
   &eXC [&Type "Double"]      -1.0555649718871703e+02
   &eCNL [&Type "Double"]       0.0000000000000000e+00
$End
$Solvation_Details
   &GeometryIndex 5
   &Solvent [&Type "String"] "TETRAHYDROFURAN"
   &Epsilon [&Type "Double"]       7.5650000000000004e+00
   &Refrac [&Type "Double"]       1.4050000000000000e+00
   &RSolv [&Type "Double"]       1.3000000000000000e+00
   &SurfaceType [&Type "String"] "GAUSSIAN VDW"
   &CPCMDielEnergy [&Type "Double"]      -2.8614265999999999e-02
   &NPoints [&Type "Integer"] 3292
   &SurfaceArea [&Type "Double"]       1.2085004859520000e+03
$End
$SCF_Timings
   &GeometryIndex 5
   &TOTAL [&Type "Double"]       4.2785826000000000e+01
   &PREP [&Type "Double"]       2.2543299999999999e+00
   &FOCK [&Type "Double"]       3.4889271000000001e+01
   &DENS [&Type "Double"]       8.4649400000000696e-01
   &ETOT [&Type "Double"]       7.8375599999999590e-01
   &TRAFO [&Type "Double"]       4.2382000000000275e-01
   &DIIS [&Type "Double"]       1.6067830000000018e+00
   &SOSCF [&Type "Double"]       1.0557350000000021e+00
   &XC [&Type "Double"]       3.4090389999999955e+00
   &FOCKSTART [&Type "Double"]       5.6096199999999019e-01
   &SOLV [&Type "Double"]       5.4056530000000054e+00
   &SOLV_INIT [&Type "Double"]       5.0096799999999986e-01
   &INT_PREP [&Type "Double"]       1.0000000045806701e-06
   &INT_BF [&Type "Double"]       9.9733099999995467e-01
   &INT_DENS [&Type "Double"]       7.4093000000011600e-01
   &INT_DENSIO [&Type "Double"]       3.6403081017000055e+04
   &INT_FUNC [&Type "Double"]       1.3473299999996069e-01
   &INT_POT [&Type "Double"]       5.6828499999999682e-01
   &INT_POTIO [&Type "Double"]       6.2332000000014709e-02
   &INT_SUM [&Type "Double"]       5.8639999999972048e-03
   &SPLITRIJ [&Type "Double"]       4.7604410000000019e+00
   &COSX [&Type "Double"]       2.1532696000000001e+01
$End
$Single_Point_Data
   &GeometryIndex 5
   &FinalEnergy [&Type "Double"]      -9.3173262261021193e+02  "Final single point energy"
   &Converged [&Type "Boolean"] true
$End
$SCF_Nuc_Gradient
   &GeometryIndex 5
   &NAtoms [&Type "Integer"] 33
   &gradNorm [&Type "Double"]       1.2843744132934518e-02
   &grad [&Type "ArrayOfDoubles", &Dim (99,1)] 
                                                         0

0                                     -2.9447572407179101e-04
1                                     -2.5581661601783295e-04
2                                      4.4869110060302784e-05
3                                      4.6909784292079038e-04
4                                     -1.2487141092299564e-03
5                                      2.5625447472726881e-06
6                                     -1.1064077755237184e-03
7                                      1.1936729300452420e-03
8                                     -6.1806213384541561e-05
9                                     -5.2478507947266440e-04
10                                    -2.3234042175196423e-04
11                                     6.3080753671790855e-06
12                                     1.8658424287860131e-03
13                                     8.0514469570784619e-04
14                                     5.6121720294460050e-05
15                                    -1.8372946551974134e-03
16                                     8.9890552238242397e-04
17                                    -9.4559762326254342e-05
18                                    -1.7023320194563957e-04
19                                     9.4145989037201089e-04
20                                    -4.6463438593759461e-06
21                                     4.0573327630786388e-04
22                                     4.1531596508968815e-04
23                                    -6.2906511243872483e-05
24                                     3.5868519694423617e-04
25                                    -2.0885287650494466e-03
26                                    -4.6113422799942596e-05
27                                    -1.8899153990351303e-03
28                                    -1.6215987767258105e-03
29                                    -1.9211128664815141e-04
30                                     4.2459761945401742e-03
31                                     4.1477791985669935e-04
32                                     2.9094263930021843e-04
33                                    -5.6312577392503282e-03
34                                     5.2936713744692991e-04
35                                    -1.6642152333602202e-04
36                                     4.8942141860429389e-03
37                                    -4.3797463921973340e-04
38                                     1.0336671932935967e-04
39                                    -2.1627872892782118e-03
40                                    -2.4324763762907653e-03
41                                    -1.0278255034530670e-04
42                                     5.7412363030695523e-05
43                                     1.0144499403810792e-03
44                                     3.0100109460234198e-05
45                                    -1.3078506144393875e-03
46                                     1.3810489366490875e-03
47                                    -6.2720110658198366e-05
48                                     4.6965427406231441e-05
49                                    -5.7744060821707244e-04
50                                     4.3071409536465932e-06
51                                    -2.5127941030734791e-03
52                                    -8.4348982213766632e-04
53                                    -2.3446184860367349e-05
54                                    -1.6548583876414141e-04
55                                    -1.6163449386137618e-03
56                                    -2.3000793355430413e-05
57                                     5.4387876175396310e-04
58                                     7.5395029122521384e-04
59                                     4.3232572580331925e-05
60                                    -1.4793754393141872e-03
61                                    -9.4288146792294303e-04
62                                    -6.4551138439985535e-05
63                                     1.9869684042245483e-03
64                                    -1.3303004733558749e-03
65                                     5.7989581752007288e-05
66                                    -5.6836228797679800e-05
67                                    -4.0020545685368059e-04
68                                    -7.3388424640338269e-06
69                                    -1.2185342302756252e-04
70                                     1.5990795433901139e-04
71                                    -5.2424568920203529e-04
72                                    -1.6737137121458634e-04
73                                     1.7424762804379990e-04
74                                     4.9383633325950083e-04
75                                    -2.2941346908693372e-04
76                                    -1.9016223960882095e-03
77                                     1.1195092370829603e-05
78                                     5.4831663684319631e-04
79                                    -1.6699745827059298e-03
80                                     5.4388407998018883e-05
81                                    -1.9715581237852997e-05
82                                     1.5896743791934398e-03
83                                     1.5962187099011096e-05
84                                     9.8206933718114620e-04
85                                     1.3423978353510335e-03
86                                     6.7842101009340031e-05
87                                     2.5889730541247269e-03
88                                     1.1834822087946895e-03
89                                     9.8298023231302434e-05
90                                     9.3857806072319971e-04
91                                     1.4331428002664071e-03
92                                     4.8582752355847032e-05
93                                     4.7812851058397221e-04
94                                     1.7524429084352644e-03
95                                     2.6999904008426917e-05
96                                    -7.3298675633307053e-04
97                                     1.6163204966340994e-03
98                                    -2.0254645087177130e-05
   &Method [&Type "String"] "SCF"
   &Level [&Type "String"] "Relaxed density"
   &Mult [&Type "Integer"] 1
   &State [&Type "Integer"] 0
   &Irrep [&Type "Integer"] 0
$End
$Geometry
   &GeometryIndex 6
   &NAtoms [&Type "Integer"] 33
   &NCorelessECP [&Type "Integer"] 0
   &NGhostAtoms [&Type "Integer"] 0
   &CartesianCoordinates [&Type "Coordinates", &Dim(33,4), &Units "Bohr"] 
              C     -9.863617053321    2.210672110843    0.156028618695
              C     -7.041016581999    2.497048015475    0.238967772959
              N     -5.646573493044    0.428029056726    0.280964052540
              C     -3.078736251060    0.652188988136    0.356649792819
              C     -1.584039852278   -1.568748469572    0.402815351110
              C      0.998558073401   -1.431533800870    0.481212936122
              C      2.250549531802    0.950258953034    0.518146997907
              C      4.984927666704    1.080193324517    0.606484320685
              C      6.672377088187    3.077694574445    0.669267214582
              C      9.099251283784    2.027369296988    0.746124316824
              C      8.821366807758   -0.575427846180    0.728079368594
              C     10.656546268757   -2.484552311954    0.778703544448
              C     10.357414805165   -5.068002944382    0.758892890119
              C      7.982306515461   -6.324342310439    0.681265235381
              N      6.071631641421   -7.386141644395    0.620001396222
              C     12.526666485626   -6.657041935956    0.817949611357
              N     14.275675793883   -7.970926828524    0.865249403607
              O      6.278864157064   -1.137018071538    0.641580470950
              C      0.820910286133    3.144648308273    0.471216813054
              C     -1.836679990105    3.043693738070    0.391530621598
              C     -3.388935525738    5.230512328964    0.344380510023
              C     -5.952597273050    4.960153911668    0.269765366280
              H    -10.384283650792    0.221442824054    0.147559644659
              H    -10.642832377368    3.112467781042   -1.531247502361
              H    -10.742175645648    3.124729377383    1.786896543027
              H     -2.532699507088   -3.382049032626    0.375410817959
              H      2.106352165513   -3.148949937525    0.516468436435
              H      6.204154694200    5.058711342126    0.662568458501
              H     10.873668562718    3.029441668825    0.809404292361
              H     12.580718111588   -1.785343189928    0.841625721422
              H      1.726943534301    4.980844368737    0.495157239710
              H     -2.523370664254    7.087851524413    0.368849507320
              H     -7.178743210764    6.599048462367    0.233299284078
$End
$SCF_Energy
   &GeometryIndex 6
   &Method [&Type "String"] "SCF"
   &totalEnergy [&Type "ArrayOfDoubles", &Dim (1,1)] "Total energy of each state"
                                                         0

0                                     -9.3173276106854905e+02
   &Mult [&Type "ArrayOfIntegers", &Dim (1,1)] "Multiplicity of each state"
                                                         0

0                                                        1
$End
$DFT_Energy
   &GeometryIndex 6
   &nAlphaEl [&Type "Integer"] 74
   &nBetaEl [&Type "Integer"] 74
   &nTotalEl [&Type "Integer"] 148
   &finalEn [&Type "Double"]      -9.3173276106854905e+02  "No Van der Waals correction"
   &eExchange [&Type "Double"]      -9.9608305976232103e+01
   &eCorr [&Type "Double"]      -5.9561825911689210e+00
   &eXC [&Type "Double"]      -1.0556448856740103e+02
   &eCNL [&Type "Double"]       0.0000000000000000e+00
$End
$Solvation_Details
   &GeometryIndex 6
   &Solvent [&Type "String"] "TETRAHYDROFURAN"
   &Epsilon [&Type "Double"]       7.5650000000000004e+00
   &Refrac [&Type "Double"]       1.4050000000000000e+00
   &RSolv [&Type "Double"]       1.3000000000000000e+00
   &SurfaceType [&Type "String"] "GAUSSIAN VDW"
   &CPCMDielEnergy [&Type "Double"]      -2.8566837000000001e-02
   &NPoints [&Type "Integer"] 3287
   &SurfaceArea [&Type "Double"]       1.2071629942350000e+03
$End
$SCF_Timings
   &GeometryIndex 6
   &TOTAL [&Type "Double"]       4.6280135999999999e+01
   &PREP [&Type "Double"]       2.1403390000000000e+00
   &FOCK [&Type "Double"]       3.8309939999999997e+01
   &DENS [&Type "Double"]       1.1878829999999994e+00
   &ETOT [&Type "Double"]       7.0636499999999902e-01
   &POP [&Type "Double"]       1.0000000045806701e-06
   &TRAFO [&Type "Double"]       3.7949200000000083e-01
   &DIIS [&Type "Double"]       6.3819099999999818e-01
   &SOSCF [&Type "Double"]       2.0278200000000037e+00
   &XC [&Type "Double"]       3.6272860000000051e+00
   &FOCKSTART [&Type "Double"]       4.3501800000000479e-01
   &SOLV [&Type "Double"]       6.0231350000000026e+00
   &SOLV_INIT [&Type "Double"]       4.9815900000000002e-01
   &INT_BF [&Type "Double"]       1.0739770000000721e+00
   &INT_DENS [&Type "Double"]       7.5148000000007542e-01
   &INT_DENSIO [&Type "Double"]       4.4637369564000066e+04
   &INT_FUNC [&Type "Double"]       1.4839200000001451e-01
   &INT_POT [&Type "Double"]       5.5956999999992174e-01
   &INT_POTIO [&Type "Double"]       4.4168999999960157e-02
   &INT_SUM [&Type "Double"]       2.4300000000057054e-03
   &SPLITRIJ [&Type "Double"]       4.6933290000000074e+00
   &COSX [&Type "Double"]       2.3980404999999990e+01
$End
$Single_Point_Data
   &GeometryIndex 6
   &FinalEnergy [&Type "Double"]      -9.3173276106854905e+02  "Final single point energy"
   &Converged [&Type "Boolean"] true
$End
$SCF_Nuc_Gradient
   &GeometryIndex 6
   &NAtoms [&Type "Integer"] 33
   &gradNorm [&Type "Double"]       3.5405859417653699e-03
   &grad [&Type "ArrayOfDoubles", &Dim (99,1)] 
                                                         0

0                                     -4.0722613371957372e-05
1                                      3.5565515224019253e-05
2                                      2.9073912176974265e-05
3                                     -4.5414171485860799e-04
4                                     -5.2670742654577218e-04
5                                     -1.8110305446913857e-05
6                                      8.8206819360669986e-05
7                                      3.0359458676976203e-04
8                                     -7.7446774540633999e-06
9                                     -8.4448343115633984e-05
10                                     1.4119418954319785e-04
11                                     8.6456661217079733e-06
12                                    -6.6236766336963404e-05
13                                     7.4095516733457822e-06
14                                     6.4878064866520993e-06
15                                    -1.8181555330218369e-05
16                                     1.9993384960356828e-05
17                                    -1.3474535271257738e-05
18                                     3.2747244727097599e-05
19                                     5.1790963868834222e-04
20                                    -8.0956802139212775e-08
21                                     3.3482520314687472e-04
22                                    -5.8985670292249770e-04
23                                     3.0327474807623472e-05
24                                    -1.0299575216787815e-04
25                                     2.8982738557450927e-04
26                                    -5.4408082959002228e-05
27                                    -3.3313080702335185e-04
28                                    -3.8312551119562555e-04
29                                    -4.6422341955495126e-05
30                                     1.4330034148403864e-03
31                                    -8.1099457049387848e-04
32                                     1.3030027558316422e-04
33                                    -2.8012126617296684e-04
34                                     1.2741329549431375e-03
35                                    -3.0841000577088926e-05
36                                    -7.5155492898978937e-05
37                                    -5.4911184039296151e-04
38                                     8.0940553674672781e-06
39                                     1.2174637604239757e-04
40                                    -9.1368626702983957e-04
41                                    -2.8305702958511883e-05
42                                    -3.1551448732092258e-04
43                                     5.9559995436692104e-04
44                                     1.3393943328374180e-05
45                                     4.2753640529469283e-05
46                                     8.1374215553531304e-04
47                                    -1.1828078182786819e-05
48                                     3.3895264933669900e-04
49                                    -7.1120883000808099e-04
50                                     9.0338235737494332e-06
51                                    -1.3906662547359117e-03
52                                     1.4095965076593719e-04
53                                    -6.2386549808507094e-05
54                                    -4.3697084694420407e-05
55                                    -4.8797325593155638e-04
56                                     8.2238299172541877e-06
57                                     3.5355713436618919e-04
58                                     1.6496719072306432e-04
59                                     5.5667840208944649e-06
60                                    -5.4498801746848125e-04
61                                     3.2018974256295407e-05
62                                    -1.6444458811133624e-05
63                                     5.9768151443823081e-04
64                                    -9.2553981290904863e-05
65                                     2.0331299072098852e-05
66                                     6.5107849273535190e-05
67                                     2.8554095280158842e-05
68                                     1.9355027001101638e-06
69                                    -9.1700852526410692e-06
70                                    -1.8765167923859294e-05
71                                     3.1136685983423895e-05
72                                    -1.2715182048761431e-05
73                                    -1.0450481702728442e-05
74                                    -4.1590817237285860e-05
75                                     1.6797307888788415e-04
76                                    -2.3432305042270229e-04
77                                     9.2260939642792653e-06
78                                    -5.5040225659164221e-05
79                                    -1.8784300829594036e-04
80                                     3.6231524654815536e-06
81                                     2.4034337706538983e-04
82                                     1.0451541054695701e-04
83                                    -7.0131341037976691e-06
84                                    -1.0084092073789352e-04
85                                     3.7178553014903526e-04
86                                     2.0039453172556246e-05
87                                     9.0542371712493130e-05
88                                     1.7344087249603068e-04
89                                     4.9276597736958028e-06
90                                     5.4517545276064339e-05
91                                     9.2957483784933403e-05
92                                    -2.1003281311716450e-06
93                                    -4.9332015021497089e-05
94                                     1.7691514044626544e-04
95                                    -8.9650967355142316e-07
96                                     1.5140363104779175e-05
97                                     2.3151642144073059e-04
98                                     1.2800588618391102e-06
   &Method [&Type "String"] "SCF"
   &Level [&Type "String"] "Relaxed density"
   &Mult [&Type "Integer"] 1
   &State [&Type "Integer"] 0
   &Irrep [&Type "Integer"] 0
$End
$Geometry
   &GeometryIndex 7
   &NAtoms [&Type "Integer"] 33
   &NCorelessECP [&Type "Integer"] 0
   &NGhostAtoms [&Type "Integer"] 0
   &CartesianCoordinates [&Type "Coordinates", &Dim(33,4), &Units "Bohr"] 
              C     -9.860982233541    2.207008202232    0.157089391701
              C     -7.038718830362    2.494385088892    0.239337420539
              N     -5.643668415463    0.425117419963    0.280854810098
              C     -3.076179062355    0.651238994694    0.355974447220
              C     -1.580177889469   -1.567932285589    0.401542254525
              C      1.002727643819   -1.428745951642    0.480002339205
              C      2.252597244594    0.953712292237    0.517429043172
              C      4.986886767987    1.085630482001    0.606066734368
              C      6.675275001322    3.082352767989    0.671256729191
              C      9.102501545224    2.030553754835    0.745675632447
              C      8.820862795069   -0.571829704091    0.725629556816
              C     10.653162221494   -2.485720187118    0.777090524567
              C     10.347530658589   -5.067345699721    0.758803397720
              C      7.973327175645   -6.322257176955    0.681601127724
              N      6.066717233669   -7.391539917296    0.620770348643
              C     12.515362897942   -6.658821196334    0.819839826752
              N     14.265971511693   -7.969744341897    0.868861954923
              O      6.281041155180   -1.131654138539    0.639482500302
              C      0.821004489653    3.147187566280    0.470664169744
              C     -1.836317002069    3.043205390348    0.390983829195
              C     -3.388748522213    5.229090613891    0.344099517364
              C     -5.952947806238    4.957855872264    0.269882891419
              H    -10.381741853147    0.217833726177    0.148031370824
              H    -10.640946653349    3.109488124593   -1.529312461674
              H    -10.739098086016    3.120290943594    1.788490738664
              H     -2.529162245510   -3.380040241490    0.373711589238
              H      2.112603600535   -3.143790810314    0.514739617428
              H      6.206088513736    5.062510673513    0.666818410203
              H     10.878793234019    3.027803537125    0.809074392393
              H     12.577995464068   -1.792275631781    0.840094963334
              H      1.724590471483    4.983674734343    0.494691641258
              H     -2.523090906579    7.085361138064    0.368406962817
              H     -7.180677722452    6.594317591930    0.233583376866
$End
$SCF_Energy
   &GeometryIndex 7
   &Method [&Type "String"] "SCF"
   &totalEnergy [&Type "ArrayOfDoubles", &Dim (1,1)] "Total energy of each state"
                                                         0

0                                     -9.3173277171263430e+02
   &Mult [&Type "ArrayOfIntegers", &Dim (1,1)] "Multiplicity of each state"
                                                         0

0                                                        1
$End
$DFT_Energy
   &GeometryIndex 7
   &nAlphaEl [&Type "Integer"] 74
   &nBetaEl [&Type "Integer"] 74
   &nTotalEl [&Type "Integer"] 148
   &finalEn [&Type "Double"]      -9.3173277171263430e+02  "No Van der Waals correction"
   &eExchange [&Type "Double"]      -9.9610508176134260e+01
   &eCorr [&Type "Double"]      -5.9563340253639119e+00
   &eXC [&Type "Double"]      -1.0556684220149818e+02
   &eCNL [&Type "Double"]       0.0000000000000000e+00
$End
$Solvation_Details
   &GeometryIndex 7
   &Solvent [&Type "String"] "TETRAHYDROFURAN"
   &Epsilon [&Type "Double"]       7.5650000000000004e+00
   &Refrac [&Type "Double"]       1.4050000000000000e+00
   &RSolv [&Type "Double"]       1.3000000000000000e+00
   &SurfaceType [&Type "String"] "GAUSSIAN VDW"
   &CPCMDielEnergy [&Type "Double"]      -2.8540921000000000e-02
   &NPoints [&Type "Integer"] 3286
   &SurfaceArea [&Type "Double"]       1.2070462612490001e+03
$End
$SCF_Timings
   &GeometryIndex 7
   &TOTAL [&Type "Double"]       4.0575057999999999e+01
   &PREP [&Type "Double"]       2.3184320000000000e+00
   &FOCK [&Type "Double"]       3.3245448999999994e+01
   &DENS [&Type "Double"]       9.0079400000000476e-01
   &ETOT [&Type "Double"]       7.5271800000000422e-01
   &TRAFO [&Type "Double"]       2.1552600000000410e-01
   &DIIS [&Type "Double"]       3.0752700000000033e-01
   &SOSCF [&Type "Double"]       1.8154029999999990e+00
   &XC [&Type "Double"]       2.9149600000000024e+00
   &FOCKSTART [&Type "Double"]       4.3618500000000271e-01
   &SOLV [&Type "Double"]       4.8718490000000001e+00
   &SOLV_INIT [&Type "Double"]       4.9756499999999981e-01
   &INT_PREP [&Type "Double"]       9.9999999925159955e-07
   &INT_BF [&Type "Double"]       8.8727000000004885e-01
   &INT_DENS [&Type "Double"]       6.1393799999993259e-01
   &INT_DENSIO [&Type "Double"]       3.3021809381000050e+04
   &INT_FUNC [&Type "Double"]       1.2155200000005717e-01
   &INT_POT [&Type "Double"]       4.4522500000003262e-01
   &INT_POTIO [&Type "Double"]       4.7872999999917454e-02
   &INT_SUM [&Type "Double"]       8.9700000000103586e-04
   &SPLITRIJ [&Type "Double"]       4.0384800000000016e+00
   &COSX [&Type "Double"]       2.1804411000000005e+01
$End
$Single_Point_Data
   &GeometryIndex 7
   &FinalEnergy [&Type "Double"]      -9.3173277171263430e+02  "Final single point energy"
   &Converged [&Type "Boolean"] true
$End
$SCF_Nuc_Gradient
   &GeometryIndex 7
   &NAtoms [&Type "Integer"] 33
   &gradNorm [&Type "Double"]       2.2191588832412251e-03
   &grad [&Type "ArrayOfDoubles", &Dim (99,1)] 
                                                         0

0                                      3.9065029703987120e-05
1                                      6.9522942974842988e-05
2                                      1.6838561875748758e-05
3                                     -3.3332311871483999e-04
4                                     -1.3005182367877011e-04
5                                     -4.1121083900036957e-06
6                                      2.2952097341139011e-04
7                                      4.1716842322236936e-06
8                                      4.3220832427453421e-06
9                                      2.2065745735502795e-05
10                                     1.0755585843238991e-04
11                                     2.4892415781208391e-06
12                                    -4.1618785048419538e-04
13                                    -7.5087137333409992e-05
14                                    -6.9453074512935455e-06
15                                     3.1001268197843046e-04
16                                    -1.1386947892399980e-04
17                                     8.5793073921315924e-06
18                                     5.2803002469736793e-05
19                                     1.6122404177206645e-04
20                                    -1.5532521535502677e-06
21                                     2.6671957499067520e-04
22                                    -5.8128967659268338e-04
23                                    -4.3519810193720383e-05
24                                    -1.9858773113523576e-04
25                                     5.4688056009394304e-04
26                                     3.1571387453662239e-05
27                                     1.0495681942865320e-04
28                                    -1.0739659760326814e-04
29                                    -6.5194757764360997e-05
30                                     3.4164499078739863e-04
31                                    -4.7874607974469387e-04
32                                     6.2711522307777774e-05
33                                     3.8737808765393345e-04
34                                     6.1869076182305069e-04
35                                    -7.6365396037472028e-06
36                                    -5.9911192192357160e-04
37                                    -3.4526913813018312e-04
38                                    -5.1029015767098743e-06
39                                     6.1424917942437540e-04
40                                    -5.0911948006318597e-04
41                                    -1.0347280123779168e-05
42                                    -3.0554488688461223e-04
43                                     4.1444731836215443e-04
44                                     1.2756041710249022e-05
45                                     3.1450035944219357e-04
46                                     4.4783178729479456e-04
47                                     4.4261938628546715e-06
48                                    -1.0837672965724465e-06
49                                    -3.3354885342834484e-04
50                                    -1.1686359307275240e-06
51                                    -5.7898736971330467e-04
52                                     3.3293182287946754e-04
53                                     5.3894461018409723e-06
54                                    -5.8758288709881423e-05
55                                    -3.8309142775375116e-05
56                                     7.7038713322094728e-06
57                                     1.6037993269799045e-04
58                                     2.5176990604974803e-06
59                                    -2.2452673680804780e-06
60                                    -1.8789784494155359e-05
61                                     1.3962489119007104e-04
62                                    -1.9976475751143016e-07
63                                    -2.3114417546571397e-05
64                                     1.1732089481894525e-04
65                                     1.3215305066528044e-06
66                                     4.7281266915465137e-05
67                                     4.2401290559629379e-05
68                                     4.6406288279398971e-06
69                                     1.1873645951024359e-05
70                                    -3.0142349738498941e-05
71                                     7.4022647400473485e-05
72                                     1.5407753027524285e-05
73                                    -2.2437944314349090e-05
74                                    -7.8403522111664126e-05
75                                     1.8385782059426869e-04
76                                     1.2822683783372812e-04
77                                     7.3368488226113054e-06
78                                    -1.3747673499707458e-04
79                                     1.2450022380608439e-04
80                                    -5.1680501361073446e-06
81                                     2.0612569087642002e-04
82                                    -1.4872284500611066e-04
83                                    -1.6687261323107723e-06
84                                    -2.3629510991751701e-04
85                                     1.0186383992111248e-04
86                                     7.8169007364237153e-07
87                                    -3.2323035046480375e-04
88                                    -4.1865019217691979e-05
89                                    -4.3937077630583354e-06
90                                    -1.0270209815115006e-04
91                                    -1.5552827934708913e-04
92                                    -6.1108854452250963e-06
93                                    -1.2775638771074516e-04
94                                    -1.5506648429833292e-04
95                                    -6.2468352051369379e-06
96                                     1.5310725628286947e-04
97                                    -9.3262133954580273e-05
98                                     5.1263474477093480e-06
   &Method [&Type "String"] "SCF"
   &Level [&Type "String"] "Relaxed density"
   &Mult [&Type "Integer"] 1
   &State [&Type "Integer"] 0
   &Irrep [&Type "Integer"] 0
$End
$Geometry
   &GeometryIndex 8
   &NAtoms [&Type "Integer"] 33
   &NCorelessECP [&Type "Integer"] 0
   &NGhostAtoms [&Type "Integer"] 0
   &CartesianCoordinates [&Type "Coordinates", &Dim(33,4), &Units "Bohr"] 
              C     -9.859401190410    2.204848016815    0.157306355610
              C     -7.036941434881    2.492986308726    0.239171177150
              N     -5.642187338833    0.423341282659    0.281649514317
              C     -3.074693532221    0.650303061396    0.356666012432
              C     -1.577628829759   -1.567894461954    0.403165128780
              C      1.005120478050   -1.427289912167    0.481757333917
              C      2.253687135557    0.955751163335    0.518362096159
              C      4.987962029936    1.089381836560    0.607017455348
              C      6.677028366315    3.085233336516    0.672873375314
              C      9.104778098731    2.033281916816    0.747068948435
              C      8.820748121701   -0.568581287142    0.723916625525
              C     10.650454523401   -2.486246097005    0.775532092957
              C     10.340272090169   -5.066273568895    0.757240846329
              C      7.966371567345   -6.321375054967    0.679306877851
              N      6.065666537806   -7.401063945962    0.618002350680
              C     12.506632120530   -6.659551263991    0.819612739158
              N     14.260067032772   -7.966136090666    0.869863241790
              O      6.283143799080   -1.128164917595    0.637776265544
              C      0.821255774350    3.148883641836    0.470490233527
              C     -1.836122709371    3.042872428041    0.390689653857
              C     -3.388335441786    5.228417688145    0.342624332715
              C     -5.952865093089    4.956691333680    0.268442946546
              H    -10.380478911388    0.215650382915    0.148163470369
              H    -10.639773423230    3.107593201389   -1.528911838737
              H    -10.737215560262    3.117900650711    1.789188610607
              H     -2.527445839080   -3.379653191155    0.375995054954
              H      2.116837304034   -3.141151404783    0.517273106240
              H      6.205895433991    5.065107345331    0.669918795017
              H     10.883061691030    3.026958058698    0.811128903499
              H     12.576959722031   -1.797066133933    0.839135376947
              H      1.723877801511    4.985910673351    0.493636652748
              H     -2.521965690042    7.084403879264    0.365998858064
              H     -7.182182237029    6.591852756228    0.231206455340
$End
$SCF_Energy
   &GeometryIndex 8
   &Method [&Type "String"] "SCF"
   &totalEnergy [&Type "ArrayOfDoubles", &Dim (1,1)] "Total energy of each state"
                                                         0

0                                     -9.3173277930633844e+02
   &Mult [&Type "ArrayOfIntegers", &Dim (1,1)] "Multiplicity of each state"
                                                         0

0                                                        1
$End
$DFT_Energy
   &GeometryIndex 8
   &nAlphaEl [&Type "Integer"] 74
   &nBetaEl [&Type "Integer"] 74
   &nTotalEl [&Type "Integer"] 148
   &finalEn [&Type "Double"]      -9.3173277930633844e+02  "No Van der Waals correction"
   &eExchange [&Type "Double"]      -9.9610941961492699e+01
   &eCorr [&Type "Double"]      -5.9563676176228224e+00
   &eXC [&Type "Double"]      -1.0556730957911552e+02
   &eCNL [&Type "Double"]       0.0000000000000000e+00
$End
$Solvation_Details
   &GeometryIndex 8
   &Solvent [&Type "String"] "TETRAHYDROFURAN"
   &Epsilon [&Type "Double"]       7.5650000000000004e+00
   &Refrac [&Type "Double"]       1.4050000000000000e+00
   &RSolv [&Type "Double"]       1.3000000000000000e+00
   &SurfaceType [&Type "String"] "GAUSSIAN VDW"
   &CPCMDielEnergy [&Type "Double"]      -2.8522175000000000e-02
   &NPoints [&Type "Integer"] 3288
   &SurfaceArea [&Type "Double"]       1.2071054976440000e+03
$End
$SCF_Timings
   &GeometryIndex 8
   &TOTAL [&Type "Double"]       3.9749930999999997e+01
   &PREP [&Type "Double"]       2.1531819999999997e+00
   &FOCK [&Type "Double"]       3.2871802000000002e+01
   &DENS [&Type "Double"]       9.5863100000000401e-01
   &ETOT [&Type "Double"]       6.1357300000000325e-01
   &TRAFO [&Type "Double"]       1.9010699999999758e-01
   &DIIS [&Type "Double"]       3.0420499999999961e-01
   &SOSCF [&Type "Double"]       1.6347299999999985e+00
   &XC [&Type "Double"]       2.9887069999999989e+00
   &FOCKSTART [&Type "Double"]       3.6105500000000301e-01
   &SOLV [&Type "Double"]       4.8025790000000015e+00
   &SOLV_INIT [&Type "Double"]       5.1689700000000016e-01
   &INT_PREP [&Type "Double"]       9.9999999925159955e-07
   &INT_BF [&Type "Double"]       9.0231100000005959e-01
   &INT_DENS [&Type "Double"]       6.5870399999993801e-01
   &INT_DENSIO [&Type "Double"]       3.2271024541000035e+04
   &INT_FUNC [&Type "Double"]       1.2156599999997297e-01
   &INT_POT [&Type "Double"]       4.5614000000000843e-01
   &INT_POTIO [&Type "Double"]       2.6181000000002008e-02
   &INT_SUM [&Type "Double"]       9.4199999999577955e-04
   &SPLITRIJ [&Type "Double"]       4.1257939999999973e+00
   &COSX [&Type "Double"]       2.1305582000000008e+01
$End
$Single_Point_Data
   &GeometryIndex 8
   &FinalEnergy [&Type "Double"]      -9.3173277930633844e+02  "Final single point energy"
   &Converged [&Type "Boolean"] true
$End
$SCF_Nuc_Gradient
   &GeometryIndex 8
   &NAtoms [&Type "Integer"] 33
   &gradNorm [&Type "Double"]       1.5343175240139300e-03
   &grad [&Type "ArrayOfDoubles", &Dim (99,1)] 
                                                         0

0                                      6.6124270247477912e-05
1                                      2.4256022812359918e-05
2                                      7.9169502694173641e-06
3                                     -4.6191355047742189e-05
4                                      1.2329491690143968e-04
5                                      3.0019300505152065e-06
6                                      1.2102176538479614e-04
7                                     -1.2795706034385290e-04
8                                      5.1439984423517875e-06
9                                      6.1447672759173955e-05
10                                     8.7616415897218136e-06
11                                     8.5826265927438708e-07
12                                    -3.0286586316534414e-04
13                                    -2.3316235254464135e-05
14                                    -8.8884258908970663e-06
15                                     2.4135698520046101e-04
16                                    -7.7680212042573280e-05
17                                     6.7471711033694100e-06
18                                     1.1188528581139445e-05
19                                    -9.7365899974131975e-05
20                                     2.4393884583162086e-07
21                                     1.0735158378990389e-04
22                                    -3.0700935198155199e-04
23                                     6.2382053211918528e-05
24                                    -1.4166107396622329e-04
25                                     3.1307983273662354e-04
26                                    -6.0843849163551202e-05
27                                     2.3605078894911591e-04
28                                     3.1726811818441614e-05
29                                     6.1768081779873911e-05
30                                    -3.7990454284658748e-04
31                                    -7.8837192119171270e-05
32                                    -5.5277140734546256e-05
33                                     3.5668455682136280e-04
34                                    -4.3565191123534283e-05
35                                    -4.5137036573262429e-06
36                                    -5.4249844251362533e-04
37                                    -3.5117159661843950e-05
38                                    -1.1164599471374589e-06
39                                     5.9344760826873788e-04
40                                    -2.8280497743388144e-04
41                                    -9.5461099000101329e-06
42                                    -1.9952099037023885e-04
43                                     2.3642802872236857e-04
44                                     1.4952986567444426e-05
45                                     3.2875901829210186e-04
46                                     1.6957231806635775e-04
47                                     1.5263145787569252e-05
48                                    -1.9507125352624666e-04
49                                    -3.1180648112361098e-05
50                                    -7.8459101144102983e-06
51                                     1.4668649811962198e-04
52                                     2.9177246563277803e-04
53                                    -2.3189685331376567e-06
54                                    -3.9059919354204886e-05
55                                     1.6963013967832841e-04
56                                     1.3896066456769128e-06
57                                    -2.2149203967147812e-05
58                                    -6.0163031547891266e-05
59                                    -4.7543376264272928e-06
60                                     2.2889464390243863e-04
61                                     6.5152449751845753e-05
62                                     6.9883393522844270e-06
63                                    -2.8453195462344039e-04
64                                     1.0060999180608321e-04
65                                    -4.1701403605516954e-06
66                                     3.2100133602122605e-06
67                                     1.2336291988379600e-05
68                                     5.8292782694820567e-06
69                                     5.5115802515409706e-06
70                                    -1.4432326021496245e-05
71                                     3.5241465569130215e-05
72                                     8.1417461065269592e-06
73                                    -5.8103830196942763e-06
74                                    -3.4537438405396470e-05
75                                     7.1759807061796965e-05
76                                     1.6540010578047770e-04
77                                     4.9693716044000961e-06
78                                    -7.6937062271742462e-05
79                                     1.5030935025509007e-04
80                                    -5.1473397603388378e-06
81                                     8.7322403865705556e-05
82                                    -1.2546292783455204e-04
83                                    -1.5052095054219315e-05
84                                    -1.3707811793578495e-04
85                                    -3.1963023579162364e-05
86                                    -6.2236713042583547e-06
87                                    -2.4942493785934383e-04
88                                    -7.5901096229173681e-05
89                                    -4.1471575748389458e-06
90                                    -9.0847988834713567e-05
91                                    -1.3274726528603176e-04
92                                    -5.0701738880608825e-06
93                                    -7.4680975805513361e-05
94                                    -1.6453048455725150e-04
95                                    -6.5771578090833074e-06
96                                     1.0746419532223217e-04
97                                    -1.4648591493568452e-04
98                                     3.3334974585652838e-06
   &Method [&Type "String"] "SCF"
   &Level [&Type "String"] "Relaxed density"
   &Mult [&Type "Integer"] 1
   &State [&Type "Integer"] 0
   &Irrep [&Type "Integer"] 0
$End
$Geometry
   &GeometryIndex 9
   &NAtoms [&Type "Integer"] 33
   &NCorelessECP [&Type "Integer"] 0
   &NGhostAtoms [&Type "Integer"] 0
   &CartesianCoordinates [&Type "Coordinates", &Dim(33,4), &Units "Bohr"] 
              C     -9.859301980749    2.204645940220    0.157080181921
              C     -7.036557040312    2.492972722387    0.238867747602
              N     -5.642159497665    0.423226415666    0.282104386180
              C     -3.074514288547    0.650062494732    0.357181520687
              C     -1.577115792330   -1.568158323186    0.404507876649
              C      1.005368076039   -1.427252110416    0.483049265859
              C      2.253775450147    0.955999240032    0.518787386942
              C      4.988037739619    1.090122018137    0.607369002925
              C      6.677147836540    3.085558697868    0.675220923094
              C      9.105274920531    2.034231295478    0.746771926266
              C      8.821098256166   -0.567438742044    0.723545550255
              C     10.650113961977   -2.485951324073    0.774924970606
              C     10.338365344421   -5.065466498549    0.756523731484
              C      7.964049431142   -6.320948810708    0.678571468089
              N      6.067416370674   -7.407676837550    0.617316875368
              C     12.503844128300   -6.659805273486    0.818730428232
              N     14.259352914868   -7.963604040200    0.868948944322
              O      6.283970945371   -1.127760932158    0.637511988750
              C      0.821469221524    3.149180626413    0.470260081837
              C     -1.836089323648    3.042907998492    0.390473830715
              C     -3.388179859078    5.228565784480    0.341564565800
              C     -5.952668276159    4.956752972898    0.267313964628
              H    -10.380496297216    0.215422250658    0.147490175057
              H    -10.639820133783    3.107848071352   -1.528953624580
              H    -10.736967992966    3.117218741926    1.789459398225
              H     -2.527520401879   -3.380052253345    0.377975475501
              H      2.117708896290   -3.141103195925    0.519324764946
              H      6.204552110344    5.065434572251    0.674255048486
              H     10.884403549269    3.026969441885    0.810366592699
              H     12.577668468986   -1.797999121916    0.838203142620
              H      1.724322313964    4.986465262226    0.492750737786
              H     -2.521309521755    7.084730385817    0.364372729471
              H     -7.182657133127    6.591824162835    0.229397990567
$End
$SCF_Energy
   &GeometryIndex 9
   &Method [&Type "String"] "SCF"
   &totalEnergy [&Type "ArrayOfDoubles", &Dim (1,1)] "Total energy of each state"
                                                         0

0                                     -9.3173278611610556e+02
   &Mult [&Type "ArrayOfIntegers", &Dim (1,1)] "Multiplicity of each state"
                                                         0

0                                                        1
$End
$DFT_Energy
   &GeometryIndex 9
   &nAlphaEl [&Type "Integer"] 74
   &nBetaEl [&Type "Integer"] 74
   &nTotalEl [&Type "Integer"] 148
   &finalEn [&Type "Double"]      -9.3173278611610556e+02  "No Van der Waals correction"
   &eExchange [&Type "Double"]      -9.9610328450864444e+01
   &eCorr [&Type "Double"]      -5.9563265388532765e+00
   &eXC [&Type "Double"]      -1.0556665498971772e+02
   &eCNL [&Type "Double"]       0.0000000000000000e+00
$End
$Solvation_Details
   &GeometryIndex 9
   &Solvent [&Type "String"] "TETRAHYDROFURAN"
   &Epsilon [&Type "Double"]       7.5650000000000004e+00
   &Refrac [&Type "Double"]       1.4050000000000000e+00
   &RSolv [&Type "Double"]       1.3000000000000000e+00
   &SurfaceType [&Type "String"] "GAUSSIAN VDW"
   &CPCMDielEnergy [&Type "Double"]      -2.8520938999999999e-02
   &NPoints [&Type "Integer"] 3285
   &SurfaceArea [&Type "Double"]       1.2072389267250001e+03
$End
$SCF_Timings
   &GeometryIndex 9
   &TOTAL [&Type "Double"]       3.3341527000000006e+01
   &PREP [&Type "Double"]       2.2336620000000003e+00
   &FOCK [&Type "Double"]       2.7364384000000001e+01
   &DENS [&Type "Double"]       6.1365399999999681e-01
   &ETOT [&Type "Double"]       5.6978999999999935e-01
   &TRAFO [&Type "Double"]       1.8397999999999826e-01
   &DIIS [&Type "Double"]       2.0499099999999970e-01
   &SOSCF [&Type "Double"]       1.1632680000000049e+00
   &XC [&Type "Double"]       2.3741170000000009e+00
   &FOCKSTART [&Type "Double"]       3.6016799999999849e-01
   &SOLV [&Type "Double"]       3.8441129999999983e+00
   &SOLV_INIT [&Type "Double"]       4.8379299999999992e-01
   &INT_PREP [&Type "Double"]       1.0000000010279564e-06
   &INT_BF [&Type "Double"]       6.7753300000010164e-01
   &INT_DENS [&Type "Double"]       4.9621700000000413e-01
   &INT_DENSIO [&Type "Double"]       2.0850482331000010e+04
   &INT_FUNC [&Type "Double"]       9.4407999999987169e-02
   &INT_POT [&Type "Double"]       3.7199199999996413e-01
   &INT_POTIO [&Type "Double"]       2.7944000000003300e-02
   &INT_SUM [&Type "Double"]       7.6399999999843260e-04
   &SPLITRIJ [&Type "Double"]       3.1252319999999973e+00
   &COSX [&Type "Double"]       1.8992645000000003e+01
$End
$Single_Point_Data
   &GeometryIndex 9
   &FinalEnergy [&Type "Double"]      -9.3173278611610556e+02  "Final single point energy"
   &Converged [&Type "Boolean"] true
$End
$SCF_Nuc_Gradient
   &GeometryIndex 9
   &NAtoms [&Type "Integer"] 33
   &gradNorm [&Type "Double"]       9.7643800661914050e-04
   &grad [&Type "ArrayOfDoubles", &Dim (99,1)] 
                                                         0

0                                      3.7790899027632940e-05
1                                     -1.6416324107738911e-05
2                                      5.8846393119059860e-06
3                                      9.6972387435168006e-05
4                                      1.3743910831810757e-04
5                                      8.9382645527993736e-06
6                                     -1.1229096588433185e-05
7                                     -9.4929551204714357e-05
8                                      6.7962474139138945e-07
9                                      4.4453745315101156e-05
10                                    -4.1316719959078041e-05
11                                    -5.6554062271077510e-07
12                                    -5.2890540142722098e-05
13                                     1.7641993772896103e-05
14                                     8.5153889957129830e-07
15                                     5.0251019319588752e-05
16                                    -4.8320965667053399e-06
17                                     2.6471348411412268e-06
18                                    -2.0154003901588780e-05
19                                    -1.2642398597652316e-04
20                                    -5.6642745638322330e-06
21                                    -1.5104414240563885e-05
22                                    -4.0170456761308426e-05
23                                    -6.7871170633278070e-05
24                                    -4.7696607679476033e-05
25                                     2.3772706337105154e-05
26                                     7.4403405697363737e-05
27                                     1.5359419368340954e-04
28                                     6.3033388146130354e-05
29                                    -6.6386658327381200e-05
30                                    -4.4829390596089203e-04
31                                     7.3321074718641320e-05
32                                     4.9066452638742847e-06
33                                     1.3412062012158055e-04
34                                    -2.2234653254945766e-04
35                                     1.4526840032546944e-05
36                                    -2.9504950599945623e-04
37                                     1.2493773819629433e-04
38                                     3.2447862453300301e-06
39                                     3.0485728345913676e-04
40                                    -2.1646223812976650e-04
41                                    -1.9894663118979333e-05
42                                    -8.8358176168812363e-05
43                                     1.3481158546402305e-04
44                                     1.7180066496688684e-05
45                                     1.9064716620909028e-04
46                                     6.6308868957976053e-05
47                                     1.0075530786081768e-05
48                                    -1.4252039517947956e-04
49                                     3.4431758477226904e-05
50                                    -5.6350787544685865e-06
51                                     3.3523725390739723e-04
52                                     1.2076081066442201e-04
53                                     3.1984851794021260e-05
54                                    -1.3824718016891557e-07
55                                     1.3047812315492013e-04
56                                     6.6703988450475538e-06
57                                    -7.6081106335015858e-05
58                                    -3.8099035141389570e-05
59                                    -6.1854105823668480e-06
60                                     1.6247230059864004e-04
61                                    -1.4256368542936437e-05
62                                     2.8402725509133094e-06
63                                    -1.8845501149108990e-04
64                                     1.8204732820402414e-05
65                                    -2.2412771226911626e-06
66                                    -1.9089645383545129e-05
67                                    -6.4593323413075776e-06
68                                     5.5151553052336160e-06
69                                    -5.7157481811592747e-06
70                                    -2.8765725547386101e-06
71                                    -2.2801808056138739e-06
72                                    -4.2091924979670292e-06
73                                     5.2170989135458257e-06
74                                     2.4076041692522310e-06
75                                    -1.9402806071794343e-05
76                                     5.9044887640719024e-05
77                                     1.6931752334541431e-06
78                                     2.8719894717144090e-06
79                                     5.1875266414536103e-05
80                                     1.1298212758458284e-07
81                                    -1.4998339196992116e-07
82                                    -2.3590521280592025e-05
83                                     2.9027602831793156e-06
84                                    -1.0781125237557809e-05
85                                    -4.4332708854608049e-05
86                                    -1.4908002170659594e-05
87                                    -5.0010364673613861e-05
88                                    -2.8319853644487303e-05
89                                    -2.8398433365587131e-06
90                                    -2.6233675675974011e-05
91                                    -2.8526073568874155e-05
92                                     3.3153560247372975e-07
93                                    -4.9191208035676004e-06
94                                    -5.1038200555408864e-05
95                                    -3.7715855260413503e-06
96                                     1.3213810172857388e-05
97                                    -6.0882585845994930e-05
98                                     4.4647064175538779e-07
   &Method [&Type "String"] "SCF"
   &Level [&Type "String"] "Relaxed density"
   &Mult [&Type "Integer"] 1
   &State [&Type "Integer"] 0
   &Irrep [&Type "Integer"] 0
$End
$Geometry
   &GeometryIndex 10
   &NAtoms [&Type "Integer"] 33
   &NCorelessECP [&Type "Integer"] 0
   &NGhostAtoms [&Type "Integer"] 0
   &CartesianCoordinates [&Type "Coordinates", &Dim(33,4), &Units "Bohr"] 
              C     -9.859588551231    2.204902299551    0.156591557957
              C     -7.036711326033    2.493251697805    0.238357017689
              N     -5.642442556979    0.423622878910    0.283555907299
              C     -3.074716133138    0.650215160500    0.358770307237
              C     -1.577363015269   -1.568279548072    0.408161188354
              C      1.004953064130   -1.427494180037    0.486734377713
              C      2.253606921056    0.955786493375    0.520470881422
              C      4.987840811389    1.089840573462    0.609069435684
              C      6.676850180595    3.085175300162    0.676356836537
              C      9.104991197548    2.034377736720    0.749750673645
              C      8.821574922076   -0.567268352398    0.724354707084
              C     10.650714995085   -2.485465145875    0.774511440470
              C     10.338571436739   -5.064954800163    0.754353862707
              C      7.963623979315   -6.320236726655    0.675424157161
              N      6.069528579078   -7.411278422053    0.613358673115
              C     12.503308831567   -6.660254248968    0.815524707631
              N     14.259984222223   -7.962644359909    0.864964089403
              O      6.284104770273   -1.128314659144    0.638074286566
              C      0.821622849845    3.149031383573    0.469883866929
              C     -1.836055139291    3.043104670291    0.390101309351
              C     -3.388153486277    5.228900527953    0.339132732193
              C     -5.952482783408    4.957065573472    0.264806320001
              H    -10.380666855456    0.215642114781    0.147523444747
              H    -10.640093925635    3.107645573126   -1.529718797166
              H    -10.737237398856    3.117787947727    1.788845135732
              H     -2.528012029365   -3.380335973153    0.383204681040
              H      2.117237279735   -3.141607755413    0.524716344805
              H      6.203522488362    5.065061031343    0.675372890588
              H     10.884187596462    3.027273930717    0.814403328028
              H     12.578633280186   -1.797578826023    0.838222507612
              H      1.724924966670    4.986339550870    0.490634759858
              H     -2.521112490338    7.085265807129    0.360447103822
              H     -7.182564284101    6.592344378592    0.225309313775
$End
$SCF_Energy
   &GeometryIndex 10
   &Method [&Type "String"] "SCF"
   &totalEnergy [&Type "ArrayOfDoubles", &Dim (1,1)] "Total energy of each state"
                                                         0

0                                     -9.3173279249779750e+02
   &Mult [&Type "ArrayOfIntegers", &Dim (1,1)] "Multiplicity of each state"
                                                         0

0                                                        1
$End
$DFT_Energy
   &GeometryIndex 10
   &nAlphaEl [&Type "Integer"] 74
   &nBetaEl [&Type "Integer"] 74
   &nTotalEl [&Type "Integer"] 148
   &finalEn [&Type "Double"]      -9.3173279249779750e+02  "No Van der Waals correction"
   &eExchange [&Type "Double"]      -9.9609780735472441e+01
   &eCorr [&Type "Double"]      -5.9562878758588607e+00
   &eXC [&Type "Double"]      -1.0556606861133130e+02
   &eCNL [&Type "Double"]       0.0000000000000000e+00
$End
$Solvation_Details
   &GeometryIndex 10
   &Solvent [&Type "String"] "TETRAHYDROFURAN"
   &Epsilon [&Type "Double"]       7.5650000000000004e+00
   &Refrac [&Type "Double"]       1.4050000000000000e+00
   &RSolv [&Type "Double"]       1.3000000000000000e+00
   &SurfaceType [&Type "String"] "GAUSSIAN VDW"
   &CPCMDielEnergy [&Type "Double"]      -2.8526517000000001e-02
   &NPoints [&Type "Integer"] 3286
   &SurfaceArea [&Type "Double"]       1.2072762272590001e+03
$End
$SCF_Timings
   &GeometryIndex 10
   &TOTAL [&Type "Double"]       3.3147465999999994e+01
   &PREP [&Type "Double"]       2.2115250000000000e+00
   &FOCK [&Type "Double"]       2.7176810000000000e+01
   &DENS [&Type "Double"]       5.8499300000000076e-01
   &ETOT [&Type "Double"]       5.5542100000000350e-01
   &TRAFO [&Type "Double"]       1.8818899999999417e-01
   &DIIS [&Type "Double"]       2.3223599999999944e-01
   &SOSCF [&Type "Double"]       1.2292199999999980e+00
   &XC [&Type "Double"]       2.3131849999999972e+00
   &FOCKSTART [&Type "Double"]       3.5909800000000347e-01
   &SOLV [&Type "Double"]       3.6950529999999997e+00
   &SOLV_INIT [&Type "Double"]       4.9821799999999983e-01
   &INT_PREP [&Type "Double"]       2.0000000002795559e-06
   &INT_BF [&Type "Double"]       6.8944700000005454e-01
   &INT_DENS [&Type "Double"]       5.0060699999990543e-01
   &INT_DENSIO [&Type "Double"]       2.1045262295000015e+04
   &INT_FUNC [&Type "Double"]       9.4865000000031507e-02
   &INT_POT [&Type "Double"]       3.7893199999996430e-01
   &INT_POTIO [&Type "Double"]       4.3815000000005710e-02
   &INT_SUM [&Type "Double"]       6.3599999999741641e-04
   &SPLITRIJ [&Type "Double"]       3.1255080000000008e+00
   &COSX [&Type "Double"]       1.8800298000000005e+01
$End
$Single_Point_Data
   &GeometryIndex 10
   &FinalEnergy [&Type "Double"]      -9.3173279249779750e+02  "Final single point energy"
   &Converged [&Type "Boolean"] true
$End
$SCF_Nuc_Gradient
   &GeometryIndex 10
   &NAtoms [&Type "Integer"] 33
   &gradNorm [&Type "Double"]       6.0956963354310677e-04
   &grad [&Type "ArrayOfDoubles", &Dim (99,1)] 
                                                         0

0                                      2.6571100508604450e-06
1                                     -2.9288471895840690e-05
2                                      5.8896190535829424e-06
3                                      1.0935300677794579e-04
4                                      6.4602692194479228e-05
5                                      7.4381620739638610e-06
6                                     -6.8862347293544013e-05
7                                     -2.3381672534517062e-05
8                                     -5.0594188506095442e-06
9                                      9.7030202613757055e-06
10                                    -4.2033460890683605e-05
11                                     2.1067027288958901e-06
12                                     1.0487408526267672e-04
13                                     1.8276672950914841e-05
14                                     6.4493491621817577e-06
15                                    -7.0072285382055677e-05
16                                     3.0332955635497053e-05
17                                    -8.8034892522998506e-06
18                                    -2.6485341452862216e-05
19                                    -6.7286969440916167e-05
20                                    -3.3491509086863019e-06
21                                    -8.0673662900709875e-05
22                                     1.2205220117802312e-04
23                                     6.3782134172875359e-05
24                                     2.8836855727409905e-05
25                                    -1.2531350474329073e-04
26                                    -7.6993794300236288e-05
27                                     3.2634090603111954e-05
28                                     6.0958322515236585e-05
29                                     8.8047273803702752e-05
30                                    -2.4799167945432909e-04
31                                     8.1209547380366350e-05
32                                    -7.7974459342692540e-05
33                                    -1.3888186439547923e-05
34                                    -1.5882242193176327e-04
35                                    -1.9241307853750875e-06
36                                    -7.7922283884014620e-05
37                                     1.5659178751615752e-04
38                                     1.5170401267313328e-05
39                                     5.2018574759282732e-05
40                                    -1.5824447950527065e-04
41                                    -2.6465574533078920e-05
42                                    -1.4817138959455356e-05
43                                     6.8295759565129011e-05
44                                     1.8020457965166325e-05
45                                     4.8157505446844162e-05
46                                     1.9470473171467884e-05
47                                     8.2440296124870749e-06
48                                    -3.5537573187527371e-05
49                                     1.9928482126063685e-05
50                                    -3.0594562579269735e-06
51                                     2.4982069184636968e-04
52                                    -3.4146769294085555e-05
53                                     5.6704600758464979e-06
54                                     3.1355488264633857e-05
55                                     3.8031994445936190e-05
56                                    -1.4999186439463609e-06
57                                    -6.4814136601157313e-05
58                                    -8.1304600076104183e-06
59                                    -4.9157905794442250e-07
60                                     2.8996898698577245e-05
61                                    -3.8880727479220778e-05
62                                     1.9917490362390822e-07
63                                    -3.0042676307601157e-05
64                                    -2.7727433095037224e-05
65                                     2.2991002805493668e-06
66                                    -1.9239099613224675e-05
67                                    -7.7066119815172307e-06
68                                     5.6224158261524229e-06
69                                    -6.9566717618707585e-06
70                                    -2.2958025309993690e-06
71                                    -1.3733319672165623e-05
72                                    -7.2367632926728653e-06
73                                     5.0282552717106910e-06
74                                     1.3681895373041097e-05
75                                    -5.4086062754227227e-05
76                                    -1.9452313229390006e-05
77                                     2.3009097547470152e-06
78                                     3.9254860376869427e-05
79                                    -1.9459199092575208e-05
80                                     3.1455590627873543e-06
81                                    -4.0263379684546408e-05
82                                     3.3764298717736674e-05
83                                    -1.3557897833507105e-05
84                                     5.0758014309010280e-05
85                                    -2.9328139898754380e-05
86                                    -6.7139613811051380e-06
87                                     6.5269320068811476e-05
88                                     7.0110862831276877e-06
89                                    -3.8370918447501456e-06
90                                     1.4869134540948514e-05
91                                     3.1213053855394524e-05
92                                    -7.7146595245272502e-07
93                                     3.0426293468180377e-05
94                                     2.6651360929608181e-05
95                                    -1.9486615508196477e-06
96                                    -4.0095676942367153e-05
97                                     8.0794840440212568e-06
98                                    -1.8842770754283131e-06
   &Method [&Type "String"] "SCF"
   &Level [&Type "String"] "Relaxed density"
   &Mult [&Type "Integer"] 1
   &State [&Type "Integer"] 0
   &Irrep [&Type "Integer"] 0
$End
$Geometry
   &GeometryIndex 11
   &NAtoms [&Type "Integer"] 33
   &NCorelessECP [&Type "Integer"] 0
   &NGhostAtoms [&Type "Integer"] 0
   &CartesianCoordinates [&Type "Coordinates", &Dim(33,4), &Units "Bohr"] 
              C     -9.859868723288    2.205177010242    0.156563020199
              C     -7.037017291316    2.493478113141    0.238142568375
              N     -5.642633319411    0.424005583455    0.284040578478
              C     -3.074919244441    0.650498359856    0.359191007180
              C     -1.577729334526   -1.568189189837    0.409335135211
              C      1.004585759939   -1.427624971962    0.487872718850
              C      2.253484508649    0.955591512491    0.520760445193
              C      4.987701283663    1.089374659132    0.609352096049
              C      6.676526793557    3.084791797813    0.677774087795
              C      9.104631022957    2.034147603731    0.749932837734
              C      8.821839956193   -0.567560290247    0.724985826859
              C     10.651298995617   -2.485209927636    0.774682626314
              C     10.339420474028   -5.064879876494    0.753811477885
              C      7.964108705418   -6.319778323363    0.674609604370
              N      6.070905028154   -7.412361760937    0.612286842513
              C     12.503789832555   -6.660644993661    0.814340579276
              N     14.260740452414   -7.962770514324    0.863283074362
              O      6.283855428699   -1.128862938382    0.638264323591
              C      0.821643874191    3.148849859445    0.469460222840
              C     -1.836036371389    3.043295088499    0.389729327966
              C     -3.388232448504    5.229131393029    0.338026638465
              C     -5.952462352047    4.957295288817    0.263782110961
              H    -10.380726353301    0.215875440383    0.147248198898
              H    -10.640531809079    3.108133564731   -1.529524231732
              H    -10.737367392111    3.117718675565    1.789062344282
              H     -2.528273643071   -3.380309594497    0.385028797086
              H      2.116552922365   -3.141936484793    0.526487581618
              H      6.203158578910    5.064648437212    0.677699136965
              H     10.883548492672    3.027561104110    0.814582384830
              H     12.579065697997   -1.796916291813    0.838444377027
              H      1.725169051573    4.986062794076    0.489495610708
              H     -2.521314886839    7.085570667956    0.358753959489
              H     -7.182331293270    6.592759836458    0.223763739354
$End
$SCF_Mulliken_Population_Analysis
   &GeometryIndex 11
   &NAtoms [&Type "Integer"] 33
   &ATNO [&Type "ArrayOfIntegers", &Dim (33,1)] 
                                                         0

0                                                        6
1                                                        6
2                                                        7
3                                                        6
4                                                        6
5                                                        6
6                                                        6
7                                                        6
8                                                        6
9                                                        6
10                                                       6
11                                                       6
12                                                       6
13                                                       6
14                                                       7
15                                                       6
16                                                       7
17                                                       8
18                                                       6
19                                                       6
20                                                       6
21                                                       6
22                                                       1
23                                                       1
24                                                       1
25                                                       1
26                                                       1
27                                                       1
28                                                       1
29                                                       1
30                                                       1
31                                                       1
32                                                       1
   &AtomicCharges [&Type "ArrayOfDoubles", &Dim (33,1)] 
                                                         0

0                                     -6.3014842957071249e-01
1                                      9.6223522901366820e-02
2                                     -1.6574372361656220e-01
3                                      1.6550482772467667e-01
4                                     -2.5966653679843255e-01
5                                     -1.5549464752893893e-01
6                                     -1.2263032111729810e-01
7                                      1.5139322292648671e-01
8                                     -2.0794339474715784e-01
9                                     -1.7164750598018141e-01
10                                     2.7842212489813445e-01
11                                    -3.0302751749951984e-01
12                                    -1.8950206129726865e-01
13                                     1.7794217244549948e-01
14                                    -2.2387456300873954e-01
15                                     5.7927782116085957e-02
16                                    -2.2315134070941145e-01
17                                    -3.0468170097501002e-01
18                                    -2.2859484333410762e-01
19                                    -2.5528389262508000e-04
20                                    -2.7439147355164462e-01
21                                    -1.6563812650541365e-01
22                                     1.9994121295325940e-01
23                                     1.9768426055573418e-01
24                                     1.9775194168163135e-01
25                                     2.3152470891284960e-01
26                                     2.3572719733830416e-01
27                                     2.7846981960764638e-01
28                                     2.9038927318638064e-01
29                                     2.9423984725239460e-01
30                                     2.8023787298907932e-01
31                                     2.4732082820580781e-01
32                                     2.4569085443708816e-01
   &Method [&Type "String"] "SCF"
   &Level [&Type "String"] "Relaxed density"
   &Mult [&Type "Integer"] 1
   &State [&Type "Integer"] -1
   &Irrep [&Type "Integer"] 0
$End
$SCF_Loewdin_Population_Analysis
   &GeometryIndex 11
   &NAtoms [&Type "Integer"] 33
   &ATNO [&Type "ArrayOfIntegers", &Dim (33,1)] 
                                                         0

0                                                        6
1                                                        6
2                                                        7
3                                                        6
4                                                        6
5                                                        6
6                                                        6
7                                                        6
8                                                        6
9                                                        6
10                                                       6
11                                                       6
12                                                       6
13                                                       6
14                                                       7
15                                                       6
16                                                       7
17                                                       8
18                                                       6
19                                                       6
20                                                       6
21                                                       6
22                                                       1
23                                                       1
24                                                       1
25                                                       1
26                                                       1
27                                                       1
28                                                       1
29                                                       1
30                                                       1
31                                                       1
32                                                       1
   &AtomicCharges [&Type "ArrayOfDoubles", &Dim (33,1)] 
                                                         0

0                                     -4.1543709435675513e-01
1                                      2.4240026367714940e-02
2                                     -2.0092927095811230e-01
3                                      2.5139501232007255e-02
4                                     -1.4443136039609517e-01
5                                     -1.1593708780323642e-01
6                                     -2.7088665348129481e-02
7                                      2.6355385421003152e-01
8                                     -1.2366503978011334e-01
9                                     -6.0433241857116293e-02
10                                     1.8278640056895679e-01
11                                    -8.1732920141437404e-03
12                                    -1.4611078695528956e-01
13                                     6.3746202276011132e-02
14                                    -1.7292080139046639e-01
15                                     5.1581720215035709e-02
16                                    -1.8551280970830586e-01
17                                    -6.5405995835899233e-01
18                                    -1.0575146650996103e-01
19                                    -6.2142722394540328e-02
20                                    -1.0143621067664998e-01
21                                    -1.6910289940733136e-01
22                                     1.6798025025162189e-01
23                                     1.7546609168712668e-01
24                                     1.7547438507886937e-01
25                                     1.8478904481301117e-01
26                                     1.9886309004262825e-01
27                                     1.9723938075550229e-01
28                                     2.0165246266610071e-01
29                                     2.1789768723304048e-01
30                                     1.9035702165001833e-01
31                                     1.8667456760509238e-01
32                                     1.8569102126188453e-01
   &Method [&Type "String"] "SCF"
   &Level [&Type "String"] "Relaxed density"
   &Mult [&Type "Integer"] 1
   &State [&Type "Integer"] -1
   &Irrep [&Type "Integer"] 0
$End
$SCF_Mayer_Population_Analysis
   &GeometryIndex 11
   &NAtoms [&Type "Integer"] 33 "Total number of atoms"
   &NBondOrdersPrint [&Type "Integer"] 38 "The number of bond orders larger than threshold"
   &bondThresh [&Type "Double"]       1.0000000000000001e-01  "The threshold for printing"
   &components [&Type "ArrayOfIntegers", &Dim (38,4)] "The indices and atomic numbers of the bonding atoms"
                                                         0                           1                           2                           3

0                                                        0                           6                           1                           6
1                                                        0                           6                          22                           1
2                                                        0                           6                          23                           1
3                                                        0                           6                          24                           1
4                                                        1                           6                           2                           7
5                                                        1                           6                          21                           6
6                                                        2                           7                           3                           6
7                                                        3                           6                           4                           6
8                                                        3                           6                          19                           6
9                                                        3                           6                          20                           6
10                                                       4                           6                           5                           6
11                                                       4                           6                          25                           1
12                                                       5                           6                           6                           6
13                                                       5                           6                          18                           6
14                                                       5                           6                          26                           1
15                                                       6                           6                           7                           6
16                                                       6                           6                           8                           6
17                                                       6                           6                          18                           6
18                                                       7                           6                           8                           6
19                                                       7                           6                          17                           8
20                                                       8                           6                           9                           6
21                                                       8                           6                          27                           1
22                                                       9                           6                          10                           6
23                                                       9                           6                          28                           1
24                                                      10                           6                          11                           6
25                                                      10                           6                          17                           8
26                                                      11                           6                          12                           6
27                                                      11                           6                          29                           1
28                                                      12                           6                          13                           6
29                                                      12                           6                          15                           6
30                                                      13                           6                          14                           7
31                                                      15                           6                          16                           7
32                                                      18                           6                          19                           6
33                                                      18                           6                          30                           1
34                                                      19                           6                          20                           6
35                                                      20                           6                          21                           6
36                                                      20                           6                          31                           1
37                                                      21                           6                          32                           1
   &BondOrders [&Type "ArrayOfDoubles", &Dim (38,1)] "The bond orders"
                                                         0

0                                      8.5335997508857142e-01
1                                      9.8966830735208577e-01
2                                      9.5217126065186231e-01
3                                      9.5244517728795142e-01
4                                      1.6776459538959438e+00
5                                      1.2266343676662472e+00
6                                      1.4228780814072892e+00
7                                      1.3468312804742120e+00
8                                      1.0819397583883863e+00
9                                     -1.0891733672055878e-01
10                                     1.6221090799233364e+00
11                                     8.5660723248166359e-01
12                                     1.2661071505496471e+00
13                                    -1.1397163145420525e-01
14                                     9.1376176574152912e-01
15                                     1.1685453475711605e+00
16                                    -1.3271650482564812e-01
17                                     1.4129835673295184e+00
18                                     1.5328364961540650e+00
19                                     1.1526804676941189e+00
20                                     1.4497804915015746e+00
21                                     8.3006210087392041e-01
22                                     1.4978313082068722e+00
23                                     8.2651117475544345e-01
24                                     1.5340846366976193e+00
25                                     1.0161601548260462e+00
26                                     1.4981958763446079e+00
27                                     8.2418748656850371e-01
28                                     9.6418603062887098e-01
29                                     1.0147765504558390e+00
30                                     2.9732369924405124e+00
31                                     3.0048419340952064e+00
32                                     1.2900470791262588e+00
33                                     8.4868511577080263e-01
34                                     1.2725503197647015e+00
35                                     1.7027991981684441e+00
36                                     9.1980007077928727e-01
37                                     8.6731992142462488e-01
   &ATNO [&Type "ArrayOfIntegers", &Dim (33,1)] "Atomic number of the elements"
                                                         0

0                                                        6
1                                                        6
2                                                        7
3                                                        6
4                                                        6
5                                                        6
6                                                        6
7                                                        6
8                                                        6
9                                                        6
10                                                       6
11                                                       6
12                                                       6
13                                                       6
14                                                       7
15                                                       6
16                                                       7
17                                                       8
18                                                       6
19                                                       6
20                                                       6
21                                                       6
22                                                       1
23                                                       1
24                                                       1
25                                                       1
26                                                       1
27                                                       1
28                                                       1
29                                                       1
30                                                       1
31                                                       1
32                                                       1
   &NA [&Type "ArrayOfDoubles", &Dim (33,1)] "Mulliken gross atomic population"
                                                         0

0                                      6.6301484295707098e+00
1                                      5.9037764770986367e+00
2                                      7.1657437236165569e+00
3                                      5.8344951722753224e+00
4                                      6.2596665367984299e+00
5                                      6.1554946475289372e+00
6                                      6.1226303211172937e+00
7                                      5.8486067770735168e+00
8                                      6.2079433947471578e+00
9                                      6.1716475059801787e+00
10                                     5.7215778751018673e+00
11                                     6.3030275174995172e+00
12                                     6.1895020612972678e+00
13                                     5.8220578275545005e+00
14                                     7.2238745630087404e+00
15                                     5.9420722178839140e+00
16                                     7.2231513407094141e+00
17                                     8.3046817009750100e+00
18                                     6.2285948433341112e+00
19                                     6.0002552838926206e+00
20                                     6.2743914735516482e+00
21                                     6.1656381265054145e+00
22                                     8.0005878704674072e-01
23                                     8.0231573944426560e-01
24                                     8.0224805831836832e-01
25                                     7.6847529108715018e-01
26                                     7.6427280266169584e-01
27                                     7.2153018039235350e-01
28                                     7.0961072681361914e-01
29                                     7.0576015274760551e-01
30                                     7.1976212701092057e-01
31                                     7.5267917179419230e-01
32                                     7.5430914556291184e-01
   &ZA [&Type "ArrayOfDoubles", &Dim (33,1)] "Total nuclear charge"
                                                         0

0                                      6.0000000000000000e+00
1                                      6.0000000000000000e+00
2                                      7.0000000000000000e+00
3                                      6.0000000000000000e+00
4                                      6.0000000000000000e+00
5                                      6.0000000000000000e+00
6                                      6.0000000000000000e+00
7                                      6.0000000000000000e+00
8                                      6.0000000000000000e+00
9                                      6.0000000000000000e+00
10                                     6.0000000000000000e+00
11                                     6.0000000000000000e+00
12                                     6.0000000000000000e+00
13                                     6.0000000000000000e+00
14                                     7.0000000000000000e+00
15                                     6.0000000000000000e+00
16                                     7.0000000000000000e+00
17                                     8.0000000000000000e+00
18                                     6.0000000000000000e+00
19                                     6.0000000000000000e+00
20                                     6.0000000000000000e+00
21                                     6.0000000000000000e+00
22                                     1.0000000000000000e+00
23                                     1.0000000000000000e+00
24                                     1.0000000000000000e+00
25                                     1.0000000000000000e+00
26                                     1.0000000000000000e+00
27                                     1.0000000000000000e+00
28                                     1.0000000000000000e+00
29                                     1.0000000000000000e+00
30                                     1.0000000000000000e+00
31                                     1.0000000000000000e+00
32                                     1.0000000000000000e+00
   &QA [&Type "ArrayOfDoubles", &Dim (33,1)] "Mulliken gross atomic charge"
                                                         0

0                                     -6.3014842957070982e-01
1                                      9.6223522901363268e-02
2                                     -1.6574372361655687e-01
3                                      1.6550482772467756e-01
4                                     -2.5966653679842988e-01
5                                     -1.5549464752893716e-01
6                                     -1.2263032111729366e-01
7                                      1.5139322292648316e-01
8                                     -2.0794339474715784e-01
9                                     -1.7164750598017875e-01
10                                     2.7842212489813267e-01
11                                    -3.0302751749951717e-01
12                                    -1.8950206129726777e-01
13                                     1.7794217244549948e-01
14                                    -2.2387456300874042e-01
15                                     5.7927782116085957e-02
16                                    -2.2315134070941411e-01
17                                    -3.0468170097501002e-01
18                                    -2.2859484333411118e-01
19                                    -2.5528389262063911e-04
20                                    -2.7439147355164817e-01
21                                    -1.6563812650541454e-01
22                                     1.9994121295325928e-01
23                                     1.9768426055573440e-01
24                                     1.9775194168163168e-01
25                                     2.3152470891284982e-01
26                                     2.3572719733830416e-01
27                                     2.7846981960764650e-01
28                                     2.9038927318638086e-01
29                                     2.9423984725239449e-01
30                                     2.8023787298907943e-01
31                                     2.4732082820580770e-01
32                                     2.4569085443708816e-01
   &VA [&Type "ArrayOfDoubles", &Dim (33,1)] "Mayer's total valence"
                                                         0

0                                      3.7038850992078647e+00
1                                      3.7716252280295470e+00
2                                      3.1439626038973643e+00
3                                      3.7520191999660697e+00
4                                      3.9097602330642984e+00
5                                      3.7910779347171313e+00
6                                      3.8142621096160285e+00
7                                      4.0634845355185858e+00
8                                      3.7917395075891607e+00
9                                      3.8976918214845204e+00
10                                     4.1752988944130509e+00
11                                     4.0377087933030449e+00
12                                     3.5594847103501976e+00
13                                     3.9516347921457271e+00
14                                     3.0933800055862308e+00
15                                     4.1160809406364951e+00
16                                     3.1209593271121241e+00
17                                     2.2977389666899888e+00
18                                     3.6677953023728551e+00
19                                     3.7144161161360651e+00
20                                     4.0299635929703088e+00
21                                     3.8378892523230514e+00
22                                     9.5920680592169305e-01
23                                     9.3397107577530825e-01
24                                     9.3394973019107197e-01
25                                     9.4133434802012073e-01
26                                     9.2745892913743710e-01
27                                     8.9375602675308530e-01
28                                     8.8667388517442303e-01
29                                     8.8273105113860295e-01
30                                     8.6826683417287931e-01
31                                     9.0256757143043986e-01
32                                     9.0960768342125764e-01
   &BVA [&Type "ArrayOfDoubles", &Dim (33,1)] "Mayer's bonded valence"
                                                         0

0                                      3.7038850992078345e+00
1                                      3.7716252280294604e+00
2                                      3.1439626038974495e+00
3                                      3.7520191999660462e+00
4                                      3.9097602330644903e+00
5                                      3.7910779347171908e+00
6                                      3.8142621096161617e+00
7                                      4.0634845355185290e+00
8                                      3.7917395075892597e+00
9                                      3.8976918214846443e+00
10                                     4.1752988944130909e+00
11                                     4.0377087933030795e+00
12                                     3.5594847103503171e+00
13                                     3.9516347921458248e+00
14                                     3.0933800055863170e+00
15                                     4.1160809406364729e+00
16                                     3.1209593271120539e+00
17                                     2.2977389666899839e+00
18                                     3.6677953023727881e+00
19                                     3.7144161161364124e+00
20                                     4.0299635929703594e+00
21                                     3.8378892523230319e+00
22                                     9.5920680592168905e-01
23                                     9.3397107577530336e-01
24                                     9.3394973019106819e-01
25                                     9.4133434802015581e-01
26                                     9.2745892913744665e-01
27                                     8.9375602675310051e-01
28                                     8.8667388517444690e-01
29                                     8.8273105113861539e-01
30                                     8.6826683417287176e-01
31                                     9.0256757143047195e-01
32                                     9.0960768342124876e-01
   &FA [&Type "ArrayOfDoubles", &Dim (33,1)] "Mayer's free valence"
                                                         0

0                                      0.0000000000000000e+00
1                                      0.0000000000000000e+00
2                                      0.0000000000000000e+00
3                                      0.0000000000000000e+00
4                                      0.0000000000000000e+00
5                                      0.0000000000000000e+00
6                                      0.0000000000000000e+00
7                                      0.0000000000000000e+00
8                                      0.0000000000000000e+00
9                                      0.0000000000000000e+00
10                                     0.0000000000000000e+00
11                                     0.0000000000000000e+00
12                                     0.0000000000000000e+00
13                                     0.0000000000000000e+00
14                                     0.0000000000000000e+00
15                                     0.0000000000000000e+00
16                                     0.0000000000000000e+00
17                                     0.0000000000000000e+00
18                                     0.0000000000000000e+00
19                                     0.0000000000000000e+00
20                                     0.0000000000000000e+00
21                                     0.0000000000000000e+00
22                                     0.0000000000000000e+00
23                                     0.0000000000000000e+00
24                                     0.0000000000000000e+00
25                                     0.0000000000000000e+00
26                                     0.0000000000000000e+00
27                                     0.0000000000000000e+00
28                                     0.0000000000000000e+00
29                                     0.0000000000000000e+00
30                                     0.0000000000000000e+00
31                                     0.0000000000000000e+00
32                                     0.0000000000000000e+00
   &Method [&Type "String"] "SCF"
   &Level [&Type "String"] "Relaxed density"
   &Mult [&Type "Integer"] 1
   &State [&Type "Integer"] -1
   &Irrep [&Type "Integer"] 0
$End
$SCF_Energy
   &GeometryIndex 11
   &Method [&Type "String"] "SCF"
   &totalEnergy [&Type "ArrayOfDoubles", &Dim (1,1)] "Total energy of each state"
                                                         0

0                                     -9.3173278853300394e+02
   &Mult [&Type "ArrayOfIntegers", &Dim (1,1)] "Multiplicity of each state"
                                                         0

0                                                        1
$End
$DFT_Energy
   &GeometryIndex 11
   &nAlphaEl [&Type "Integer"] 74
   &nBetaEl [&Type "Integer"] 74
   &nTotalEl [&Type "Integer"] 148
   &finalEn [&Type "Double"]      -9.3173278853300394e+02  "No Van der Waals correction"
   &eExchange [&Type "Double"]      -9.9609644746318963e+01
   &eCorr [&Type "Double"]      -5.9562763031697532e+00
   &eXC [&Type "Double"]      -1.0556592104948872e+02
   &eCNL [&Type "Double"]       0.0000000000000000e+00
$End
$Solvation_Details
   &GeometryIndex 11
   &Solvent [&Type "String"] "TETRAHYDROFURAN"
   &Epsilon [&Type "Double"]       7.5650000000000004e+00
   &Refrac [&Type "Double"]       1.4050000000000000e+00
   &RSolv [&Type "Double"]       1.3000000000000000e+00
   &SurfaceType [&Type "String"] "GAUSSIAN VDW"
   &CPCMDielEnergy [&Type "Double"]      -2.8532940999999999e-02
   &NPoints [&Type "Integer"] 3285
   &SurfaceArea [&Type "Double"]       1.2072992991809999e+03
$End
$SCF_Timings
   &GeometryIndex 11
   &TOTAL [&Type "Double"]       3.7687685000000002e+01
   &PREP [&Type "Double"]       2.2934890000000001e+00
   &FOCK [&Type "Double"]       2.8197486000000001e+01
   &DENS [&Type "Double"]       7.2405400000000242e-01
   &ETOT [&Type "Double"]       6.9742999999999711e-01
   &POP [&Type "Double"]       3.7781899999999524e-01
   &TRAFO [&Type "Double"]       2.2724800000000300e-01
   &DIIS [&Type "Double"]       3.0334249999999994e+00
   &SOSCF [&Type "Double"]       1.5897800000000046e+00
   &XC [&Type "Double"]       3.3698870000000003e+00
   &FOCKSTART [&Type "Double"]       3.8915400000000311e-01
   &SOLV [&Type "Double"]       4.0270509999999975e+00
   &SOLV_INIT [&Type "Double"]       4.9418200000000012e-01
   &INT_PREP [&Type "Double"]       1.9999999985031991e-06
   &INT_BF [&Type "Double"]       7.4203799999998132e-01
   &INT_DENS [&Type "Double"]       5.2899500000012001e-01
   &INT_DENSIO [&Type "Double"]       2.5966538958000041e+04
   &INT_FUNC [&Type "Double"]       9.5099000000075762e-02
   &INT_POT [&Type "Double"]       3.8042900000006696e-01
   &INT_POTIO [&Type "Double"]       2.4894999999977685e-02
   &INT_SUM [&Type "Double"]       5.2100000000088187e-04
   &SPLITRIJ [&Type "Double"]       3.3392119999999990e+00
   &COSX [&Type "Double"]       1.8254599000000002e+01
$End
$Single_Point_Data
   &GeometryIndex 11
   &FinalEnergy [&Type "Double"]      -9.3173278853300394e+02  "Final single point energy"
   &Converged [&Type "Boolean"] true
$End
$SCF_Dipole_Moment
   &GeometryIndex 11
   &dipoleMagnitude [&Type "Double", &Units "a.u."]       5.6355569791944822e+00
   &dipoleElecContrib [&Type "ArrayOfDoubles", &Dim (3,1)] "Electronic contribution"
                                                         0

0                                      1.9414443427278659e+01
1                                     -9.5625791478839872e+00
2                                      5.5941209849745555e-01
   &dipoleNucContrib [&Type "ArrayOfDoubles", &Dim (3,1)] "Nuclear contribution"
                                                         0

0                                     -2.0568129798618635e+01
1                                      1.5078754850856019e+01
2                                     -5.7718388155510758e-01
   &dipoleTotal [&Type "ArrayOfDoubles", &Dim (3,1)] "Total"
                                                         0

0                                     -1.1536863713399761e+00
1                                      5.5161757029720313e+00
2                                     -1.7771783057652035e-02
   &doAtomicDipole [&Type "Boolean"] false
   &Method [&Type "String"] "SCF"
   &Level [&Type "String"] "Relaxed density"
   &Mult [&Type "Integer"] 1
   &State [&Type "Integer"] -1
   &Irrep [&Type "Integer"] 0
$End
$THERMOCHEMISTRY_Energies
   &GeometryIndex 11
   &temperature [&Type "Double"]       2.9814999999999998e+02
   &pressure [&Type "Double"]       1.0000000000000000e+00
   &totalMass [&Type "Double"]       2.8530599999999993e+02
   &spinDegeneracy [&Type "Integer"] 1
   &elEnergy [&Type "Double"]      -9.3173278853300394e+02
   &transEnergy [&Type "Double"]       1.4162714244859817e-03
   &rotEnergy [&Type "Double"]       1.4162714244859817e-03
   &vibEnergy [&Type "Double"]       1.5467158052040563e-02
   &numOfFreqs [&Type "Integer"] 99
   &freqScalingFactor [&Type "Double"]       1.0000000000000000e+00
   &FREQ [&Type "ArrayOfDoubles", &Units "cm^-1", &Dim (99,1)] 
                                                         0

0                                      0.0000000000000000e+00
1                                      0.0000000000000000e+00
2                                      0.0000000000000000e+00
3                                      0.0000000000000000e+00
4                                      0.0000000000000000e+00
5                                      0.0000000000000000e+00
6                                      1.7447220552776034e+01
7                                      3.1075188555177437e+01
8                                      3.9648647381223540e+01
9                                      5.6841404680218183e+01
10                                     7.0950642171926646e+01
11                                     9.4091579064342540e+01
12                                     1.0789722509391765e+02
13                                     1.3396748878577878e+02
14                                     1.4125302507170804e+02
15                                     1.7303028785974368e+02
16                                     1.7426089136749101e+02
17                                     2.1086197966604760e+02
18                                     2.5074683009797459e+02
19                                     2.5838018601386801e+02
20                                     2.9841718165962192e+02
21                                     3.4217398796953483e+02
22                                     3.8171577184535249e+02
23                                     3.9309714123452324e+02
24                                     4.1163693542243044e+02
25                                     4.2802341384240896e+02
26                                     4.7800295560900247e+02
27                                     4.8064082682391387e+02
28                                     4.8801598779717131e+02
29                                     5.1042519213299386e+02
30                                     5.3509622164707002e+02
31                                     5.4372449776556323e+02
32                                     5.4414805812917155e+02
33                                     6.3226528020708918e+02
34                                     6.3256105624039037e+02
35                                     6.3804180484766584e+02
36                                     6.5613092305649877e+02
37                                     6.6975559075485864e+02
38                                     7.0264447197931236e+02
39                                     7.3495687925834056e+02
40                                     7.4897903545827137e+02
41                                     7.7890012045100377e+02
42                                     8.0865424578401689e+02
43                                     8.1765514421702233e+02
44                                     8.2309472935983945e+02
45                                     8.2504042337157580e+02
46                                     8.4908869591562200e+02
47                                     9.0186958392425788e+02
48                                     9.0244656697077266e+02
49                                     9.2378404121300389e+02
50                                     9.5367413170914710e+02
51                                     9.5463305627150442e+02
52                                     9.7582652976528732e+02
53                                     9.7800276485403413e+02
54                                     9.8782516035372930e+02
55                                     9.9495932418810253e+02
56                                     1.0296266969977762e+03
57                                     1.0628676253366834e+03
58                                     1.0677243103781752e+03
59                                     1.0843003653671560e+03
60                                     1.1561767364045545e+03
61                                     1.1673408202411918e+03
62                                     1.1818181361746508e+03
63                                     1.2214317976358514e+03
64                                     1.2282031040316535e+03
65                                     1.2495471415830925e+03
66                                     1.2788018647349206e+03
67                                     1.3057542908505043e+03
68                                     1.3346134615257399e+03
69                                     1.3402733182514762e+03
70                                     1.3671047203199705e+03
71                                     1.3779651394792347e+03
72                                     1.3906628164417966e+03
73                                     1.4069576606702663e+03
74                                     1.4189744219236281e+03
75                                     1.4390549054911157e+03
76                                     1.4811278101248681e+03
77                                     1.4862804313770403e+03
78                                     1.4966514709363094e+03
79                                     1.5156786171704898e+03
80                                     1.5263817656092710e+03
81                                     1.5590334242483902e+03
82                                     1.5929815413611129e+03
83                                     1.6286918199880693e+03
84                                     1.6412452947491261e+03
85                                     1.6554489127050160e+03
86                                     2.3020153943386686e+03
87                                     2.3203668530615332e+03
88                                     3.0336770609300970e+03
89                                     3.0765501054048787e+03
90                                     3.1304403639376164e+03
91                                     3.1689226477267575e+03
92                                     3.1784505035365983e+03
93                                     3.1848795782201532e+03
94                                     3.1868730197587497e+03
95                                     3.1875791255872336e+03
96                                     3.2047953779371469e+03
97                                     3.2453973029666531e+03
98                                     3.2606051453610316e+03
   &zpe [&Type "Double"]       2.4298852380125729e-01
   &innerEnergyU [&Type "Double"]      -9.3147150030830176e+02
   &enthalpyH [&Type "Double"]      -9.3147055609925951e+02
   &qEl [&Type "Double"]       0.0000000000000000e+00
   &qRot [&Type "Double"]       1.6511872254549222e-02
   &qVib [&Type "Double"]       2.7581759009582738e-02
   &qTrans [&Type "Double"]       2.0356049895992955e-02
   &entropyS [&Type "Double"]       6.4449681160124908e-02
   &freeEnergyG [&Type "Double"]      -9.3153500578041962e+02
   &isLinear [&Type "Boolean"] false
$End
$Hessian
   &GeometryIndex 11
   &HESSIAN [&Type "ArrayOfDoubles", &Dim (99,99)] "The Hessian"
                                                         0                           1                           2                           3                           4                           5                           6                           7

0                                      4.8301298136725490e-01        -1.8978953536591928e-03        -1.3393844727174233e-03        -2.0129143953706763e-01        -1.9412686234351838e-02        -3.6506376521616328e-03        -3.2575770774571765e-02         1.2739201266668221e-02
1                                     -1.8978953536591928e-03         5.9557023903654938e-01        -3.3326565848877351e-04        -2.9643043860703655e-02        -9.2508514487830235e-02        -8.5488072630567416e-04         3.7587481539546108e-02         9.2078851573361431e-04
2                                     -1.3393844727174233e-03        -3.3326565848877351e-04         5.3010300756884721e-01        -3.6501174627976141e-03        -5.4870846140444738e-04        -7.5262131928520257e-02        -1.0193855592928202e-03         4.1425360766434143e-04
3                                     -2.0129143953706763e-01        -2.9643043860703655e-02        -3.6501174627976141e-03         6.5888434695344777e-01        -4.5041463110725363e-02         1.3716163865474761e-02        -2.0347084791857284e-01         1.2306988473830981e-01
4                                     -1.9412686234351838e-02        -9.2508514487830235e-02        -5.4870846140444738e-04        -4.5041463110725363e-02         6.3846468548613200e-01        -2.3816035877960318e-03         9.8925968582159116e-02        -2.9856306586217030e-01
5                                     -3.6506376521616328e-03        -8.5488072630567416e-04        -7.5262131928520257e-02         1.3716163865474761e-02        -2.3816035877960318e-03         1.9258224935095108e-01        -4.2670576909524570e-03         4.1734041950360215e-03
6                                     -3.2575770774571765e-02         3.7587481539546108e-02        -1.0193855592928202e-03        -2.0347084791857284e-01         9.8925968582159116e-02        -4.2670576909524570e-03         5.7500935655635810e-01        -1.2947285714142220e-01
7                                      1.2739201266668221e-02         9.2078851573361431e-04         4.1425360766434143e-04         1.2306988473830981e-01        -2.9856306586217030e-01         4.1734041950360215e-03        -1.2947285714142220e-01         4.8136857702508085e-01
8                                     -9.6675612807547897e-04         1.1444925035595938e-03        -9.0769777297518631e-04        -4.3219685474381779e-03         3.4684636567278138e-03        -6.5237359159211319e-02         1.4556851763742613e-02        -4.7918840469777782e-03
9                                      2.1836061625676792e-03         1.8249283798839697e-03        -3.1140608079372584e-04        -6.0017333759075100e-02         7.7781964196255216e-02        -2.0426229082411750e-03        -2.6230996595141803e-01        -3.2287503475035867e-02
10                                    -2.7549198160077819e-04        -2.4700079959326196e-03         3.6206077350554806e-05         4.4197497075267995e-02         5.9421867209232850e-05         1.2693317741578382e-03        -4.3169565170720160e-02        -1.1383158743398876e-01
11                                    -2.9498731597663161e-04         9.3172420399885105e-05         1.2535987076330982e-02        -1.9706442702133236e-03         2.2959959024148983e-03         3.2776669993276712e-03        -5.6924519347739937e-03        -8.1432265817854305e-04
12                                     1.3327660105870616e-04         1.0547071825988169e-03        -2.3956121318493580e-05         1.2948552068917617e-03        -2.6384996118443454e-02        -8.0658560636433869e-05        -7.1628671504001359e-02         4.9146471906961142e-02
13                                    -2.6682053324766442e-04         6.0063382739122925e-04        -6.1061671977454479e-06        -7.0696544264840719e-03         1.7947158762072833e-02        -2.3021135493484231e-04         2.8561901604811035e-02         1.9176204549676001e-03
14                                    -2.0929020057639268e-05         3.1504673566215751e-05         8.9453044044093474e-04        -1.2480851681607422e-04        -8.1877313570844748e-04         6.1697979723737443e-03        -2.2015398867317798e-03         1.4397060031222412e-03
15                                    -5.0039551663372695e-04         8.2015420140390258e-05         7.9514690582367222e-06        -3.3891597731605899e-03         2.2654891064482204e-02        -1.7071518874013278e-04         2.5371716984388996e-02        -7.4192577271249630e-03
16                                    -3.0324418925106766e-04        -1.7025215483989641e-04        -1.0146637876680401e-05        -8.1299919603052993e-04         1.1495593930649594e-02        -5.1096535114089595e-05         1.6716739944455491e-02        -9.9459575192665708e-03
17                                     4.6691695848978065e-06         1.9233844067372275e-06        -6.9235997597501243e-04        -1.2316168603481337e-04         6.6340005729631144e-04         6.5282733742321494e-04         5.5311948804250954e-04        -1.8673639294537698e-04
18                                    -1.0184363287790244e-03         7.1186472828648558e-04        -3.5736069140735033e-05         2.6660495413365812e-03        -2.4452902380520535e-03         1.0415439863931360e-04        -6.6223950513085317e-03         3.2719516572053253e-03
19                                     1.0839858499785565e-03        -3.3592185024066692e-04         3.0785832533977329e-05         1.3970247240348917e-03        -2.1551913200354506e-02         8.8825256823398056e-05        -1.9185299576462225e-02         7.4798975818177547e-03
20                                    -3.8903797075118924e-05         2.0738476088044876e-05         2.4080033017944729e-04         9.5847172645831570e-05        -3.0984753422734181e-05        -5.1473667606877888e-04        -1.1739620242266671e-04         7.5678242158671699e-05
21                                     8.2576570949998817e-04        -6.5683134949960967e-04         2.1656814226348516e-05        -2.4121160419568067e-03         1.9427921603016804e-03        -8.9384667831082790e-05         6.2575364006787985e-03        -2.6098537010824166e-03
22                                     2.4693806091308581e-04        -1.7340819480737697e-04         5.6262609846293173e-06        -5.1326092527573708e-04        -4.1868425378454991e-04        -1.3264730853478384e-05         6.1052028047260220e-04        -1.2192059289070026e-04
23                                     2.5951675294403603e-05        -2.0667789460487794e-05         1.3941971654226372e-05        -8.8281370084165357e-05         6.3846529164586130e-05         2.7245449773555713e-04         2.2184141577778920e-04        -8.7167639820400370e-05
24                                    -3.8493509964682333e-04         3.7943889007504975e-04        -8.3418386231018383e-06         1.1029041968527780e-03        -1.4053309579188380e-03         3.7495600476451337e-05        -3.4182440040587941e-03         1.4988468333844225e-03
25                                    -1.6279801484504741e-04         1.3341501461806691e-04        -3.8400023791642862e-06         4.1632946095306164e-04        -2.9755134361102002e-04         1.3159352935585909e-05        -1.0690588545919581e-03         3.8746029684998064e-04
26                                    -1.2528726236075687e-05         1.2394061174600389e-05        -1.9317900852795313e-06         3.5231110926909357e-05        -4.9912168863943085e-05         1.2899781062410065e-05        -1.1330019311638043e-04         4.9218680199732194e-05
27                                     1.6333075795313401e-04        -1.6805618029190839e-04         2.3759926049936523e-06        -4.5032833825520022e-04         7.8854726144582334e-04        -1.5568176559741122e-05         1.4954948988745156e-03        -6.4251760809722384e-04
28                                    -2.1240315732833971e-04         2.0146961199769034e-04        -5.1001972815658575e-06         6.5040571154597259e-04        -7.9777163114743105e-04         2.2432404833785518e-05        -1.9261924932181026e-03         8.5273840228697968e-04
29                                     4.1011237573296577e-06        -5.3719367258127716e-06         3.1949526790022203e-05        -1.1085518465687246e-05         2.7940185980998173e-05        -2.9729496732731373e-05         4.7124140856746316e-05        -2.0734241311708010e-05
30                                    -4.0567401501424925e-04         5.0291072727171775e-04        -8.7794895323890500e-06         4.7046480778949315e-04        -7.0668480858397144e-04         1.7160141622529054e-05        -1.8318422722850588e-03         1.0704792387178199e-03
31                                     3.6023767094972250e-04        -3.8314969545827842e-04         8.0186980840235113e-06        -8.1969579685829404e-04         8.8881855909036741e-04        -2.7960460290171741e-05         2.4261290953523232e-03        -1.0973266055058154e-03
32                                    -1.1979268291729953e-05         1.4625396689166097e-05         5.1387657773641620e-06         9.8991731906201513e-06        -1.4798506788358582e-05         1.0186846047295279e-05        -4.0092427236539666e-05         2.7355784685370207e-05
33                                     1.6953814262109934e-04        -2.0878959910810912e-04         3.7020272855087789e-06        -2.5341831736164395e-04         3.2746291289833867e-04        -8.8662738991308501e-06         9.0178054815243233e-04        -4.8475427528034117e-04
34                                    -5.0854592689705488e-04         5.6475867508535269e-04        -1.1569887357410712e-05         9.0676478556616909e-04        -7.7164480868886223e-04         3.1205566148390616e-05        -2.6793898809028996e-03         1.3752912314154275e-03
35                                     3.2723739078135164e-06        -4.0165128294549400e-06        -5.0653654667871195e-06        -3.6241663297106802e-06         5.7023733265346546e-06        -9.8740604767723723e-06         1.3765787092613119e-05        -8.3299746063290523e-06
36                                     2.3953327546251006e-05        -1.9576152171992025e-05         7.1542483986676285e-07        -5.0087179124686963e-05        -1.0310699212297722e-05        -1.3319430853240157e-06         9.2432011279286572e-05        -4.6150509751284488e-05
37                                     3.6989510585309270e-04        -4.1193953357577753e-04         8.8335604127429838e-06        -6.5981734189275135e-04         6.0262798498302191e-04        -2.2289381490223197e-05         1.9698379514606519e-03        -1.0118258539628553e-03
38                                     2.5532538028945156e-06        -2.7344173484857377e-06         1.9775727160177403e-06        -4.7260397604861109e-06         2.8410568332630226e-06        -5.3272666152843993e-06         1.3294638148581279e-05        -6.7787615429624410e-06
39                                    -1.6469943887489620e-04         1.8624856103752245e-04        -4.4570732758007390e-06         2.7127465086135153e-04        -2.1475078874268346e-04         8.2120227282299108e-06        -8.0249939856985044e-04         4.1177974467337865e-04
40                                    -7.6453129379767297e-05         8.6848128046874962e-05        -2.1636252115980281e-06         1.2321162218203725e-04        -7.7305590877036758e-05         3.7195653018481681e-06        -3.5454559108478209e-04         1.8056263977414577e-04
41                                    -5.4723449766829125e-06         6.2457195023952018e-06        -2.5980569719622976e-06         9.0883091240759445e-06        -7.5085633873807234e-06         2.9370790219198636e-06        -2.7517018399869936e-05         1.4094186843608826e-05
42                                     9.4659752141612206e-05        -1.0729981432781829e-04         2.4590525632720584e-06        -1.4116275033381831e-04         1.0756012873887701e-04        -4.2496458564930217e-06         4.2403860594770359e-04        -2.1067321200610081e-04
43                                     6.1548125897291535e-05        -7.0109635344000449e-05         1.5578400148759619e-06        -1.1875073108728786e-04         8.9438908640329922e-05        -3.7816171676912065e-06         3.4224064418363802e-04        -1.7644477779692885e-04
44                                     3.1974838341740838e-06        -3.7636682264840537e-06         5.5840425455375372e-06        -5.1700564842506734e-06         4.3569845007440507e-06        -4.9620628869187781e-06         1.6761405545267426e-05        -8.4462588612032317e-06
45                                     1.6805574142328937e-04        -1.8815180326025194e-04         4.3555729671982008e-06        -3.1522243962125009e-04         2.8267846791042088e-04        -9.9935999422316808e-06         9.1166156613785711e-04        -4.6866669560357557e-04
46                                    -1.0250262813278936e-04         1.1488022652420820e-04        -2.5892144329345285e-06         1.9306649946901940e-04        -1.7242560805269633e-04         5.8818913336866009e-06        -5.5479023816262514e-04         2.8886001448354408e-04
47                                     4.9049985895946192e-06        -5.3817197273071593e-06        -3.1400966006978943e-06        -9.1406357640280121e-06         7.7730196085768590e-06         4.9955602758357616e-06         2.5504719295373913e-05        -1.3258794984504632e-05
48                                    -1.0170582739153626e-04         1.1392643491049746e-04        -2.5187166200240285e-06         1.8920304542581934e-04        -1.6414512307410541e-04         6.1152596407058112e-06        -5.4179839108281806e-04         2.8279525662631847e-04
49                                     6.9976198602625904e-05        -7.8564817330137207e-05         1.7169230375613169e-06        -1.2992617238392575e-04         1.1015223500363271e-04        -4.1355003662034813e-06         3.7207659809367815e-04        -1.9168315188735794e-04
50                                    -3.0046333964820875e-06         3.3069579737946793e-06         4.4489963386153035e-07         5.6356247566316040e-06        -4.6271496632892859e-06        -1.4207929673391882e-06        -1.5665699902479635e-05         8.3044928693826227e-06
51                                     3.1440697946404295e-05        -1.1059977977353921e-04         1.0233607092571074e-06         2.1985581346801986e-04         4.8456912362434412e-04         3.1272060685510122e-06         4.7399593193897931e-05        -2.8854844498074476e-04
52                                     2.1165937148736886e-05         2.6106657010515766e-05         1.3538669635170784e-06        -2.5112608398896862e-04         3.3365883791899121e-04        -8.4135669928587770e-06         5.8757840322551142e-04        -9.1396819484832522e-05
53                                     2.1348592808073920e-06        -3.8531382474128955e-06        -2.6927896326526403e-05         8.0747191682279950e-06         9.3082721883311931e-06         4.8085248733739834e-05        -1.0364771359716563e-05        -5.9425354947517770e-06
54                                     1.8770985310649427e-03        -7.6767784065149582e-04         9.0890066845473566e-05        -1.4732478102537742e-03        -1.9354323248569463e-02        -8.4627875597667384e-07        -1.0309473058853859e-02         4.6430329896287106e-03
55                                    -7.4143010032388067e-04         5.1708571861192195e-04        -2.6177167207973989e-05         1.1656209634113672e-03         5.1573715416335236e-03         2.3430061267469137e-05         7.4107577005853593e-04        -8.5371272174721846e-03
56                                     9.0142240434622873e-05        -2.5530046493681404e-05        -1.1457458270182617e-03        -4.5622276284126048e-05        -5.9328302936823224e-04        -3.4237499954597420e-05        -4.9713724727706030e-04         1.8532966327393862e-04
57                                    -3.0638339831097041e-03         2.0705986039780918e-03        -7.8796805069181631e-05         4.9428822525032570e-03         1.6320346578400539e-02         3.5461961413917444e-04        -2.0138340417222095e-02        -3.6697369332747587e-02
58                                     1.4640346965795348e-03        -7.5971818848936598e-04         3.7740201707357727e-05         5.3100534316037999e-03        -4.5632313917330615e-02         2.4260278071161121e-04        -5.7317657959021585e-02         2.0812156190280921e-02
59                                    -8.3642625389600576e-05         6.4143392912745063e-05        -4.5938685800693720e-04         3.8725963647274824e-04         5.9278665901637585e-04        -8.1426506418019740e-03        -8.7250493913640804e-04        -1.1152185349848263e-03
60                                     4.7868758149130670e-03        -2.5904564619460718e-03         4.1284701583640813e-05        -1.8486507269821411e-02        -7.9535866899096835e-02        -4.5767551176780109e-04        -4.9797956654505579e-02         2.7314384571122730e-02
61                                    -1.3733074646374182e-03        -5.6472276278298240e-03        -1.4808828432896323e-05        -3.7064754163207994e-02         2.2164789964093035e-02        -1.1139061612526770e-03         2.2967046631782787e-02        -8.2146977880009076e-03
62                                     4.9121770678559713e-05        -5.8457235298853602e-05         3.3531015865024575e-03        -5.6945484754354376e-04        -2.3864911352933019e-03         4.0985187667202834e-03        -1.4162680596114621e-03         8.1431885634224025e-04
63                                    -1.8367067220623725e-02        -3.0932339493415020e-02        -6.7367422807569361e-04        -1.4791610961867382e-01        -1.2635972856655714e-02        -2.1798456724258877e-03         5.7022416986382336e-02        -5.1514869508987090e-03
64                                    -8.2256608285165289e-03         8.3053322011600143e-04        -1.7485051981807210e-04        -7.7060869302865903e-02        -2.2252252138162473e-01        -1.8872158086802795e-03         4.2990494959079542e-02        -7.1262376089609253e-02
65                                    -7.1716529833768688e-04        -8.4361572390434319e-04         7.1725367416415990e-03        -2.0018193474319553e-03         7.2893732646094923e-06        -7.2066525637099130e-02         8.9161333639936754e-04         8.2295076595831373e-05
66                                    -6.4571347295135292e-02        -6.0011601232630364e-02        -2.9737057810068693e-04        -9.2919136452928354e-03        -3.4893164047437718e-02        -1.3002623101761332e-04         3.9999972851358211e-03        -1.0622200712805093e-03
67                                    -6.7017763171988848e-02        -3.0255152456555495e-01        -1.2079161222519614e-03         8.9055371453240773e-05        -3.2478961956270815e-03         5.5739825926455228e-06         2.2029735230546434e-03         8.9563975321204021e-04
68                                    -2.8941602194384081e-04        -9.9470231652543529e-04        -4.8418651999290754e-02        -2.3848595507697625e-04        -1.0166712718278194e-03        -1.2913668329985317e-03         1.4698229629176395e-04        -5.8053934754973262e-05
69                                    -8.0771620002937181e-02         3.9428897392273489e-02        -8.0240355451091455e-02        -1.2665685093494791e-02         1.5904085376248558e-02        -2.7684062924926159e-02        -3.7033873399320038e-03        -6.9632131181109785e-04
70                                     3.8771150252306721e-02        -9.6811760904200433e-02         9.4450932255893683e-02         6.9304950234341106e-04         1.5050519600786679e-03        -4.4824243098503455e-03         1.4282579329437245e-03        -9.0482370181345882e-05
71                                    -7.9861456903337569e-02         9.4199984746162285e-02        -2.1846420931612220e-01         7.3417025361244281e-04        -1.2968197551290472e-03         1.8097886794733904e-03        -4.0699223590445581e-05        -1.2952616998687986e-04
72                                    -9.0556946496475485e-02         4.5327190421356654e-02         8.7447936374965896e-02        -1.4175994123756610e-02         1.5978226724192961e-02         2.6666741672632641e-02        -3.7903234242858911e-03        -6.9430626999070276e-04
73                                     4.4676832528660698e-02        -9.7875074151230562e-02        -9.2649764657010164e-02         4.0766522016821155e-04         1.5383732279551426e-03         4.5301513041049466e-03         1.4408518795124494e-03        -9.6000048140693582e-05
74                                     8.7050649470346825e-02        -9.2383690616123448e-02        -2.0756389276421047e-01        -1.6585760649725015e-03         2.2249490769703558e-03         3.2832316857594190e-03        -1.7548582581703581e-04         8.8544293110614744e-05
75                                     3.6728746554640784e-06        -7.5512249922920051e-05        -4.9797024993538487e-06         8.1763305220757844e-05        -2.3971998009699401e-04         7.4617266332386071e-06         1.5143885639123745e-03        -2.1844562661667559e-04
76                                     2.4375283880660877e-05        -3.8099623465246216e-05         9.6355288438042892e-07         2.2349332472619164e-04        -8.5773218684269403e-06         6.4832435894613446e-06        -1.9207737049268892e-03         2.5599302292763255e-03
77                                    -4.8127997717307828e-06        -1.5725521441655696e-06         1.7052022161264416e-04         7.3849896947803889e-06        -7.3245266231113429e-06        -1.3698549509701073e-04         1.4996756552277649e-04        -1.8371138951856183e-05
78                                    -3.9530420579100053e-05         1.2901008307550469e-04         1.7796770056267074e-06        -3.7675947936345057e-04         8.1252965799715946e-05         1.3084533557744054e-05        -7.8189127360540141e-04         1.3264349792000509e-03
79                                    -6.8685835315002901e-06         4.1739180342726268e-06        -5.8557127731528752e-07        -8.0636755376596050e-05         1.7630214356616290e-04        -5.0993366804781845e-06         1.0369750316787957e-05         1.3177693666491523e-04
80                                     1.5354419855235975e-06         3.9652646799883200e-06        -9.7734022284090625e-05         1.0741627271816921e-05         9.2729036068484953e-06        -7.8683621413415459e-04        -3.2657131282673130e-05         4.1695532331369130e-05
81                                     5.5925312297908255e-06        -4.7568174876917671e-06         8.1303432279571152e-07        -2.2165463283766780e-05        -2.7409653419518923e-05        -1.0640679977220689e-06         3.2004483214989480e-05         2.7743555387181769e-05
82                                     5.8411750807425746e-06        -6.1923160288083804e-06         3.9775826474983765e-07        -2.6824214437962991e-05        -7.9998404623308778e-06        -1.1679394132231729e-06         5.2356178415820730e-05         3.9694522399372841e-05
83                                     1.2370045646695772e-06        -5.5797816230588676e-07        -1.9492906667064041e-05        -3.1322413665656848e-06        -5.2557357743345703e-06         1.9022549622110901e-05         3.9133581007095601e-07         5.6967994686968019e-06
84                                    -6.7747677411780587e-06         9.3110575029414965e-06        -2.6636506033533145e-07         9.8017142799159589e-06         5.8698699120568592e-06         5.5601528840357206e-07        -2.9324825877737108e-05         1.5725004439462974e-05
85                                    -3.0208236961198377e-07        -7.7727066628611783e-07        -2.1028562602259426e-08         2.5086148599962478e-06        -4.4808951621289970e-06        -3.9462106124987097e-08        -6.6415046359767703e-06         3.5398596365526910e-06
86                                    -5.1018494936065322e-07         4.6463514235339672e-07         1.9157684878085862e-06         1.2380541828421567e-06        -5.5326972594755123e-07        -6.7908205174078947e-06        -2.7617989599031138e-06         1.3926220054770347e-06
87                                     8.7024809861981078e-07        -6.3965372744234893e-07        -1.2072345794889822e-07        -2.3311771064541786e-06         1.1032639025532439e-05         2.1300113716091816e-08         1.0384825145890255e-05        -6.4871921278682014e-06
88                                    -2.3713724889747859e-06         2.6245488447144204e-06        -8.6121975090836763e-08         2.1669139537324443e-06        -1.3878570003497109e-05         2.1728048430896242e-07        -1.4228825777001175e-05         1.0039120388291882e-05
89                                    -6.3287788268758527e-08         1.1479590357124559e-07         1.9695409475290694e-08        -5.1443877361085776e-08        -2.3740734978138019e-08         3.0833376158886099e-06        -3.6116996624007003e-07         1.1246417641527976e-07
90                                    -6.1645085187398189e-05         1.3314487827939482e-04        -6.6604770998785426e-06         4.9544632949310367e-04        -4.1335414289705275e-04         2.5255117093498012e-05        -1.2640167985900905e-03        -1.9001828954808995e-03
91                                    -2.0359744203211601e-05         4.2597222283844311e-05         5.3922115165482595e-07         1.3277988334057188e-04         4.4175170651331963e-04         1.5681634029004999e-06         1.1067319128040172e-04        -2.5922018453285504e-04
92                                    -7.3451282885692463e-06         4.7414346373581385e-06         1.6979673509987664e-04         2.5947685842476216e-05        -1.4232693322390150e-05        -3.0704845772090911e-04        -4.7194161564147473e-05        -5.6222042210579614e-05
93                                     1.0227527584559548e-04        -1.5632624912332827e-03         2.9196795750970247e-05        -5.4846371733256192e-03         1.7322779289644808e-03        -4.7979912737617042e-04        -1.8701755546079584e-04        -1.4502371634195666e-04
94                                     1.2303634365450202e-04        -8.8231363927469353e-05         3.0702538287165101e-06         3.7991085640591473e-04         1.9533703288736074e-03         3.3537867539584483e-05         1.3036200636866598e-04         1.3517527928092864e-04
95                                     2.2645218160700480e-05        -4.6659296731089449e-05        -7.1039316817687968e-04        -4.7310727999161112e-04         6.9192060486466487e-05         1.0758181336309788e-02         1.0686211384933536e-04        -1.5325858398308340e-05
96                                     2.9882827394812385e-04        -6.0239680257189506e-04         5.1065053955781723e-05         1.1057619091331418e-02        -1.0462218089931297e-02         3.2565318836756609e-04         1.1315730539940001e-04        -4.2919731652014828e-03
97                                     5.9589863674495286e-04         7.6432005590418642e-04         1.5530569069067079e-06         1.9950494398572965e-02        -1.6332022535817968e-02         6.2198267516810565e-04        -2.5280679450894556e-03        -5.8686357386579513e-03
98                                     4.1981320430499575e-05        -1.8945629572783807e-05        -9.1989319897125416e-04         2.4487996406544671e-04        -2.6156351269011468e-04         8.3205601434976385e-04        -1.5324761668486237e-04        -9.7549626310825424e-05
                                                         8                           9                          10                          11                          12                          13                          14                          15

0                                     -9.6675612807547897e-04         2.1836061625676792e-03        -2.7549198160077819e-04        -2.9498731597663161e-04         1.3327660105870616e-04        -2.6682053324766442e-04        -2.0929020057639268e-05        -5.0039551663372695e-04
1                                      1.1444925035595938e-03         1.8249283798839697e-03        -2.4700079959326196e-03         9.3172420399885105e-05         1.0547071825988169e-03         6.0063382739122925e-04         3.1504673566215751e-05         8.2015420140390258e-05
2                                     -9.0769777297518631e-04        -3.1140608079372584e-04         3.6206077350554806e-05         1.2535987076330982e-02        -2.3956121318493580e-05        -6.1061671977454479e-06         8.9453044044093474e-04         7.9514690582367222e-06
3                                     -4.3219685474381779e-03        -6.0017333759075100e-02         4.4197497075267995e-02        -1.9706442702133236e-03         1.2948552068917617e-03        -7.0696544264840719e-03        -1.2480851681607422e-04        -3.3891597731605899e-03
4                                      3.4684636567278138e-03         7.7781964196255216e-02         5.9421867209232850e-05         2.2959959024148983e-03        -2.6384996118443454e-02         1.7947158762072833e-02        -8.1877313570844748e-04         2.2654891064482204e-02
5                                     -6.5237359159211319e-02        -2.0426229082411750e-03         1.2693317741578382e-03         3.2776669993276712e-03        -8.0658560636433869e-05        -2.3021135493484231e-04         6.1697979723737443e-03        -1.7071518874013278e-04
6                                      1.4556851763742613e-02        -2.6230996595141803e-01        -4.3169565170720160e-02        -5.6924519347739937e-03        -7.1628671504001359e-02         2.8561901604811035e-02        -2.2015398867317798e-03         2.5371716984388996e-02
7                                     -4.7918840469777782e-03        -3.2287503475035867e-02        -1.1383158743398876e-01        -8.1432265817854305e-04         4.9146471906961142e-02         1.9176204549676001e-03         1.4397060031222412e-03        -7.4192577271249630e-03
8                                      9.0010125904001134e-02        -5.6985330281023368e-03        -1.1376007788109141e-03        -6.5363122261247325e-02        -2.2412869035617440e-03         8.2877223205160035e-04        -1.3667914046186502e-03         5.6945847555701554e-04
9                                     -5.6985330281023368e-03         6.5275430929781808e-01        -3.3652835238185880e-02         1.4887176578039868e-02        -1.3229269966122728e-01         7.7983762959371511e-02        -2.5428795379354840e-03        -5.2399182870245059e-02
10                                    -1.1376007788109141e-03        -3.3652835238185880e-02         6.5194421774626876e-01        -2.2138195670935905e-03         4.6874228764744855e-02        -2.5184168548708363e-01         1.8140543242067399e-03         5.0792807563130753e-02
11                                    -6.5363122261247325e-02         1.4887176578039868e-02        -2.2138195670935905e-03         1.5474538807160140e-01        -2.4491626038608558e-03         2.7541851864516893e-03        -5.4180094710872040e-02        -1.5793017961097965e-03
12                                    -2.2412869035617440e-03        -1.3229269966122728e-01         4.6874228764744855e-02        -2.4491626038608558e-03         7.3317438366410981e-01         5.6168377345599207e-02         1.8554054867599687e-02        -3.8763284837969880e-01
13                                     8.2877223205160035e-04         7.7983762959371511e-02        -2.5184168548708363e-01         2.7541851864516893e-03         5.6168377345599207e-02         6.8753785258655742e-01         4.5150477838585071e-04        -4.0781430247483624e-02
14                                    -1.3667914046186502e-03        -2.5428795379354840e-03         1.8140543242067399e-03        -5.4180094710872040e-02         1.8554054867599687e-02         4.5150477838585071e-04         1.1869466212402272e-01        -1.0266025602087003e-02
15                                     5.6945847555701554e-04        -5.2399182870245059e-02         5.0792807563130753e-02        -1.5793017961097965e-03        -3.8763284837969880e-01        -4.0781430247483624e-02        -1.0266025602087003e-02         7.3579033889230705e-01
16                                     5.2482567576179529e-04         1.5353527090613869e-02         3.2814305620774933e-02         3.8714661713929724e-04         1.4974739335483739e-02        -1.3359662251996732e-01         6.5415602190288275e-04        -5.6573848359116045e-02
17                                     6.3762312124228965e-03        -1.5145735241002935e-03         1.4639305511563931e-03        -4.1686366720884299e-03        -1.0451440230761742e-02        -1.0529755889268117e-03        -4.7600907456567393e-02         1.9108958826780289e-02
18                                    -1.4914985828376985e-04         8.8507337110829143e-03         2.4300863382343101e-03         2.0482619891986232e-04        -2.9753849183067622e-02        -3.1688169508248612e-02        -8.1627320545342961e-04        -1.4219182875913239e-01
19                                    -5.8752324384160289e-04         1.9211207734608715e-02        -4.3889351159681525e-02         6.7224668628870635e-04        -6.7608483333787162e-02         2.0503527409864282e-02        -2.1230061854844960e-03        -2.7685851554675289e-02
20                                    -1.7422559462034952e-03         2.2421419459806545e-04         1.7577602418345214e-04         9.4871906992375493e-04        -7.2998462105996510e-04        -1.0169419265654077e-03         6.2182523041562354e-05        -2.6803134882877628e-03
21                                     2.0004159853339410e-04        -7.1925619768557526e-03         5.8460894997840705e-04        -1.6629376070410504e-04         1.0126782621141930e-02        -3.7295620111517588e-03         1.5509404697997627e-04        -3.2411612216137690e-02
22                                     1.6365173647297527e-05        -3.4009366698821127e-04        -1.6139218518763949e-03        -8.1042323231250889e-07        -5.9725318102406277e-04        -7.3854778829540602e-03         1.6671451059610889e-05        -3.5131994542825021e-02
23                                    -4.0674399742327840e-04        -2.0371059635621762e-04         1.9197958686246260e-05        -1.3528476277285184e-03         1.8972160752099630e-04        -9.9310867790014133e-05         4.6698410317644505e-03        -1.0044423877887234e-03
24                                    -1.0660250014426305e-04         3.2894259538766490e-03        -1.7341320803954670e-03         9.4050940414119985e-05        -5.1337569442928173e-03         4.8417798536537016e-04        -1.4667635415431627e-04         1.7553314766516372e-03
25                                    -3.1556750021435428e-05         9.8547308038091346e-04         2.6005860387412981e-04         3.0992423375621973e-05        -1.1512004862619610e-03         1.3879071206073794e-03        -4.8674956342076292e-05         4.7910300548024629e-03
26                                    -2.7990507208694757e-05         9.8558447372089895e-05        -6.2274814985551356e-05         2.8942237897572711e-04        -1.7802280866939825e-04         1.9016091813059145e-05         4.5664536617244945e-05         2.0322220590388972e-05
27                                     5.0380079355918310e-05        -1.3346544402626690e-03         8.1083882735123573e-04        -4.9051462683104898e-05         2.2263500687293718e-03        -1.0600146477016397e-03         8.4496522072427511e-05        -3.4883494264542885e-03
28                                    -6.1110304276396914e-05         1.9252939559120399e-03        -1.0381747541795294e-03         6.0082644826397260e-05        -2.7049052729374648e-03         5.4710450328016654e-04        -7.2565944487233493e-05         1.0631118199540372e-03
29                                    -6.9344119811467570e-05        -4.1120306487891082e-05         3.0948628874423493e-05         1.2301274201772917e-04         8.4652613518267211e-05        -4.4805911857206756e-05        -3.8915723055405973e-04        -1.4897760173732946e-04
30                                    -5.5171771026193213e-05         5.7510985675182690e-04        -2.1227613156284868e-04         1.5460498579301289e-05        -1.4971312258976136e-03         7.0955130480895162e-04        -7.3116866562542951e-05        -5.4881026352058236e-05
31                                     7.6279004916143047e-05        -1.9499786776089726e-03         8.3957181504897699e-04        -6.2710507435346442e-05         2.8005655140847436e-03        -8.8847340174088099e-04         8.8116481554236341e-05        -2.6720264693627545e-03
32                                    -7.7017441047784663e-05         2.4898240617872691e-06         5.3460908020762387e-06         1.0572885779067259e-04        -4.0184682308802062e-05         1.5888029723310233e-05         4.4068030132933588e-04         8.7541155694400902e-07
33                                     2.6825383680941715e-05        -3.8559172459876870e-04         3.0180832115526913e-04        -1.0921447127750162e-05         8.6610367824522931e-04        -4.2209195726616345e-04         3.3259992967009535e-05         5.8587290935800543e-05
34                                    -8.2418433115270370e-05         1.6282583618564077e-03        -4.1693686957654198e-04         4.9384559198866717e-05        -2.3999065671055538e-03         1.1791586116147829e-03        -8.4429474313897350e-05         9.6941431068471367e-04
35                                     5.0098690260072083e-05        -2.3773351978531398e-06         5.5848228952617476e-06        -7.3714521773770653e-05         1.6836994207140672e-05        -7.1984122745896262e-06        -7.4654078468477708e-05         6.5169058837560731e-06
36                                     2.7033257227147742e-06        -9.0955261733487923e-05        -7.2406556576496491e-05        -3.4160141050266102e-06         5.2736700390138726e-05        -5.5890527141501465e-05         4.3695282097277245e-06        -1.0097591833111769e-04
37                                     6.0942560619083519e-05        -1.1965235482108059e-03         3.5300544883488255e-04        -3.5792558259085835e-05         1.7848795532067272e-03        -8.6594392593949802e-04         6.3404269561543597e-05        -6.4956118067706565e-04
38                                    -3.9846700128014365e-06        -1.0248700839976366e-05        -1.3579145290527446e-07         4.6789253755168017e-05         1.2598554567004643e-05        -5.8397131952561477e-06        -4.8164276004906526e-05        -8.3816170676291139e-06
39                                    -2.6071037729965245e-05         4.6160626150452077e-04        -3.7672080229552915e-05         1.3688192095846461e-05        -6.9306742610719283e-04         3.0254856556114672e-04        -2.4519789249989965e-05         2.3391284906891237e-04
40                                    -1.1228142013879243e-05         1.9086543339048219e-04        -2.4030314383239465e-06         5.6241093948355286e-06        -2.8330534369364806e-04         1.2109179464028834e-04        -1.1460724280562622e-05         5.8040893748210077e-05
41                                     6.3957375538474579e-06         1.5338140205922953e-05        -1.6662874589345387e-06         9.7695158560894960e-06        -2.1638609363288072e-05         1.0014336437070646e-05        -7.4530625742949243e-05         5.3688181356045007e-06
42                                     1.3967896500701112e-05        -2.3937105716123142e-04        -5.2270527673917242e-05        -7.2997669760277281e-06         3.5104730998551377e-04        -6.7731892093081121e-05         1.1135709098069380e-05        -3.0362446175707415e-05
43                                     1.1051459120953729e-05        -1.9778882423292747e-04         1.1253913913817064e-04        -6.2123259536065910e-06         3.0229701834964774e-04        -2.4026330780459057e-04         1.0471663761495788e-05        -2.1173763702313176e-04
44                                    -1.4553367676667264e-05        -9.2490275398647155e-06         1.1581017373133893e-06         7.0193278074082983e-06         1.0735534876491214e-05        -6.3813539015963645e-06         1.2216904756922857e-04        -3.3959349553706419e-06
45                                     2.9026475073162592e-05        -5.6113668886755615e-04         2.0792460166882474e-04        -1.7106936879815168e-05         8.1273966133813512e-04        -4.2038761168760675e-04         2.9369851256018823e-05        -3.3512918704594664e-04
46                                    -1.8053566471299899e-05         3.3663950729252197e-04        -1.4338985857234306e-04         1.1087636694157802e-05        -4.9369745942812074e-04         2.7129833959395322e-04        -1.8116694301286325e-05         2.1095572979364064e-04
47                                     9.6628750021235847e-06        -1.4824653260372812e-05         5.6991435127905126e-06        -2.8857954637783190e-05         2.2819316083550355e-05        -1.1598157710831390e-05        -3.8195851327108594e-06        -7.7801160069226943e-06
48                                    -1.7383186685784002e-05         3.2341313678134335e-04        -1.3161541694580630e-04         1.0262084801580520e-05        -4.7380504978423933e-04         2.5456661314219491e-04        -1.7068045497165924e-05         1.8176463223034951e-04
49                                     1.1973274622032329e-05        -2.1902692625657154e-04         9.1417623074273270e-05        -7.0925711002279580e-06         3.2184571755149594e-04        -1.7602617269333123e-04         1.1545793908639996e-05        -1.2445493092639052e-04
50                                    -5.9859371405905126e-08         9.2117108315116573e-06        -3.8746534989683560e-06         2.8775391160773045e-06        -1.3636647767886510e-05         7.2985646255395437e-06         4.7840104131864860e-06         4.7169125711455174e-06
51                                     2.8402626107733049e-06         5.1905115734661770e-04         4.2442264856598307e-04         1.0891622563744285e-05         1.3567434061189081e-04         7.4084837517590023e-04         2.3897555504878931e-05         8.8964416514863282e-04
52                                     1.6614656788835917e-05        -1.1046444668414803e-03         7.1577507379114603e-05        -3.3387265566584644e-05         1.1606017088695295e-03         2.6587888260443571e-04         3.5143472868785245e-05        -3.9181144252118036e-03
53                                     7.9709820105617875e-05         2.9738259889176296e-05         3.4702348653924464e-06        -5.0276361357659417e-06         1.2283675152024657e-05         2.5391467102384070e-05        -7.3065523020633769e-04         4.0952241693223293e-05
54                                    -5.0807390555443780e-04        -1.1051065869142465e-02        -5.4763498339938363e-02         2.8865931575370110e-05        -3.9834595418995943e-02         1.8083319145258993e-02        -1.3901973110823154e-03         5.1302956089426692e-02
55                                     6.3424181333716754e-05        -3.5729896512526838e-02         2.2525483298602766e-02        -1.1592703363829510e-03         2.2868371314498252e-02        -1.0932998335505033e-02         7.4947713342490309e-04        -1.1882945005186853e-02
56                                     6.1864739041184030e-03        -5.4868214960748438e-05        -1.7044852907703422e-03        -5.5212259047281442e-03        -1.3773376834488081e-03         5.7481699825653637e-04         3.2490135309644133e-03         1.5127707202095518e-03
57                                    -9.3145517520745193e-04        -1.5683613264708149e-01        -3.3243074472608790e-02        -2.9135879302649246e-03         5.1571523118020657e-02        -6.5663361683701484e-03         1.6457898564861810e-03        -3.6900865908250813e-02
58                                    -1.6928708843344390e-03        -3.5473375286566800e-02        -2.2912988659016931e-01        -6.1596870559608606e-04         6.0066568326642700e-03        -3.8726298853757807e-02         2.9007214797376318e-04        -8.1009467919513356e-03
59                                     1.4884582157526876e-02        -2.8699506196603764e-03        -5.1297367615425618e-04        -5.9337719934453248e-02         1.5670065097356006e-03        -1.1308749752705395e-04        -8.4271326044610406e-04        -1.1214001236934954e-03
60                                    -1.4262323965971225e-03         5.6702892065733403e-02         9.0209083429693762e-03         1.5954315520703972e-03        -1.2748172824119870e-02         2.1305990901234473e-03        -5.1912350346140746e-04         1.1767502092896228e-02
61                                     6.8785050866155195e-04        -4.9941778038387029e-03        -4.1824056752775486e-02        -3.0786138112093146e-05         1.7586777106960031e-03        -6.5288962493128119e-03         7.9477637225669012e-05        -7.6442713864165891e-03
62                                    -3.8126078340696935e-03         1.6099910580832559e-03         3.6354132873946815e-04         2.4055513051717305e-03        -5.1412369685402339e-04         1.0124070256446623e-04         4.2902666050730794e-03         3.9199564581992251e-04
63                                     1.0203780031976003e-03        -3.7918282250599851e-02        -8.3142490528072127e-03        -8.6067904999408075e-04         1.0949269736823060e-02        -7.6421271920087668e-03         3.3642893378115629e-04        -1.2624090600835707e-02
64                                     1.5073639104605562e-03        -3.7279341288553661e-02        -5.2125001762430255e-03        -1.1089696489911401e-03         1.2105725195603007e-02        -7.3009597819946922e-03         3.8266958690822003e-04        -1.0462428117500512e-02
65                                     2.3117833422847282e-02        -7.7956950796155880e-04        -2.5901839409948955e-04        -8.3157939989246376e-03         2.7992212612502979e-04        -2.0893073067446225e-04         4.2727315888611719e-04        -3.4620963245700527e-04
66                                     1.4619621464541255e-04        -8.4349927938882907e-05         3.4679331307729540e-04         2.5273049315764336e-06         2.1781126776852485e-04        -1.1584701211658679e-04         9.1698695050808610e-06        -1.8914597566438424e-04
67                                     3.8047380435079744e-05        -5.5748436877450227e-05         5.2241236624109896e-04        -4.5774340997897792e-06        -4.5310600052237402e-05        -1.0424607689571376e-04        -1.1847306654164260e-06        -8.9571573359170350e-05
68                                    -2.7687277361552559e-04         6.9956175252425127e-06         5.9554548515525744e-06        -2.3139007969927034e-04         7.7985676267313666e-06        -3.3033889300229807e-06        -6.4886981397365990e-05        -5.0393499928327260e-06
69                                    -1.4371251120574523e-03        -1.1153866021902984e-03         2.9641878124612498e-04         2.4104045100642271e-03        -1.3548322577664222e-04        -3.2015685468581771e-04         1.5431006585586666e-04        -1.4662706991608763e-04
70                                     3.0750553765229705e-04        -3.4679424123662929e-04         2.6628235519514056e-04        -1.2885065086773686e-04         2.7319170168430928e-04        -1.9648876351384376e-04         3.8108350086010998e-05        -3.0436798725445012e-04
71                                    -2.5009929160359537e-04         2.3725900018413014e-04        -1.2415768922812744e-04        -3.9386678367831857e-04        -7.9956807016015596e-05         6.7638265451045116e-06        -1.2351915897906838e-05         6.9465337959199471e-05
72                                     1.2349344117092028e-03        -9.5659361550975638e-04         2.7722037109770536e-04        -2.4449675905352207e-03        -1.3122812381115420e-04        -3.2018246757952395e-04        -1.5872714827456317e-04        -1.5121551529153647e-04
73                                    -2.2615361445877682e-04        -3.5348628710361115e-04         2.6809468793235482e-04         1.0149945621520012e-04         2.7477844245981970e-04        -1.9592600167587653e-04        -1.9308570406958604e-05        -3.0427199365479999e-04
74                                    -1.7537862352468968e-04        -2.7047676298323775e-04         1.3603036541260446e-04        -5.5240883740996537e-04         7.1616076659515907e-05        -2.5541544621507606e-05        -1.6956479375163390e-05        -7.9544887695084509e-05
75                                     1.4481356499448152e-04         1.0729520955254779e-02         1.6319058914896399e-02         1.8092940960524168e-04        -1.1676709140722963e-01        -1.1406599695677154e-01        -2.1938740674165699e-03        -1.0515840094227093e-02
76                                    -6.6934538376014851e-05        -1.4189377591623375e-02        -2.0071078261272943e-02        -3.6607271956856223e-04        -1.1282870690412433e-01        -2.7988265644989996e-01        -2.8289367086412761e-03         1.3228749418579717e-03
77                                    -3.2273988083736933e-03         2.5090120258014937e-04         5.4980651172085060e-04         3.5397327047555693e-03        -2.1857676730126919e-03        -2.8591434705410399e-03        -3.5475550482432616e-02        -4.2240037212347111e-04
78                                    -4.0001231485349930e-05        -3.8048135988248584e-03        -2.4837492346032608e-03        -3.9499027886538316e-04        -1.3517564325191926e-02         2.7950344136356848e-02        -6.0287017083462935e-04        -1.4216421882253430e-01
79                                     1.9687861580338225e-06        -1.6016359648306621e-03         9.9232104698477978e-04        -2.5325157774425827e-05        -2.8358715751596805e-03         6.9396267587709011e-03        -1.0372166574647355e-04         1.2765093376544839e-01
80                                     4.7601549219609778e-04        -4.1227341033204379e-04        -4.8354353281697724e-05         9.5527359446930457e-03        -4.8635112382471642e-04         8.5472564025421594e-04         3.4565979834659767e-03        -3.6447532684779653e-03
81                                    -1.0712404610284198e-06         2.6484394684282990e-05        -6.1538770812553413e-06         2.5580781060457314e-06        -1.4121338977993647e-05         1.0231330278624918e-04        -3.0371052404185508e-06         1.4735959207177118e-04
82                                     5.6127607454851340e-07         5.8810967717030222e-05        -1.4545753379468758e-05         6.6271145755405185e-07         2.4761350386471887e-05         6.3404104947460747e-06         7.0520452931987633e-07        -9.2616667148864916e-05
83                                     5.7621280491135888e-05         8.7263623721593967e-06        -9.1202929954948204e-06        -6.4631246947488457e-05        -9.7707916368259565e-06         1.1124011208272404e-05         8.2050436246060057e-05         1.7242550016440225e-05
84                                    -9.0127223662446343e-07         1.1821732504982283e-05        -1.5206919400120086e-05         1.7096642040078021e-06        -1.4527697357765140e-05        -1.1404213612842241e-04         1.2506887916947875e-07        -3.7515697273196802e-04
85                                    -2.8266719176172736e-07        -1.2229873948496899e-06         3.0991443043088505e-06         2.1407076161987768e-07         9.6449563131685784e-07         1.3467067726180950e-04        -1.2104117794409551e-06         2.8447499963116062e-04
86                                    -2.3808742243368625e-06         3.3268229113442679e-06        -1.3355379731436328e-06        -3.5068929055671720e-05        -3.7530771631975416e-06        -8.5269279115187397e-07         1.0703523064595362e-05         7.2446327555476707e-07
87                                     8.6912149602398280e-07        -1.0975683663111998e-05        -3.1835316833444052e-07        -6.8582417822887222e-07         1.5809526545028862e-05        -9.8741234471267823e-06        -5.1746167004130281e-07         6.4616412621126292e-06
88                                    -3.7250580334071859e-07         5.9606909446918732e-06        -8.7974810662316133e-06         5.5049891360909656e-08        -2.1611325039717357e-05         1.6603908863175532e-05        -5.7544423969974969e-07        -8.5004518791741515e-06
89                                    -8.2737841459424790e-06        -2.1569761066843850e-07        -4.4864802849192410e-07         3.8722108115257172e-06        -9.3165441495990001e-07        -1.7299261438825743e-07         2.4280773615902958e-05         7.2825324638599047e-07
90                                    -3.6363492716377061e-05        -4.5685220212838169e-03         2.5475382512520055e-03        -3.2897549923290460e-04        -5.2631547064074195e-04         3.2278185995154689e-04         2.5562163559533630e-06        -2.0649147377223157e-03
91                                     5.7128798884628026e-06         8.9634597797267398e-04         1.4349590840841168e-03         4.7949770070084940e-05         2.8202470858897273e-04         3.4479630551183249e-04         6.6168289076854164e-06         4.2539660310952779e-03
92                                     1.5655968890567734e-04        -3.2781173281461347e-04         8.7183981632361749e-05         6.1311219061943693e-03        -6.1498679246935865e-06         1.3962637185705254e-06        -5.6528012566663230e-04        -2.7977239574424718e-04
93                                     1.1042526869831563e-04        -2.2932263628591132e-03         3.0075604675252913e-03        -2.6021180131028120e-04         5.5517559111287478e-04         9.2990314150691897e-04         1.4295934029908797e-05         2.8997586495415072e-04
94                                    -6.3718014116094011e-06         4.5933157704872779e-03        -1.4597787263644956e-03         1.5732257656681908e-04        -1.2432106807905264e-03        -8.7011701169310840e-04        -3.5162421002780001e-05         4.6852362720267889e-05
95                                    -3.9280117559104162e-03        -2.6247437640616129e-04         1.1323062737582563e-04         6.1952572884790289e-03         1.7969814142733095e-05         2.9165441584798868e-05         1.6718940502215561e-05         1.3123929015735776e-05
96                                    -1.4655650645059042e-04        -9.6517271536833080e-04        -2.5731996482000275e-04        -1.8569495695538969e-05         3.1139011340591794e-04        -5.4814424822968938e-06         4.3515746323777361e-05        -1.2875035480102657e-04
97                                    -4.5385270937021042e-05        -1.8207890166176035e-03         4.0933482865373170e-04        -5.6003544880561066e-05         4.1139533446223016e-04         1.1809868335427970e-05         8.8463123873519427e-06        -9.5727587407426452e-05
98                                     5.4866340668448428e-03        -1.0218983554292132e-05        -4.8358343835864511e-06        -2.9624509322759805e-04         4.6411734410238115e-05        -4.0268666096608617e-06        -1.2147030960074721e-03        -6.5059246192668504e-06
                                                        16                          17                          18                          19                          20                          21                          22                          23

0                                     -3.0324418925106766e-04         4.6691695848978065e-06        -1.0184363287790244e-03         1.0839858499785565e-03        -3.8903797075118924e-05         8.2576570949998817e-04         2.4693806091308581e-04         2.5951675294403603e-05
1                                     -1.7025215483989641e-04         1.9233844067372275e-06         7.1186472828648558e-04        -3.3592185024066692e-04         2.0738476088044876e-05        -6.5683134949960967e-04        -1.7340819480737697e-04        -2.0667789460487794e-05
2                                     -1.0146637876680401e-05        -6.9235997597501243e-04        -3.5736069140735033e-05         3.0785832533977329e-05         2.4080033017944729e-04         2.1656814226348516e-05         5.6262609846293173e-06         1.3941971654226372e-05
3                                     -8.1299919603052993e-04        -1.2316168603481337e-04         2.6660495413365812e-03         1.3970247240348917e-03         9.5847172645831570e-05        -2.4121160419568067e-03        -5.1326092527573708e-04        -8.8281370084165357e-05
4                                      1.1495593930649594e-02         6.6340005729631144e-04        -2.4452902380520535e-03        -2.1551913200354506e-02        -3.0984753422734181e-05         1.9427921603016804e-03        -4.1868425378454991e-04         6.3846529164586130e-05
5                                     -5.1096535114089595e-05         6.5282733742321494e-04         1.0415439863931360e-04         8.8825256823398056e-05        -5.1473667606877888e-04        -8.9384667831082790e-05        -1.3264730853478384e-05         2.7245449773555713e-04
6                                      1.6716739944455491e-02         5.5311948804250954e-04        -6.6223950513085317e-03        -1.9185299576462225e-02        -1.1739620242266671e-04         6.2575364006787985e-03         6.1052028047260220e-04         2.2184141577778920e-04
7                                     -9.9459575192665708e-03        -1.8673639294537698e-04         3.2719516572053253e-03         7.4798975818177547e-03         7.5678242158671699e-05        -2.6098537010824166e-03        -1.2192059289070026e-04        -8.7167639820400370e-05
8                                      5.2482567576179529e-04         6.3762312124228965e-03        -1.4914985828376985e-04        -5.8752324384160289e-04        -1.7422559462034952e-03         2.0004159853339410e-04         1.6365173647297527e-05        -4.0674399742327840e-04
9                                      1.5353527090613869e-02        -1.5145735241002935e-03         8.8507337110829143e-03         1.9211207734608715e-02         2.2421419459806545e-04        -7.1925619768557526e-03        -3.4009366698821127e-04        -2.0371059635621762e-04
10                                     3.2814305620774933e-02         1.4639305511563931e-03         2.4300863382343101e-03        -4.3889351159681525e-02         1.7577602418345214e-04         5.8460894997840705e-04        -1.6139218518763949e-03         1.9197958686246260e-05
11                                     3.8714661713929724e-04        -4.1686366720884299e-03         2.0482619891986232e-04         6.7224668628870635e-04         9.4871906992375493e-04        -1.6629376070410504e-04        -8.1042323231250889e-07        -1.3528476277285184e-03
12                                     1.4974739335483739e-02        -1.0451440230761742e-02        -2.9753849183067622e-02        -6.7608483333787162e-02        -7.2998462105996510e-04         1.0126782621141930e-02        -5.9725318102406277e-04         1.8972160752099630e-04
13                                    -1.3359662251996732e-01        -1.0529755889268117e-03        -3.1688169508248612e-02         2.0503527409864282e-02        -1.0169419265654077e-03        -3.7295620111517588e-03        -7.3854778829540602e-03        -9.9310867790014133e-05
14                                     6.5415602190288275e-04        -4.7600907456567393e-02        -8.1627320545342961e-04        -2.1230061854844960e-03         6.2182523041562354e-05         1.5509404697997627e-04         1.6671451059610889e-05         4.6698410317644505e-03
15                                    -5.6573848359116045e-02         1.9108958826780289e-02        -1.4219182875913239e-01        -2.7685851554675289e-02        -2.6803134882877628e-03        -3.2411612216137690e-02        -3.5131994542825021e-02        -1.0044423877887234e-03
16                                     6.6603879782474418e-01        -3.0616936695124185e-03        -7.3714329704796980e-02        -2.3848876635235544e-01        -1.8771738922982446e-03        -1.9597019338577833e-02         3.2815245604800036e-03        -6.3258186140204833e-04
17                                    -3.0616936695124185e-03         1.2170367114473239e-01        -2.5013837393730049e-03        -4.8686730076635517e-04        -5.4888801698691841e-02        -1.0918221849670069e-03        -1.1733991912327066e-03         1.1285220882782943e-03
18                                    -7.3714329704796980e-02        -2.5013837393730049e-03         6.4975652118208271e-01        -3.3478261965670914e-02         1.6683162906300335e-02        -2.3453348567500315e-01        -5.5031944248800438e-03        -5.9203267421776336e-03
19                                    -2.3848876635235544e-01        -4.8686730076635517e-04        -3.3478261965670914e-02         6.6444643252872881e-01        -2.1028639477392651e-03        -2.9701220463410560e-02        -1.0806032757388585e-01        -1.0725589538809828e-03
20                                    -1.8771738922982446e-03        -5.4888801698691841e-02         1.6683162906300335e-02        -2.1028639477392651e-03         1.3050629292893348e-01        -5.9768884736778691e-03        -2.5147670600145818e-04        -5.2672668048459104e-02
21                                    -1.9597019338577833e-02        -1.0918221849670069e-03        -2.3453348567500315e-01        -2.9701220463410560e-02        -5.9768884736778691e-03         7.4052797024470751e-01         6.5308947219273730e-02         1.9298611356738625e-02
22                                     3.2815245604800036e-03        -1.1733991912327066e-03        -5.5031944248800438e-03        -1.0806032757388585e-01        -2.5147670600145818e-04         6.5308947219273730e-02         5.7141561745330838e-01         4.4765291022450387e-03
23                                    -6.3258186140204833e-04         1.1285220882782943e-03        -5.9203267421776336e-03        -1.0725589538809828e-03        -5.2672668048459104e-02         1.9298611356738625e-02         4.4765291022450387e-03         1.5842374421163255e-01
24                                     7.8130044238831076e-03        -1.3128635096954356e-05        -3.1686737458136646e-02        -2.1219445124447553e-02        -1.3434179463509260e-03        -1.8318027215455321e-01        -9.3596424367240472e-02        -4.1813830707429075e-03
25                                     1.5594315417610163e-03         1.6739434757351388e-04        -9.4857669907765230e-03         1.1348707690129821e-02        -3.0756584023817340e-04        -1.1831600993402500e-01        -2.4580553790936149e-01        -5.0277280236520269e-03
26                                     2.7180692874591576e-04         2.1738125830460756e-03        -1.2054226423650633e-03        -6.8161101087114073e-04         5.8879976448973585e-03        -4.4598752060815384e-03        -4.3226446121665870e-03        -7.1471212059610961e-02
27                                    -2.3057081484719015e-03        -1.3734285352639500e-04         8.0456102523425270e-03        -3.2731547851071394e-03         1.3367081064082602e-04        -6.7419768768075594e-02        -5.7776121396901851e-02        -2.9524899050115952e-03
28                                     3.0601450790101680e-03         3.8365693576350957e-05        -1.0794480489884354e-02        -4.7391086842624632e-03        -4.0299803245034992e-04         1.0943024012816896e-02         4.4305218010516900e-02         5.5510927279981098e-04
29                                    -6.3598230241208691e-05         4.9550354352702276e-04         1.0910075858242755e-04        -1.7029443651290374e-04         3.5407038212345553e-03        -2.5754555348683553e-03        -1.6576300477223833e-03         1.1341838065941384e-02
30                                     2.7849588581124411e-03         2.5781188205622530e-05         1.0016866502279981e-03         1.5691577323436942e-04        -8.5637049923031807e-05        -7.6345732369182906e-02         6.8195572539842139e-02        -2.2972644437485108e-03
31                                    -3.9450074001835082e-03        -9.1071496486807270e-05         1.0169795742382406e-02        -7.5756816037682809e-03         2.7989041716749302e-04         2.0151206997383427e-02        -3.4085794970256572e-02         3.8685337324198456e-04
32                                     6.9749424361776431e-05        -6.4192619282469189e-04        -2.7894391674519303e-05        -5.2769241992689270e-05         3.2036271690043423e-03        -2.6084986031539832e-03         1.9565876634806000e-03         7.6033928855826147e-03
33                                    -1.0713749820215244e-03        -6.5256432378465348e-06         7.0626396262507725e-04         1.7577955991711653e-03        -2.8625262653515180e-05        -5.2301201537551523e-03        -2.2792109128273362e-02        -3.6782212253736520e-04
34                                     3.4867325276672768e-03         5.1151221425385384e-05        -7.6501145031451631e-03         2.6375577476788195e-03        -2.5908297912687463e-04         7.1353913166028234e-03         1.7202246586333608e-02         3.5354406636798491e-04
35                                    -1.2252978734009336e-05         8.4094965136522349e-05        -7.6852010517578320e-05         5.7349725639594239e-05         1.8246800749705952e-03        -1.7742558306673849e-04        -6.8525781895752667e-04         1.2934811911657663e-03
36                                    -2.1227057703868127e-04        -8.0308582530259714e-06         1.1044293950749962e-03        -2.1172106425841646e-04         4.0406699227782499e-05        -1.5123452554520202e-03         1.1892514826535769e-03        -3.5605335845013870e-05
37                                    -2.4895065201928105e-03        -3.5080585281159952e-05         5.0607567413541409e-03        -9.3529616929401908e-04         1.6966273279908137e-04        -7.7650603385486785e-03        -1.7329467120004841e-02        -3.8057218880404166e-04
38                                    -2.1499622690403321e-05         5.0118717221011297e-05         6.5695397716223060e-05        -1.3111406350842186e-05        -1.2432369033298787e-04        -8.3415473549715513e-05        -3.8087071240383929e-05        -1.2926872547397742e-04
39                                     1.2079891025634751e-03         1.4360936720626404e-05        -2.3351383804960371e-03         5.4617406198969015e-04        -8.9894126695034621e-05         2.7506811341877439e-03         7.9881576688530052e-03         1.5935463835515143e-04
40                                     5.1815094651972370e-04         7.0762989076190183e-06        -1.0612397284882277e-03         3.4425248341161648e-04        -3.6266459230427700e-05         2.1668371968883299e-03         1.9330565627228109e-03         9.0171022940101968e-05
41                                     4.0552639711320429e-05         3.9809891562275123e-05        -9.0827033000560024e-05         1.6300684659107921e-05         4.2523584731792268e-04         1.0389289139903857e-04         2.6532963250863501e-04        -3.6402184727183284e-04
42                                    -8.4899270195876089e-04        -3.5032851199550406e-06         1.3249049703024695e-03        -3.2391296361539872e-04         4.8048404804145572e-05        -1.5698775220653331e-03        -4.1217161455784435e-03        -8.7209318866690984e-05
43                                    -1.4573674794985531e-04        -1.4147450283121389e-05         7.2977275783537362e-04        -2.7026484406402829e-04         2.5639473990404068e-05        -1.7366475074007742e-03        -1.1227495321480168e-03        -6.5772998793059686e-05
44                                    -2.2178689594353818e-05        -1.0038211856593820e-05         4.9088878091454483e-05        -1.2151223934703032e-05        -1.6676178380584865e-04        -5.8935541204256355e-05        -1.3277116314955382e-04         1.5624041725671660e-04
45                                    -9.9309878636139352e-04        -1.4832196235439908e-05         2.0350862749830383e-03        -5.7140608404319731e-04         6.9511359994098027e-05        -3.1893302066105860e-03        -6.3003953176711917e-03        -1.5709461254570772e-04
46                                     5.5588188148866552e-04         1.1341676806362787e-05        -1.1611654101187138e-03         3.1334973709796029e-04        -3.8349687188984734e-05         1.8160531064119660e-03         4.0481720652882063e-03         8.8334259183918520e-05
47                                    -3.0508348477240645e-05        -6.7460930915048058e-05         6.4589482007803653e-05        -1.4271166561760884e-05        -9.0769738043355554e-05        -9.9122033664056288e-05        -1.8504631629085618e-04         2.3662357433997124e-04
48                                     5.5142420974990496e-04         9.3292502946256068e-06        -1.0883395415887652e-03         3.5909477479197007e-04        -3.6607723512529128e-05         1.7446960242645489e-03         3.6272362587757238e-03         8.5223008147356508e-05
49                                    -3.7303978857376849e-04        -6.6908159687743786e-06         7.2468989063026814e-04        -2.4216159002473183e-04         2.4162361768103338e-05        -1.1628697107490952e-03        -2.5342699138181197e-03        -5.6594602703282512e-05
50                                     1.6209564833756637e-05         1.0100243773948237e-05        -3.2537522789511202e-05         1.0052313237495842e-05         1.2692778380080236e-05         5.1422134724876840e-05         1.0610248098775880e-04        -4.5274200684015454e-05
51                                    -2.4738348090542345e-05         3.1697899247954114e-05        -2.9175823614277674e-02         4.4273396683517124e-02        -6.6384193429157344e-04        -1.2717641430222390e-01         6.2983009156176994e-02        -1.6738561977723411e-03
52                                    -2.2626981678975011e-03        -1.0743508228040692e-04         1.5246813157874267e-02        -1.1716738478323733e-04         4.9534192769095167e-04         3.3468988040946987e-02        -2.1711802652881668e-01         1.6101461981328285e-04
53                                     1.3702934842016717e-05         5.4667022523499642e-04        -8.5530263250653917e-04         1.4559704648336679e-03        -1.6054810017792354e-03        -1.7933005826046462e-03         1.1645326135330666e-03        -6.4236893004523871e-02
54                                     1.9485908530450916e-02         1.4218288835840729e-03        -1.7489963538519121e-01         7.3073642589509935e-02        -4.0283089024625808e-03        -3.8524514665367660e-02         2.8287015096955349e-02        -1.3276045284703047e-03
55                                    -5.6168890788994785e-02        -1.5759075840561521e-04         1.1303874331916489e-01        -2.8254305887636832e-01         4.1515892612201330e-03         2.1934531570618282e-02         9.3213331549497729e-03         7.1738710720976265e-04
56                                     7.5832289723620143e-04         2.6727058182958313e-03        -4.1749716960565288e-03         3.0014499742097968e-03        -5.5642595525058153e-02        -1.2317826638314786e-03         9.3911622456468579e-04         4.7274180210184896e-04
57                                    -2.6436217324319465e-02        -1.0921560027323148e-03        -3.8536821271152946e-02         6.1907351786311592e-02        -1.4290857685957149e-03         1.0430964686151373e-02         4.5585074572659628e-03         1.8321149048573663e-04
58                                    -5.1057611353737820e-03        -2.2412486250024727e-04         2.9608502004685965e-02         9.7688879729283685e-03         9.0632698586353322e-04         1.5140157278825152e-03        -4.6293495223146928e-03         6.9574191585467795e-05
59                                    -7.8909157393620229e-04         7.7946904751403229e-04        -1.4039702306459390e-03         1.8773601306846322e-03         3.7197663067816411e-03         1.9073922147106576e-04         1.5601155119218882e-04         5.7710743725583966e-03
60                                     8.4940247531704836e-03         3.5437521619266542e-04        -1.0073015779204254e-03        -2.1727380791286180e-02        -1.2318369002649250e-04        -2.0295566777880458e-03         1.4516592464425065e-04        -1.1724908020984909e-04
61                                    -4.8323707601313597e-03        -2.2032998101771824e-04        -6.0737704769292106e-03         1.3030754227596728e-02        -2.0754314113581189e-04         2.6913932023809022e-03         1.5499937502909875e-03         9.3420153838418780e-05
62                                     2.6536470074679932e-04        -5.0737860507789421e-04        -1.4730312205966692e-04        -6.7214734448525792e-04         4.6871371930297554e-03        -1.2736003640735272e-04        -8.3999627798375841e-07         1.5200560689273336e-03
63                                    -7.2450457386138570e-03        -3.6338582812036626e-04        -2.1118029238522094e-03         1.6517573912936099e-02        -1.1307123761139358e-04         1.5410067367877911e-03         1.0930298264608157e-03         6.6949664876825470e-05
64                                    -6.5991735311842752e-03        -3.0353172769929763e-04        -6.3065739070389064e-04         1.2713729908374752e-02        -4.3818701941826333e-05         9.1819567556373854e-04         2.9219756926835588e-04         2.9111318961695075e-05
65                                    -1.9463083017955140e-04        -1.0067997294011086e-04        -7.5579877578447848e-05         4.5912601422985917e-04         3.5672230153757824e-04         6.4221843916943957e-05         3.0367209199795591e-05        -5.6148800793909715e-04
66                                    -1.1691240111663460e-04        -6.1367696900976098e-06        -1.1136221396334649e-04         2.1490440107091454e-04        -4.7022067717879733e-06         1.0215305177477100e-04         4.6578067687001837e-05         3.9804843922898669e-06
67                                     4.3475441622314740e-06        -2.7592258502295131e-06        -8.7113233892014322e-05         9.8256048082223074e-05        -2.8983776780579614e-06         1.0180464043016250e-04         3.4897894312501754e-05         3.5734495652898425e-06
68                                    -2.8613795620394205e-06         1.8494794111367426e-05        -4.3000559688877761e-06         5.9593031489939947e-06         3.7266093527913155e-05         3.8379192914329676e-06         1.4724797230245103e-06        -1.8512225969269414e-05
69                                    -2.1833681977604074e-05        -1.4810673255611455e-04        -2.1199425281416746e-04         1.4705214895429381e-04         3.0533698804742954e-05         2.3583766170853944e-04         8.2288772863224111e-05         1.5123076901115410e-05
70                                    -2.2902353385789080e-04        -1.6350633923366468e-05        -2.5918041420433768e-04         4.4028123553954668e-04         6.1211029638367089e-07         1.9663498584960836e-04         6.7416317289081611e-05        -1.2165984911998238e-05
71                                     3.4909816951936127e-05         2.6016436218543092e-05         3.7064464798380539e-06        -1.0189706579661901e-04         1.0859509017013309e-05         2.2241996526469084e-05         7.6965039344557579e-06         2.6874397323990766e-06
72                                    -1.9319970511388711e-05         1.3623635477615006e-04        -2.1031532982610605e-04         1.4122107150696053e-04        -4.2601982007810911e-05         2.3797550123983748e-04         8.2880208244370145e-05        -2.4148528230430412e-08
73                                    -2.2938837429496413e-04        -1.8925432048161608e-06        -2.5826195389588944e-04         4.4017802470509458e-04        -1.6623777722500305e-05         1.9443374067209447e-04         6.7065975948381350e-05         2.4315679255023332e-05
74                                    -3.4989915737583337e-05         2.9921489998197321e-05        -1.6196116680461251e-05         1.0929809459765043e-04         7.5636398609689465e-06        -8.0516848990391430e-06        -2.8209531646009619e-06         8.7552490913784441e-07
75                                    -2.8761642088026930e-02        -3.1799913602485269e-04        -4.8801001206961511e-03         1.2090536836896406e-03        -4.1736655906106059e-04         2.0075011619992975e-04        -1.4931022256188592e-03        -9.7831456977856481e-06
76                                     3.9483780074818266e-03         3.7976486246015244e-05         7.1978591805711830e-04         1.6834149568306428e-03         3.6768479258338796e-05         2.6848817230370331e-04         1.7991742368250307e-04         1.1046418164323673e-05
77                                    -8.8207519631632817e-04         2.6590690104831964e-03        -4.1495470189696545e-04         6.6475932060691516e-05         8.4565089006364922e-03        -1.1303407696623196e-05        -3.8937283669432274e-05         6.9986329553194571e-04
78                                     1.2863861830455353e-01        -3.6083724252961606e-03         1.2412681250968210e-02        -1.2966439604988078e-02         3.2508379483831815e-04         4.0210373953122967e-04         1.2233760522359664e-05         9.9190696479841306e-05
79                                    -2.5989405409446942e-01         4.5256821570272623e-03         1.5223864147647394e-02        -1.8247238203510811e-02         5.1363878839451077e-04         1.8047615149695906e-03        -1.0885261202699102e-03         4.4198950923856706e-05
80                                     4.5217076997585252e-03        -3.6605295876584218e-02         2.5177803033222417e-04        -3.1703959198641125e-04         2.5746241430273939e-03         1.0343057336495320e-04        -1.0651270270772264e-05        -2.7253353524770681e-03
81                                    -4.4672616341418165e-05         9.0156044194989250e-06        -6.7953320879805303e-05         8.7713256029453308e-04         6.7725027297729784e-05         1.1405767105072892e-02        -1.7124850973665503e-02         2.6410465282657994e-04
82                                    -1.2606699092796261e-05        -1.2964035129471590e-06         1.4286568455549892e-04        -1.7311708535399425e-04         2.0819014882878016e-05         8.4711958981178240e-03        -1.0681827236616427e-02         2.0825378584949684e-04
83                                     6.4664559877547999e-06        -4.0504952102491130e-05         2.7787485313097838e-05         4.0841722836585398e-05        -1.9585227001493823e-03         4.9311753557033781e-04        -6.2382809085144864e-04        -8.7886402195794179e-04
84                                     1.4689389346328756e-04        -3.0553297652841191e-06         1.4672639685178192e-04        -1.0376385018526369e-03        -1.4693734376635335e-05        -3.7181812895893829e-03         1.6741538639583929e-03        -2.6207764900726378e-04
85                                    -1.2290390974813094e-04         1.2730662634804244e-05        -1.0321484256895110e-04         1.1356473408422041e-03         5.1812853671496392e-07         4.5850274164910883e-03        -3.2869244757787255e-03         1.0073011143006428e-04
86                                     3.6948643576589461e-06        -3.1538546840312109e-04        -1.8563176934335654e-05        -2.6358844890875640e-05         3.8397691276987689e-04        -2.3015736684108329e-04         8.0126198372675083e-06         4.6848158454056892e-03
87                                    -2.1933265815750509e-05         8.1465475003600100e-08         8.5436783815070669e-05         3.5611501079993251e-04         2.8136387340318419e-05        -4.6014130904776878e-04        -1.3525428854311414e-03        -4.3493887591938748e-05
88                                     9.3070950863929263e-06        -8.7843504903888422e-07         2.8135936706979520e-05        -4.5918932510622399e-04         4.2453569092256990e-06         9.1249915589606298e-04         1.8566970010997826e-03         3.7853651988102638e-05
89                                     3.9164377919657123e-07         9.8470734445191693e-06         2.7608465674813954e-05         1.3257422236571521e-05        -7.7378639288561244e-04        -3.1700402267999833e-05        -2.1644043442615846e-05         5.8690297020928925e-04
90                                     2.9350281648256506e-03        -2.6943226504548047e-04         1.2705799842757078e-02         1.6164263472082344e-02         2.1357800487345309e-04         2.1037535021850833e-05         2.9091919343655426e-04         1.1676533648144064e-04
91                                    -2.1421392602409359e-03         1.6527597059373165e-04        -1.3117064769865835e-02        -1.8862956890404105e-02        -3.2244156166780094e-04        -1.3943284825632856e-03         1.3428795551168569e-05        -6.2544646189841317e-05
92                                     1.1938246868707343e-04         6.2751301191732323e-03         3.7218315831853059e-04         5.4659871325198972e-04         3.8534234087261080e-03         9.3485434193440605e-05        -1.1521463301325459e-07        -3.8762164258556182e-03
93                                     1.0973330791798352e-04         1.3603097157619747e-05         1.6749874242027259e-04        -4.1991039599354081e-04         5.9055777471372021e-06        -9.4665235519402879e-05        -4.0507148314193565e-05        -3.2386253527762340e-06
94                                     9.4626704962886676e-05         6.3118263736624392e-07         2.7613902971368280e-04         2.0859317805049446e-06         9.5919163999406694e-06        -2.1364573752731981e-04        -9.2597053395859059e-05        -6.8872379374371992e-06
95                                     2.8158948790772792e-06        -1.5073821058347194e-04         2.7599063128268757e-06        -1.3210066872598242e-05         5.5697697337804043e-05         1.5117106996136205e-06        -1.0170788058295994e-06        -1.1239893929683252e-05
96                                    -1.1483282210980459e-04        -4.8805483297363228e-06        -5.6610856878456378e-04         4.7848388738184837e-05        -1.2383924723107701e-06         1.8966755121600635e-04         1.8910697760554781e-04         1.0240193628762543e-05
97                                    -1.1332400617377562e-04        -2.3856333705943006e-06         9.5880974164961057e-05         1.0455996804902402e-04         1.5554326195402633e-06        -1.5572761416014400e-04        -1.9972388062345324e-05        -5.3652226928120806e-06
98                                    -4.4688000806253887e-06         5.8098483012779640e-05         1.0423726378242157e-06         2.5741487630252336e-07        -6.1577509265781170e-04         1.0156000108521081e-05         5.6740398888671602e-06        -1.2851181542337738e-04
                                                        24                          25                          26                          27                          28                          29                          30                          31

0                                     -3.8493509964682333e-04        -1.6279801484504741e-04        -1.2528726236075687e-05         1.6333075795313401e-04        -2.1240315732833971e-04         4.1011237573296577e-06        -4.0567401501424925e-04         3.6023767094972250e-04
1                                      3.7943889007504975e-04         1.3341501461806691e-04         1.2394061174600389e-05        -1.6805618029190839e-04         2.0146961199769034e-04        -5.3719367258127716e-06         5.0291072727171775e-04        -3.8314969545827842e-04
2                                     -8.3418386231018383e-06        -3.8400023791642862e-06        -1.9317900852795313e-06         2.3759926049936523e-06        -5.1001972815658575e-06         3.1949526790022203e-05        -8.7794895323890500e-06         8.0186980840235113e-06
3                                      1.1029041968527780e-03         4.1632946095306164e-04         3.5231110926909357e-05        -4.5032833825520022e-04         6.5040571154597259e-04        -1.1085518465687246e-05         4.7046480778949315e-04        -8.1969579685829404e-04
4                                     -1.4053309579188380e-03        -2.9755134361102002e-04        -4.9912168863943085e-05         7.8854726144582334e-04        -7.9777163114743105e-04         2.7940185980998173e-05        -7.0668480858397144e-04         8.8881855909036741e-04
5                                      3.7495600476451337e-05         1.3159352935585909e-05         1.2899781062410065e-05        -1.5568176559741122e-05         2.2432404833785518e-05        -2.9729496732731373e-05         1.7160141622529054e-05        -2.7960460290171741e-05
6                                     -3.4182440040587941e-03        -1.0690588545919581e-03        -1.1330019311638043e-04         1.4954948988745156e-03        -1.9261924932181026e-03         4.7124140856746316e-05        -1.8318422722850588e-03         2.4261290953523232e-03
7                                      1.4988468333844225e-03         3.8746029684998064e-04         4.9218680199732194e-05        -6.4251760809722384e-04         8.5273840228697968e-04        -2.0734241311708010e-05         1.0704792387178199e-03        -1.0973266055058154e-03
8                                     -1.0660250014426305e-04        -3.1556750021435428e-05        -2.7990507208694757e-05         5.0380079355918310e-05        -6.1110304276396914e-05        -6.9344119811467570e-05        -5.5171771026193213e-05         7.6279004916143047e-05
9                                      3.2894259538766490e-03         9.8547308038091346e-04         9.8558447372089895e-05        -1.3346544402626690e-03         1.9252939559120399e-03        -4.1120306487891082e-05         5.7510985675182690e-04        -1.9499786776089726e-03
10                                    -1.7341320803954670e-03         2.6005860387412981e-04        -6.2274814985551356e-05         8.1083882735123573e-04        -1.0381747541795294e-03         3.0948628874423493e-05        -2.1227613156284868e-04         8.3957181504897699e-04
11                                     9.4050940414119985e-05         3.0992423375621973e-05         2.8942237897572711e-04        -4.9051462683104898e-05         6.0082644826397260e-05         1.2301274201772917e-04         1.5460498579301289e-05        -6.2710507435346442e-05
12                                    -5.1337569442928173e-03        -1.1512004862619610e-03        -1.7802280866939825e-04         2.2263500687293718e-03        -2.7049052729374648e-03         8.4652613518267211e-05        -1.4971312258976136e-03         2.8005655140847436e-03
13                                     4.8417798536537016e-04         1.3879071206073794e-03         1.9016091813059145e-05        -1.0600146477016397e-03         5.4710450328016654e-04        -4.4805911857206756e-05         7.0955130480895162e-04        -8.8847340174088099e-04
14                                    -1.4667635415431627e-04        -4.8674956342076292e-05         4.5664536617244945e-05         8.4496522072427511e-05        -7.2565944487233493e-05        -3.8915723055405973e-04        -7.3116866562542951e-05         8.8116481554236341e-05
15                                     1.7553314766516372e-03         4.7910300548024629e-03         2.0322220590388972e-05        -3.4883494264542885e-03         1.0631118199540372e-03        -1.4897760173732946e-04        -5.4881026352058236e-05        -2.6720264693627545e-03
16                                     7.8130044238831076e-03         1.5594315417610163e-03         2.7180692874591576e-04        -2.3057081484719015e-03         3.0601450790101680e-03        -6.3598230241208691e-05         2.7849588581124411e-03        -3.9450074001835082e-03
17                                    -1.3128635096954356e-05         1.6739434757351388e-04         2.1738125830460756e-03        -1.3734285352639500e-04         3.8365693576350957e-05         4.9550354352702276e-04         2.5781188205622530e-05        -9.1071496486807270e-05
18                                    -3.1686737458136646e-02        -9.4857669907765230e-03        -1.2054226423650633e-03         8.0456102523425270e-03        -1.0794480489884354e-02         1.0910075858242755e-04         1.0016866502279981e-03         1.0169795742382406e-02
19                                    -2.1219445124447553e-02         1.1348707690129821e-02        -6.8161101087114073e-04        -3.2731547851071394e-03        -4.7391086842624632e-03        -1.7029443651290374e-04         1.5691577323436942e-04        -7.5756816037682809e-03
20                                    -1.3434179463509260e-03        -3.0756584023817340e-04         5.8879976448973585e-03         1.3367081064082602e-04        -4.0299803245034992e-04         3.5407038212345553e-03        -8.5637049923031807e-05         2.7989041716749302e-04
21                                    -1.8318027215455321e-01        -1.1831600993402500e-01        -4.4598752060815384e-03        -6.7419768768075594e-02         1.0943024012816896e-02        -2.5754555348683553e-03        -7.6345732369182906e-02         2.0151206997383427e-02
22                                    -9.3596424367240472e-02        -2.4580553790936149e-01        -4.3226446121665870e-03        -5.7776121396901851e-02         4.4305218010516900e-02        -1.6576300477223833e-03         6.8195572539842139e-02        -3.4085794970256572e-02
23                                    -4.1813830707429075e-03        -5.0277280236520269e-03        -7.1471212059610961e-02        -2.9524899050115952e-03         5.5510927279981098e-04         1.1341838065941384e-02        -2.2972644437485108e-03         3.8685337324198456e-04
24                                     5.7720166757857272e-01        -5.7480948571154183e-02         1.4231478540151846e-02        -2.7809971594421112e-01         5.0080929618189711e-02        -6.7539271406953710e-03        -2.2902835778874142e-02         8.3435918883431243e-02
25                                    -5.7480948571154183e-02         8.4687972606803608e-01         3.3841487631646760e-03         9.3172022320880676e-02        -1.5570537938927659e-01         2.3810451993019652e-03         1.1217199671668360e-02        -3.1790207063454569e-02
26                                     1.4231478540151846e-02         3.3841487631646760e-03         1.2242728475964056e-01        -6.4795964970758863e-03         9.5266310197737421e-04        -6.1853062140471038e-02        -1.0881777788944494e-03         2.4545917491953016e-03
27                                    -2.7809971594421112e-01         9.3172022320880676e-02        -6.4795964970758863e-03         7.7124593679995235e-01         1.2689319207861216e-01         2.1729962074861768e-02        -8.4623372125314220e-02        -5.1726563930444266e-02
28                                     5.0080929618189711e-02        -1.5570537938927659e-01         9.5266310197737421e-04         1.2689319207861216e-01         6.5773078243741290e-01         7.5335203911528065e-03        -5.6660959687515902e-02        -3.2316335391407341e-01
29                                    -6.7539271406953710e-03         2.3810451993019652e-03        -6.1853062140471038e-02         2.1729962074861768e-02         7.5335203911528065e-03         1.3445650701156711e-01        -9.4223781540249537e-04        -3.2862054885055138e-03
30                                    -2.2902835778874142e-02         1.1217199671668360e-02        -1.0881777788944494e-03        -8.4623372125314220e-02        -5.6660959687515902e-02        -9.4223781540249537e-04         5.9342590773699311e-01        -1.0319703311612972e-01
31                                     8.3435918883431243e-02        -3.1790207063454569e-02         2.4545917491953016e-03        -5.1726563930444266e-02        -3.2316335391407341e-01        -3.2862054885055138e-03        -1.0319703311612972e-01         7.4788262123697413e-01
32                                    -6.6291647192620205e-04         7.5382416396751610e-05         1.3700962237592568e-02        -9.1930277786773495e-04        -3.3789194959209169e-03        -6.6815185554378320e-02         1.4238632035389789e-02         3.1230022632062386e-05
33                                     1.6230893274129042e-02         1.2901949619571595e-03         4.0235489830235406e-04        -1.9354528888029000e-03         1.8775793977473740e-02         2.4639218860661709e-05        -2.0152704821348444e-01         1.0001952292273956e-01
34                                    -2.9019353954145587e-02        -1.2940866429549513e-02        -1.0648387669028835e-03         4.2455419420029401e-02        -5.5531287323057843e-02         1.0920205503929241e-03         9.7124870892172227e-02        -1.8800035510776289e-01
35                                     2.5561536225800175e-04        -4.8034883877280687e-05         4.3518415578738898e-03         1.5605070374853050e-04         3.1568898520156980e-04         9.2996514058987009e-04        -4.2201782732756918e-03         2.6396121082911147e-03
36                                     6.2501185685826779e-04         1.3835651820753941e-03         6.2246660259162245e-05        -3.5125099738904640e-03         2.4325720488020310e-03        -2.3628555161572701e-04         1.1027524926452528e-02         2.1566073897013906e-02
37                                     2.1042762329990639e-02         4.9287506587989919e-03         7.2152570741496037e-04        -9.6415058415778212e-03         2.7831403639849983e-02        -1.6722798480524944e-04         2.5062755927232012e-02        -7.2021601300996482e-02
38                                     1.5539579680399731e-04         7.4161521270459560e-05        -1.0388182161121370e-03        -2.9976099542766298e-04         1.8818036081433894e-04         4.2176711024631622e-03         2.1036823152512855e-04         3.2449847485389210e-04
39                                    -9.4450957015944845e-03        -2.5213572612216148e-03        -3.1964620601097920e-04         4.5725386473288929e-03        -1.1183123827178522e-02         8.4663574185215622e-05        -8.3347330301190986e-03         2.0898297993812907e-02
40                                    -3.7502992803170915e-03        -6.4338338476504922e-04        -1.2668328970068843e-04         1.9440392239366273e-03        -4.3886872181927916e-03         3.6621975117658915e-05        -5.7186296956178041e-03         8.4635055297354427e-03
41                                    -3.0922343601017611e-04        -8.1943008915186309e-05        -1.8070856514927516e-04         1.5518268683583375e-04        -3.7254754399571147e-04        -6.7405451279512873e-05        -1.7322769936572964e-04         7.3463114739349641e-04
42                                     5.2118640043265895e-03         1.5015207058048843e-03         1.7854910412041383e-04        -2.4995979569183710e-03         5.9489670391907491e-03        -4.2000363042331106e-05         3.9653994055845639e-03        -1.0178157227238228e-02
43                                     2.2053947751937398e-03         4.1460022557287786e-04         7.5400258819526388e-05        -1.2839569718292305e-03         2.4468485329934013e-03        -2.7291311934642166e-05         2.8627384519176883e-03        -4.7593725245135519e-03
44                                     1.7033805970576466e-04         4.7940816360266095e-05         5.6190388776096578e-05        -7.9570816619355781e-05         1.9656748634284450e-04        -1.2117185262601665e-04         1.2930198103500211e-04        -3.3782728537213485e-04
45                                     8.1235202288914773e-03         1.9721010198421583e-03         2.8868411595230515e-04        -3.9939692529632614e-03         9.6457830797332979e-03        -1.0582029044171151e-04         8.2746528046948528e-03        -1.8482886672720428e-02
46                                    -5.1291112646120601e-03        -1.6969544040923322e-03        -1.7781381664157381e-04         3.7138058671923649e-03        -6.2499624584618670e-03         8.0629740065637980e-05        -8.6341481759435058e-03         7.0328249669460094e-03
47                                     2.4521187545973797e-04         5.7895133412857815e-05        -3.3277396220125375e-04        -1.4921087663523450e-04         2.7263629158974701e-04         1.0399528334607605e-03        -4.1820325537016481e-05        -5.8830538906069893e-04
48                                    -4.6257652444087654e-03        -1.0273578982326536e-03        -1.6091164926588584e-04         2.1088513269012774e-03        -5.2525233376075143e-03         4.8091409522388952e-05        -3.6673672742808527e-03         9.6391732767598555e-03
49                                     3.2059954115052185e-03         8.0539150245612133e-04         1.0973070751906170e-04        -1.7094297395579229e-03         3.6051869931445178e-03        -3.2139421807393537e-05         3.3514162073734919e-03        -6.0086174262184971e-03
50                                    -1.3699066004773460e-04        -3.0078398979007648e-05         9.3437239767891908e-05         7.3530839505553259e-05        -1.4971384507817678e-04        -3.7708605525063772e-04        -5.7226557139026602e-05         2.8721076003464761e-04
51                                     8.8449589825974340e-03         1.9653411222643725e-02        -5.2497878091690487e-05        -6.0617438535732690e-02        -3.9718436351607662e-02        -2.5763649529231061e-03        -1.9423250750325735e-01        -7.8843231775145212e-02
52                                    -2.5211918564979608e-02        -8.7209534386485488e-02        -1.4527725079912051e-03        -1.7886216383795329e-02        -5.2692971500306635e-02        -1.0009528570592216e-03        -2.6861398783329857e-02        -1.0703185802589667e-01
53                                    -3.7024319309712284e-04        -1.1486360924449349e-05         1.3476384394195871e-02        -2.4194776852762409e-03        -1.7216123239170188e-03         1.0868647480227395e-02        -4.5197364673167997e-03        -2.8557442387304394e-03
54                                     3.8096490923430724e-03         2.6669664754795062e-03         1.6751004063487746e-04        -5.1067997229742573e-04         2.2277312038810637e-03         2.8871752680290790e-05        -1.7458955702712815e-04         1.3725021243600423e-04
55                                    -7.8349441583348920e-03        -1.6700887588260490e-03        -2.4202889487161196e-04         2.3151541711484069e-03        -3.9645983392299303e-03         6.5841588672079434e-05        -2.7613353142221086e-03         4.8895308352872599e-03
56                                     1.5530295645708265e-04         4.9538881142270706e-05         1.3080954835937909e-03         1.9552961007883655e-05         6.5020717931760466e-05        -4.9295836348821364e-04        -5.8167335144824545e-05         1.5650348021386114e-05
57                                    -1.4124302389679913e-03        -1.8901904239993262e-03         6.0079998406861951e-06         1.5871336221152119e-04        -8.2965982623665695e-04        -3.4951126182667320e-05        -2.6597447294140694e-05         9.9041181671731689e-04
58                                    -3.8237133168812646e-04        -6.4995728172023703e-04        -1.6336290914723044e-05         3.9645997812181753e-04         1.3912174386770503e-04         1.3812281818676843e-05        -5.5082329382576383e-04        -2.9298919819511734e-04
59                                     1.0061767838942775e-05        -5.9022691128699896e-05        -1.1194713487029202e-03        -2.8776860741847315e-05        -2.3096872972829025e-05         6.6244612041716129e-04         5.2395584211391600e-05         2.5528586088398384e-05
60                                     2.4038369113057339e-04         4.4277786641391142e-04         7.9122024658100424e-06         3.3198444255686684e-05         6.9183120472963804e-05         6.5267870179253078e-06         1.4944201466480665e-04        -7.3319497744286943e-05
61                                    -9.3050243406078194e-04        -5.2522408943837546e-04        -2.6397384155039988e-05         2.4614418210723978e-04        -5.0701645318317837e-04         3.1398834628136037e-06        -8.4251474681840220e-04         9.0338218135690030e-04
62                                     1.4994482006082683e-05         1.4988785345626302e-05        -7.4236531651529169e-05         1.0868775426406514e-06         4.2023488221927202e-06        -3.9637010043353709e-05         4.4614595177495826e-06        -4.7017157221841690e-06
63                                    -3.5628309478520214e-04        -3.1806555696741199e-04        -1.0270478354517542e-05        -2.4397099196454873e-05        -1.7884265618630751e-04        -4.2123488187247148e-06        -5.0667476902036684e-04         4.7426303243955175e-04
64                                    -1.3099999458395499e-04        -2.5740621048886208e-04        -2.3579778628030665e-06         3.6652270882704397e-05        -2.0293195096628387e-05         2.7938266267049034e-08        -7.1018680606269231e-04         2.8197210577056507e-04
65                                    -1.7289818555472095e-05        -9.8365745352716278e-06         6.5402920605090012e-05         2.5367776683495441e-06        -7.2162632717305508e-06        -2.0184499838524332e-05        -1.9707376893973956e-05         1.7074960587033229e-05
66                                    -6.0655887511498004e-05        -2.2232111599187221e-05        -2.1895470407683770e-06         2.6162279995446951e-05        -3.1321028950653419e-05         9.4885603994107035e-07        -1.0024292267451639e-04         7.1261192206689428e-05
67                                    -6.5549528493890447e-05        -2.0890826621974617e-05        -2.3495200958353912e-06         2.7522732756842926e-05        -3.5825718385027277e-05         8.8858456545554286e-07        -8.7008902828537480e-05         7.0352823213725330e-05
68                                    -2.1057489848140336e-06        -8.3916912915314227e-07         1.1617124912819912e-06         1.0309187932359885e-06        -8.8551681524932959e-07        -6.8009745438800984e-07        -3.2284292368045458e-06         2.2529249086374044e-06
69                                    -1.6610535708826916e-04        -5.1803259875141268e-05        -3.5522782927969829e-06         7.2985128999509283e-05        -8.5028327336813403e-05         6.7436417692984668e-06        -2.7143805198578887e-04         1.8758717145559667e-04
70                                    -9.4510800963493625e-05        -4.0967388900632769e-05        -2.2671853723371792e-06         4.1198919619446180e-05        -4.9644708914900118e-05         3.2280757192196079e-09        -1.3211841488344522e-04         9.9358989091989525e-05
71                                    -2.8376810837624569e-05        -5.0914625575344125e-06        -2.3361055892092851e-06         1.3352812906794779e-05        -1.4114317027950659e-05         1.1515258196601653e-07        -5.1338062044717402e-05         3.4479967058550148e-05
72                                    -1.6832582572302596e-04        -5.2313436508968659e-05        -7.5292981414357612e-06         7.4366019250000112e-05        -8.6082997335584703e-05        -1.7295254297400281e-06        -2.7474222185684010e-04         1.8998118807122681e-04
73                                    -9.3772729499713562e-05        -4.0769426152614731e-05        -3.6538496348224435e-06         4.0825661019679507e-05        -4.9363516616896650e-05         2.5879467199930885e-06        -1.3128393491117056e-04         9.8764762474010882e-05
74                                     1.8195830352363783e-05         1.9845700362548660e-06        -4.3670210459919830e-07        -8.7955853728299339e-06         8.8397911850633887e-06        -1.1507757707997338e-06         3.4849212002739899e-05        -2.2940345870195366e-05
75                                    -5.7620452009000381e-04         1.6457139742241542e-04        -6.3947962041177329e-06         7.9033298934313339e-06        -2.8757100460215235e-04        -2.2464911482924382e-06        -1.7549235351966555e-04         2.6061841523833596e-04
76                                    -6.1030096800291202e-05        -3.6104263575871542e-05        -2.3573443100523232e-06         4.3633247912559358e-05        -5.0761928529225131e-05         1.6205025152321115e-06        -1.5623099829794001e-04         1.1954206079962899e-04
77                                    -8.5793859032048183e-06         4.6214608825148545e-06        -3.4622102803336422e-04         4.4228443213576626e-06        -1.1361322172576557e-05        -3.7042363862908583e-05        -4.9016862624435424e-06         1.0882504899821745e-05
78                                     3.0031023252689078e-04         1.2433548653689123e-04         4.2686765079850721e-06        -2.0463787884392138e-06         2.1982616154945275e-04        -5.4864810028736749e-07        -4.9831792273594263e-04        -1.9585671473394684e-04
79                                     1.2852351551123761e-05         8.1089004331785861e-05         1.8897837745525652e-07         3.1791958958099368e-04         2.5740630348808889e-04         1.2226361585304634e-05        -9.6750948662164540e-04         4.1545824092416750e-04
80                                    -3.4856310986274567e-06         1.0414199746524116e-06         1.8804588631056332e-04        -1.8360466119866236e-07         3.6580561379613428e-06         5.5290694364116621e-05        -1.0890840720275162e-05        -8.1103198630208377e-06
81                                    -7.4001032911795495e-02         6.7274130885672190e-02        -8.5067732478916777e-04         1.8918975514269458e-03         2.6778945858160090e-02         2.0469438048098000e-04        -6.5620112900277106e-03         1.2914736605875710e-03
82                                     6.6184009592781673e-02        -3.4185410158810348e-01        -2.1022559989721982e-04        -1.0228281039562845e-03        -9.0307444402174366e-04        -4.8755559731864851e-05        -6.9748960542904428e-04        -9.0384300537381217e-05
83                                    -9.2079845409973483e-04        -2.1541255127096773e-04        -3.1602904093381207e-02         5.1037186457945471e-06         8.8699818730172747e-04         1.1849497308467217e-03        -3.8649229298391816e-04         1.6449513292154763e-05
84                                    -1.0686540339255732e-02        -1.4055748069992064e-02        -5.5134939476128705e-04        -2.8452271843938481e-01        -1.2769061256110115e-01        -9.0521523559314206e-03         3.8143551449450318e-03         2.0815851449454449e-03
85                                     1.2384691153734063e-02         1.3408967842733741e-02         4.7900380982075346e-04        -1.2560171994361358e-01        -1.3068768685505650e-01        -4.7532903551509853e-03        -2.4153111838773771e-02        -3.2265443941628009e-03
86                                    -3.8644408522847570e-04        -3.9386253448032765e-04         3.0524133515327867e-03        -9.0446880748352200e-03        -4.8530175146117207e-03        -3.5157942536867708e-02        -6.4624285968124692e-05         5.5706639151576268e-05
87                                     2.3812246213068789e-04         1.9863448845737746e-04        -1.4170705185071430e-05         9.7134713400146792e-04        -1.4139584294394977e-04         1.2735613559077566e-04        -1.8689486717420812e-02        -8.8558544826048517e-03
88                                    -8.3608718721108703e-04        -1.8736249543307559e-04        -3.2692451452805706e-05         7.3129773435801548e-04        -6.7934820932175934e-04         1.8665570927005825e-06         2.0058033804416217e-02         1.2472913446805671e-02
89                                    -3.4169807097987812e-05        -4.3121189855736542e-06         7.3806499998320917e-04         1.4381409181921472e-04        -2.1059438115059615e-05        -3.0470942111343845e-03        -5.9717453400034233e-04        -1.9471574722433323e-04
90                                    -6.0801362743297799e-04         3.5467560626358061e-04         1.2046964524803349e-05        -7.6504998920270961e-05         1.7453632492534757e-04         1.8980857310939475e-05         6.1868986299303593e-05        -2.7034282040425166e-04
91                                     3.7315172097711520e-05        -2.8187587150265802e-04        -5.9538234583993017e-05         1.8925287708885976e-04         1.6177734496500214e-04        -2.8106578429810914e-06        -1.0153818429823897e-04         1.0115942409773563e-04
92                                     5.0672635848563606e-05        -2.3303733303145721e-05         1.7246522571133841e-04         9.6113962089680187e-06        -8.4341475450283606e-06        -4.3356348160619881e-04        -2.8217946461383799e-06        -1.7185206347224513e-05
93                                     5.2007701783895826e-05         2.9458743605087013e-05         2.4420781078116017e-06        -2.3100572558933281e-05         2.6138976967910982e-05        -1.1451131674431222e-06         6.9838760198543456e-05        -6.4168840936685453e-05
94                                     1.1397408372160265e-04         2.6707593632196622e-05         3.5120340916061212e-06        -3.0996364613199699e-05         6.1772927174139877e-05        -9.6630968322180578e-07         1.0312297610758580e-04        -9.9172355870412029e-05
95                                     8.7663754261834953e-07         9.6305904969500169e-07         3.4351747419689857e-06        -1.3104825020195798e-06         7.7594461128412449e-07         1.1088555142984963e-05         3.7538867829960975e-06        -2.1683308718403252e-06
96                                    -1.1310060024475520e-04        -3.8492137254305520e-05        -3.5184917181351230e-06         3.9919109911234162e-05        -6.3907563027333153e-05         1.2150349063898135e-06        -1.3353300697720768e-04         1.3119320922679769e-04
97                                     1.0236529838799670e-04         3.1949347957549359e-05         3.7380567828888840e-06        -4.3124881274550042e-05         5.3334711326701136e-05        -1.6815364509514465e-06         1.2832453747864164e-04        -9.9887689021562463e-05
98                                    -3.5706560833560999e-06        -8.5229732533225864e-07         7.1207928857886868e-06         1.5528707732104459e-06        -1.9738554829090128e-06        -7.2462800017021896e-06        -4.6545771463821857e-06         3.1339266345232152e-06
                                                        32                          33                          34                          35                          36                          37                          38                          39

0                                     -1.1979268291729953e-05         1.6953814262109934e-04        -5.0854592689705488e-04         3.2723739078135164e-06         2.3953327546251006e-05         3.6989510585309270e-04         2.5532538028945156e-06        -1.6469943887489620e-04
1                                      1.4625396689166097e-05        -2.0878959910810912e-04         5.6475867508535269e-04        -4.0165128294549400e-06        -1.9576152171992025e-05        -4.1193953357577753e-04        -2.7344173484857377e-06         1.8624856103752245e-04
2                                      5.1387657773641620e-06         3.7020272855087789e-06        -1.1569887357410712e-05        -5.0653654667871195e-06         7.1542483986676285e-07         8.8335604127429838e-06         1.9775727160177403e-06        -4.4570732758007390e-06
3                                      9.8991731906201513e-06        -2.5341831736164395e-04         9.0676478556616909e-04        -3.6241663297106802e-06        -5.0087179124686963e-05        -6.5981734189275135e-04        -4.7260397604861109e-06         2.7127465086135153e-04
4                                     -1.4798506788358582e-05         3.2746291289833867e-04        -7.7164480868886223e-04         5.7023733265346546e-06        -1.0310699212297722e-05         6.0262798498302191e-04         2.8410568332630226e-06        -2.1475078874268346e-04
5                                      1.0186846047295279e-05        -8.8662738991308501e-06         3.1205566148390616e-05        -9.8740604767723723e-06        -1.3319430853240157e-06        -2.2289381490223197e-05        -5.3272666152843993e-06         8.2120227282299108e-06
6                                     -4.0092427236539666e-05         9.0178054815243233e-04        -2.6793898809028996e-03         1.3765787092613119e-05         9.2432011279286572e-05         1.9698379514606519e-03         1.3294638148581279e-05        -8.0249939856985044e-04
7                                      2.7355784685370207e-05        -4.8475427528034117e-04         1.3752912314154275e-03        -8.3299746063290523e-06        -4.6150509751284488e-05        -1.0118258539628553e-03        -6.7787615429624410e-06         4.1177974467337865e-04
8                                     -7.7017441047784663e-05         2.6825383680941715e-05        -8.2418433115270370e-05         5.0098690260072083e-05         2.7033257227147742e-06         6.0942560619083519e-05        -3.9846700128014365e-06        -2.6071037729965245e-05
9                                      2.4898240617872691e-06        -3.8559172459876870e-04         1.6282583618564077e-03        -2.3773351978531398e-06        -9.0955261733487923e-05        -1.1965235482108059e-03        -1.0248700839976366e-05         4.6160626150452077e-04
10                                     5.3460908020762387e-06         3.0180832115526913e-04        -4.1693686957654198e-04         5.5848228952617476e-06        -7.2406556576496491e-05         3.5300544883488255e-04        -1.3579145290527446e-07        -3.7672080229552915e-05
11                                     1.0572885779067259e-04        -1.0921447127750162e-05         4.9384559198866717e-05        -7.3714521773770653e-05        -3.4160141050266102e-06        -3.5792558259085835e-05         4.6789253755168017e-05         1.3688192095846461e-05
12                                    -4.0184682308802062e-05         8.6610367824522931e-04        -2.3999065671055538e-03         1.6836994207140672e-05         5.2736700390138726e-05         1.7848795532067272e-03         1.2598554567004643e-05        -6.9306742610719283e-04
13                                     1.5888029723310233e-05        -4.2209195726616345e-04         1.1791586116147829e-03        -7.1984122745896262e-06        -5.5890527141501465e-05        -8.6594392593949802e-04        -5.8397131952561477e-06         3.0254856556114672e-04
14                                     4.4068030132933588e-04         3.3259992967009535e-05        -8.4429474313897350e-05        -7.4654078468477708e-05         4.3695282097277245e-06         6.3404269561543597e-05        -4.8164276004906526e-05        -2.4519789249989965e-05
15                                     8.7541155694400902e-07         5.8587290935800543e-05         9.6941431068471367e-04         6.5169058837560731e-06        -1.0097591833111769e-04        -6.4956118067706565e-04        -8.3816170676291139e-06         2.3391284906891237e-04
16                                     6.9749424361776431e-05        -1.0713749820215244e-03         3.4867325276672768e-03        -1.2252978734009336e-05        -2.1227057703868127e-04        -2.4895065201928105e-03        -2.1499622690403321e-05         1.2079891025634751e-03
17                                    -6.4192619282469189e-04        -6.5256432378465348e-06         5.1151221425385384e-05         8.4094965136522349e-05        -8.0308582530259714e-06        -3.5080585281159952e-05         5.0118717221011297e-05         1.4360936720626404e-05
18                                    -2.7894391674519303e-05         7.0626396262507725e-04        -7.6501145031451631e-03        -7.6852010517578320e-05         1.1044293950749962e-03         5.0607567413541409e-03         6.5695397716223060e-05        -2.3351383804960371e-03
19                                    -5.2769241992689270e-05         1.7577955991711653e-03         2.6375577476788195e-03         5.7349725639594239e-05        -2.1172106425841646e-04        -9.3529616929401908e-04        -1.3111406350842186e-05         5.4617406198969015e-04
20                                     3.2036271690043423e-03        -2.8625262653515180e-05        -2.5908297912687463e-04         1.8246800749705952e-03         4.0406699227782499e-05         1.6966273279908137e-04        -1.2432369033298787e-04        -8.9894126695034621e-05
21                                    -2.6084986031539832e-03        -5.2301201537551523e-03         7.1353913166028234e-03        -1.7742558306673849e-04        -1.5123452554520202e-03        -7.7650603385486785e-03        -8.3415473549715513e-05         2.7506811341877439e-03
22                                     1.9565876634806000e-03        -2.2792109128273362e-02         1.7202246586333608e-02        -6.8525781895752667e-04         1.1892514826535769e-03        -1.7329467120004841e-02        -3.8087071240383929e-05         7.9881576688530052e-03
23                                     7.6033928855826147e-03        -3.6782212253736520e-04         3.5354406636798491e-04         1.2934811911657663e-03        -3.5605335845013870e-05        -3.8057218880404166e-04        -1.2926872547397742e-04         1.5935463835515143e-04
24                                    -6.6291647192620205e-04         1.6230893274129042e-02        -2.9019353954145587e-02         2.5561536225800175e-04         6.2501185685826779e-04         2.1042762329990639e-02         1.5539579680399731e-04        -9.4450957015944845e-03
25                                     7.5382416396751610e-05         1.2901949619571595e-03        -1.2940866429549513e-02        -4.8034883877280687e-05         1.3835651820753941e-03         4.9287506587989919e-03         7.4161521270459560e-05        -2.5213572612216148e-03
26                                     1.3700962237592568e-02         4.0235489830235406e-04        -1.0648387669028835e-03         4.3518415578738898e-03         6.2246660259162245e-05         7.2152570741496037e-04        -1.0388182161121370e-03        -3.1964620601097920e-04
27                                    -9.1930277786773495e-04        -1.9354528888029000e-03         4.2455419420029401e-02         1.5605070374853050e-04        -3.5125099738904640e-03        -9.6415058415778212e-03        -2.9976099542766298e-04         4.5725386473288929e-03
28                                    -3.3789194959209169e-03         1.8775793977473740e-02        -5.5531287323057843e-02         3.1568898520156980e-04         2.4325720488020310e-03         2.7831403639849983e-02         1.8818036081433894e-04        -1.1183123827178522e-02
29                                    -6.6815185554378320e-02         2.4639218860661709e-05         1.0920205503929241e-03         9.2996514058987009e-04        -2.3628555161572701e-04        -1.6722798480524944e-04         4.2176711024631622e-03         8.4663574185215622e-05
30                                     1.4238632035389789e-02        -2.0152704821348444e-01         9.7124870892172227e-02        -4.2201782732756918e-03         1.1027524926452528e-02         2.5062755927232012e-02         2.1036823152512855e-04        -8.3347330301190986e-03
31                                     3.1230022632062386e-05         1.0001952292273956e-01        -1.8800035510776289e-01         2.6396121082911147e-03         2.1566073897013906e-02        -7.2021601300996482e-02         3.2449847485389210e-04         2.0898297993812907e-02
32                                     1.3766015822150096e-01        -4.2458719099650148e-03         2.5866606793173842e-03        -5.3070950419636498e-02         1.8966946746787317e-04         3.9773081717062663e-04         8.6110455963866531e-03        -4.1476066967335547e-05
33                                    -4.2458719099650148e-03         6.7081923785820408e-01         8.8444363744048689e-03         1.6884535740738425e-02        -1.1112394902353943e-01        -5.8189057288683510e-02        -2.1226844318767177e-03         1.5282069746050484e-04
34                                     2.5866606793173842e-03         8.8444363744048689e-03         7.3153779362223514e-01         2.8639301837961135e-03        -2.9453205118669609e-02        -3.5460906246167817e-01        -2.2266032094251757e-03        -4.9069648864610078e-02
35                                    -5.3070950419636498e-02         1.6884535740738425e-02         2.8639301837961135e-03         1.3530473103746868e-01        -1.9989416412035574e-03        -3.0995345419676393e-03        -5.1959956430549292e-02        -2.9349028600676339e-04
36                                     1.8966946746787317e-04        -1.1112394902353943e-01        -2.9453205118669609e-02        -1.9989416412035574e-03         5.8614658949750587e-01         1.6176105006011264e-02         1.4864159113125691e-02        -2.3646910871942717e-01
37                                     3.9773081717062663e-04        -5.8189057288683510e-02        -3.5460906246167817e-01        -3.0995345419676393e-03         1.6176105006011264e-02         6.7528013243570628e-01         3.1197196520485180e-03        -6.8752930957090092e-02
38                                     8.6110455963866531e-03        -2.1226844318767177e-03        -2.2266032094251757e-03        -5.1959956430549292e-02         1.4864159113125691e-02         3.1197196520485180e-03         1.0936854054524371e-01        -5.8708592093769463e-03
39                                    -4.1476066967335547e-05         1.5282069746050484e-04        -4.9069648864610078e-02        -2.9349028600676339e-04        -2.3646910871942717e-01        -6.8752930957090092e-02        -5.8708592093769463e-03         1.1853410817266987e+00
40                                    -1.1801604375527672e-04        -3.5995899737649398e-02        -3.2001411343345151e-02        -1.2697840159123571e-03        -8.1899887328865981e-02        -1.1938221337945089e-01        -2.9758193763558447e-03         6.0383694280150468e-01
41                                    -3.6555877980650113e-03        -2.3113648294074477e-04        -1.6561672995616076e-03         2.8308693612455957e-03        -5.8777767688194755e-03        -2.5667305838345264e-03        -5.4869255797630093e-02         3.6001854333002285e-02
42                                     6.2159684445189001e-05        -6.4231761432103109e-03         2.0971862123684955e-02        -1.4525402414615815e-04        -2.1269290943706137e-02        -3.1316852504375478e-02        -1.3013907561629130e-03        -8.9563551595848656e-01
43                                     6.3268284341959271e-05         6.1952322772129871e-04         1.0774887845743266e-02         6.3119536935812967e-05        -2.1240224151261519e-02         3.6185287903307724e-03        -7.0584375642961106e-04        -4.9567855494377921e-01
44                                     3.0693646596513221e-04        -2.3655813402565141e-04         6.9469217689595623e-04         1.2488474228179208e-03        -1.2813175162101802e-03        -1.0370721658735714e-03         1.6908710915602563e-02        -2.8080395049567108e-02
45                                    -9.9084602032631147e-05        -2.3905725004148247e-03         3.9795283463062013e-02         3.3502703647403668e-05        -2.1687158518735139e-01         8.7308113284085567e-02        -4.8186814732178191e-03        -5.1187412356631726e-02
46                                    -2.7001369930451392e-04         3.8352764377446877e-02        -5.2733622613095721e-02         9.1866769091661870e-04         9.8546033962017096e-02        -1.4116018214349524e-01         2.6416259475365174e-03        -1.8443155969299560e-03
47                                     8.4812037069916749e-03         1.3642278891664119e-05         1.0096333372521882e-03         1.3949568060590417e-03        -4.7818917113138419e-03         2.2823394460106008e-03        -5.1788698793780313e-02        -1.5379891608907664e-03
48                                    -1.7515588379841930e-05        -4.2214611346784968e-04        -1.7553143635082445e-02        -1.5276124122685659e-04        -1.1046917276795701e-02         3.1643052876081296e-02        -7.1138608106943247e-04         6.0248493547369010e-03
49                                     7.9397907743073023e-05        -3.3479451512034080e-03         1.3831268890599626e-02        -4.6561258692350043e-05         2.2540009144657452e-02        -3.8039930089647789e-03         6.0797311172570674e-04        -7.1814322644510320e-04
50                                    -1.4777223097425256e-03        -8.2685594091119492e-05        -5.0267207972048695e-04         1.6803627199078279e-03        -7.5996171472346224e-04         9.0406279574107326e-04         1.6469607446390644e-02         1.3255682297200867e-04
51                                    -4.7385804612059910e-03        -5.2059690472183506e-02         6.5608859563900113e-03        -1.5704012469109129e-03         3.1565100859335836e-03        -1.2996325920145326e-02         8.7978424592353589e-05         5.1138890053603198e-03
52                                    -1.0942936799722693e-03         3.6451014676588005e-02         1.2343301907967352e-02         1.2781733758918284e-03        -2.0038393612284047e-03         5.2056593264113958e-03        -3.2920932134535726e-05        -2.2700485952345658e-03
53                                    -6.2481861665017471e-02        -1.3697559082503745e-03         2.9642863698998555e-04        -3.0870781588382516e-03         1.2960801042062549e-04        -3.7146994138668099e-04        -1.2749830724488804e-03         1.5376464445672483e-04
54                                    -2.4274734881042702e-06        -3.3100887251065117e-04         1.6091181340871289e-03        -2.0091594848396826e-06        -4.1961252874437270e-04        -1.2779069101466634e-03        -2.1158997931142987e-05         6.4977982568199626e-04
55                                    -6.4959258301157846e-05         1.0833515291844590e-03        -5.0289225308693440e-03         1.0081205805426517e-05         4.1008859515960592e-04         3.4316943548628395e-03         3.2144467906201533e-05        -1.5978463834080462e-03
56                                     6.2153165425946804e-04         7.2883524319398215e-07         2.9154943677207692e-05         2.2425829121118472e-05        -1.3708433009147537e-05        -2.2402570598373279e-05         7.9382644030838757e-05         1.3379390636472830e-05
57                                     9.9666268841375693e-06        -4.0946832083174753e-05        -1.4345468221756863e-03         6.6573013292818805e-06         2.7990678686083095e-04         9.3245027159958790e-04         1.2721406084131044e-05        -5.0389195067620119e-04
58                                    -2.5381710053531115e-05         2.5354805725874064e-04        -1.3212571854610480e-04         5.4886879862069436e-06         2.5022810243732302e-05         1.9840353238720514e-04         1.1907005497123417e-06        -1.1902785789636577e-04
59                                    -5.5742359823080922e-04        -2.8687875460083406e-06        -2.3791975997699804e-05        -3.1689177908687197e-04         6.8140815376987420e-06         1.0705068328786856e-05         2.9211073110358352e-06        -4.5035025333692140e-06
60                                     1.0223038912758632e-05        -5.9827796472337934e-05         4.3302822944364937e-04         1.2309164782801250e-06        -8.7104682740177976e-05        -3.0689207593007106e-04        -4.1226522593206893e-06         1.6986343763659636e-04
61                                    -2.3876535180391729e-05         3.3001094394291216e-04        -1.2577554016407737e-03         5.2406523110639230e-06         8.5609939069897689e-05         8.7303685500500158e-04         7.2711749520178442e-06        -3.9817509068021503e-04
62                                    -1.0047890703410371e-05        -4.7503637718862220e-07         1.5079530805360548e-05        -6.1652135365329242e-05        -2.8397962069471771e-06        -1.0535410894646768e-05         2.6546976737917942e-06         6.4793434391213431e-06
63                                    -1.6375047235499371e-05         2.0737514217699770e-04        -8.5557340011417496e-04         1.7072141719881065e-06         7.6355678365001701e-05         5.8490814938176009e-04         5.3975316919507346e-06        -2.8509887549744365e-04
64                                    -2.4817883759223710e-05         2.5075361011774408e-04        -7.3999094145603189e-04         5.0307812399762135e-06         5.7701186130518749e-05         5.3144774182692996e-04         4.3218729125546745e-06        -2.7315455141667313e-04
65                                    -6.2780498647124533e-06         6.3542730632685574e-06        -2.9403478496703201e-05         5.6396626088640832e-05         2.3652596697222440e-06         2.0603544343613925e-05        -2.1803150276322505e-06        -9.9358445072947213e-06
66                                    -3.0019498447289125e-06         4.1325091790078998e-05        -1.0903193115303943e-04         7.9354899100583908e-07         3.4322140516902965e-06         7.8833038456288103e-05         5.1965946181487543e-07        -3.6400043788077619e-05
67                                    -2.6238827655465053e-06         3.8621669382994748e-05        -1.0331815738261413e-04         7.9507539558386661e-07         3.3241662434800253e-06         7.4893461562118918e-05         4.8454035145226787e-07        -3.3305038257916333e-05
68                                     1.8661997164346802e-06         1.3984352493689831e-06        -3.3632769561020089e-06        -7.8622229588542606e-07         1.7230687691368892e-08         2.2061657520813258e-06         4.8558968789624336e-07        -9.7874746974631795e-07
69                                    -7.0445619741971670e-06         1.1134125134464528e-04        -2.8468735312989435e-04         1.5005381776044056e-06         7.3048288175547047e-06         2.0694405574745109e-04         1.2827071990831964e-06        -9.2070935734612900e-05
70                                    -2.7189741811645395e-06         5.2717840358575076e-05        -1.5006035417888596e-04         2.8363749107201791e-06         6.3641928927674144e-06         1.0902891533534520e-04         5.6714139039033273e-07        -5.0112775859619387e-05
71                                    -1.8829180840639249e-06         2.1881181386335981e-05        -5.1602146180649994e-05        -5.2909000803758276e-07         5.2673036991531896e-07         3.7807666796821465e-05         3.0579612515755652e-07        -1.5394255795281937e-05
72                                    -8.7850113966928425e-06         1.1276666453833455e-04        -2.8810093046312843e-04         2.9606277123628882e-06         7.3238284246431655e-06         2.0946820327179182e-04         1.3418089928255937e-06        -9.3090696670661310e-05
73                                    -4.9564478974156603e-06         5.2502542398248840e-05        -1.4916692992826758e-04        -9.7310644312420957e-07         6.3336681582259536e-06         1.0842649968770583e-04         9.7429467138086326e-07        -4.9811954267124333e-05
74                                     7.3805753245493406e-07        -1.5023045492559882e-05         3.4245180229112472e-05        -1.2346839264319577e-06        -1.0730599363946143e-07        -2.5211464834716528e-05        -5.3910674618261201e-08         9.8234885199861323e-06
75                                    -2.8323370606437960e-06         1.1681689638637122e-04        -3.2025587864485108e-04         1.3261393879910334e-06         7.3417818928868855e-06         2.3132594089841072e-04         1.7621246439722989e-06        -1.0997751916655657e-04
76                                    -4.7115633960849486e-06         6.4042350713996196e-05        -1.8141773893402309e-04         1.1573043721843839e-06         6.2132550817872387e-06         1.2881449169173002e-04         8.3037639134365920e-07        -5.8820816762803667e-05
77                                    -4.5165539036349389e-05         2.9593384419017502e-06        -1.1479869808347665e-05         2.7859655157200056e-05         4.6908543558278692e-07         7.9101973756990914e-06        -7.1683404179108018e-06        -2.6807868331218540e-06
78                                    -1.5058009805022751e-05         3.4824329046596750e-05         5.7238494536280399e-05         3.1130457260626446e-06        -7.1663580758663404e-06        -2.0415030799764540e-05        -3.0088589255395042e-06        -2.3578814145738293e-04
79                                    -3.3688235877975064e-05         3.3040455172541174e-05         3.3834504545445952e-05         6.5857446550984940e-07        -3.7568600980164509e-05        -1.5356869482474226e-05        -1.1969562376580808e-06         1.5441272870583443e-04
80                                    -8.6978784193019311e-05         4.1165558983918150e-06         4.6914451863045006e-06        -1.1658020915609462e-04        -2.1998706228560389e-06        -2.8531508806519636e-06         1.0309992281203319e-04        -1.6753899284125669e-06
81                                    -3.5452791425097504e-04         9.8427205286054690e-04         9.8192941760281570e-04         2.7875260595513064e-06        -3.3139739244489883e-04         4.6067814304472468e-04         1.6853982410871595e-06        -2.1434379937588534e-04
82                                    -6.2729180511655457e-05         1.4950778843614721e-05         1.3507664805290434e-04        -8.6138544482725732e-06         8.1292525906549382e-06        -8.6975604628428040e-05         1.6671496339839241e-06         2.8984775183547688e-05
83                                     4.6632987200502830e-03         3.1923348989281466e-06         1.4731815419836581e-05         1.1028193503679600e-03        -4.2237111372421921e-07         2.5484563266888130e-05        -3.3168842790029789e-04        -1.2901071110204267e-05
84                                     9.6569788121740250e-05        -1.5343634223490780e-04         6.1934600380306702e-05         8.8051592585236890e-05         9.4122036458673406e-05        -3.3171563685738476e-04        -4.6806212889076660e-06         1.0051351446357807e-04
85                                    -8.3087309290003487e-04        -1.6002565902001483e-04         7.0372844784033712e-04         2.2351461681515179e-05         1.2241354618666012e-04         1.8913994890059423e-04         3.0310488484401806e-06        -1.0045128962580423e-04
86                                     1.0818263346978694e-03         8.8027889073402765e-05         1.9930474461482344e-05        -2.8027520162439900e-03        -2.7937528186229360e-06        -8.2968963095423910e-06         2.0333174554657243e-04        -3.4432632093066865e-06
87                                    -7.1414884042482094e-04        -3.0911060321935591e-01        -8.8070273420304768e-02        -8.8313570148236004e-03         1.9341851432455072e-04         1.0730012803823741e-04        -1.7004065312436521e-04         7.3855319762724907e-04
88                                     6.8786803151062170e-04        -8.6215433643876363e-02        -9.1336921027934670e-02        -3.0150399021650798e-03        -2.9268563673951330e-02        -9.1744158458029190e-03        -9.8552624620006513e-04        -5.8233400640537005e-04
89                                     2.2520833936987695e-03        -8.7721305815755754e-03        -3.1483225572649020e-03        -4.0842870579281092e-02        -3.0215265738095824e-04        -3.0145218399427317e-05         5.5630593492018753e-03        -2.6930367985035519e-04
90                                    -6.6342878336317980e-06        -9.0327143414182837e-05         2.4056356856230846e-04        -9.8968718135899798e-06        -7.9419793184052300e-06        -1.8840654334396890e-04         6.1750586464829753e-07         8.4016752472917651e-05
91                                    -4.4212802600773700e-07         7.0403944291186934e-05         3.6989653156652158e-06         5.7479411115613865e-06        -1.7840796869748171e-05         3.2110200636306955e-05        -1.4482611318189545e-06        -2.0485720470819497e-05
92                                     1.7594453932534185e-04        -1.2202320997398522e-05         1.1125451806765272e-05         2.2545061803426483e-04         1.5441366461281437e-06        -1.1090553369496524e-05        -4.4682156584607392e-05         4.5323010556199747e-06
93                                     2.5264709832106763e-06        -3.1728205791366117e-05         8.5970959647875750e-05        -6.1955063519128602e-07        -2.4999877978914745e-06        -6.1454750416772638e-05        -3.4659864893531322e-07         2.5480836284477466e-05
94                                     3.2560200510355091e-06        -4.1619325842569515e-05         1.3079844892016222e-04        -8.0293001684621388e-07        -5.1972410676639298e-06        -9.3772835855374142e-05        -6.1649342350242131e-07         4.0176479524948886e-05
95                                    -1.8053205245977896e-05        -1.1881065067767506e-06         3.4405260820203202e-06        -4.8888514884494663e-06        -7.9996265155469912e-08        -2.5804774756568993e-06        -1.2568498220874240e-06         1.2119670424494569e-06
96                                    -4.3673027898225871e-06         5.5097082164335602e-05        -1.6613911995259499e-04         1.0806170681803290e-06         5.0541982368584431e-06         1.1808599792093064e-04         7.7402580936382738e-07        -5.2929518700593281e-05
97                                     3.7979154518347644e-06        -5.5613427213923781e-05         1.4473109661022063e-04        -9.9084424195668028e-07        -3.8858108813795064e-06        -1.0555171348635334e-04        -7.0119795994682451e-07         4.4045488084265105e-05
98                                     1.9731412821463067e-05         1.6054705871955768e-06        -5.1307382326391927e-06         5.9755579706264937e-07        -3.9327777411113428e-09         3.3272472517946224e-06         1.0893721968661702e-07         3.1826580405726793e-07
                                                        40                          41                          42                          43                          44                          45                          46                          47

0                                     -7.6453129379767297e-05        -5.4723449766829125e-06         9.4659752141612206e-05         6.1548125897291535e-05         3.1974838341740838e-06         1.6805574142328937e-04        -1.0250262813278936e-04         4.9049985895946192e-06
1                                      8.6848128046874962e-05         6.2457195023952018e-06        -1.0729981432781829e-04        -7.0109635344000449e-05        -3.7636682264840537e-06        -1.8815180326025194e-04         1.1488022652420820e-04        -5.3817197273071593e-06
2                                     -2.1636252115980281e-06        -2.5980569719622976e-06         2.4590525632720584e-06         1.5578400148759619e-06         5.5840425455375372e-06         4.3555729671982008e-06        -2.5892144329345285e-06        -3.1400966006978943e-06
3                                      1.2321162218203725e-04         9.0883091240759445e-06        -1.4116275033381831e-04        -1.1875073108728786e-04        -5.1700564842506734e-06        -3.1522243962125009e-04         1.9306649946901940e-04        -9.1406357640280121e-06
4                                     -7.7305590877036758e-05        -7.5085633873807234e-06         1.0756012873887701e-04         8.9438908640329922e-05         4.3569845007440507e-06         2.8267846791042088e-04        -1.7242560805269633e-04         7.7730196085768590e-06
5                                      3.7195653018481681e-06         2.9370790219198636e-06        -4.2496458564930217e-06        -3.7816171676912065e-06        -4.9620628869187781e-06        -9.9935999422316808e-06         5.8818913336866009e-06         4.9955602758357616e-06
6                                     -3.5454559108478209e-04        -2.7517018399869936e-05         4.2403860594770359e-04         3.4224064418363802e-04         1.6761405545267426e-05         9.1166156613785711e-04        -5.5479023816262514e-04         2.5504719295373913e-05
7                                      1.8056263977414577e-04         1.4094186843608826e-05        -2.1067321200610081e-04        -1.7644477779692885e-04        -8.4462588612032317e-06        -4.6866669560357557e-04         2.8886001448354408e-04        -1.3258794984504632e-05
8                                     -1.1228142013879243e-05         6.3957375538474579e-06         1.3967896500701112e-05         1.1051459120953729e-05        -1.4553367676667264e-05         2.9026475073162592e-05        -1.8053566471299899e-05         9.6628750021235847e-06
9                                      1.9086543339048219e-04         1.5338140205922953e-05        -2.3937105716123142e-04        -1.9778882423292747e-04        -9.2490275398647155e-06        -5.6113668886755615e-04         3.3663950729252197e-04        -1.4824653260372812e-05
10                                    -2.4030314383239465e-06        -1.6662874589345387e-06        -5.2270527673917242e-05         1.1253913913817064e-04         1.1581017373133893e-06         2.0792460166882474e-04        -1.4338985857234306e-04         5.6991435127905126e-06
11                                     5.6241093948355286e-06         9.7695158560894960e-06        -7.2997669760277281e-06        -6.2123259536065910e-06         7.0193278074082983e-06        -1.7106936879815168e-05         1.1087636694157802e-05        -2.8857954637783190e-05
12                                    -2.8330534369364806e-04        -2.1638609363288072e-05         3.5104730998551377e-04         3.0229701834964774e-04         1.0735534876491214e-05         8.1273966133813512e-04        -4.9369745942812074e-04         2.2819316083550355e-05
13                                     1.2109179464028834e-04         1.0014336437070646e-05        -6.7731892093081121e-05        -2.4026330780459057e-04        -6.3813539015963645e-06        -4.2038761168760675e-04         2.7129833959395322e-04        -1.1598157710831390e-05
14                                    -1.1460724280562622e-05        -7.4530625742949243e-05         1.1135709098069380e-05         1.0471663761495788e-05         1.2216904756922857e-04         2.9369851256018823e-05        -1.8116694301286325e-05        -3.8195851327108594e-06
15                                     5.8040893748210077e-05         5.3688181356045007e-06        -3.0362446175707415e-05        -2.1173763702313176e-04        -3.3959349553706419e-06        -3.3512918704594664e-04         2.1095572979364064e-04        -7.7801160069226943e-06
16                                     5.1815094651972370e-04         4.0552639711320429e-05        -8.4899270195876089e-04        -1.4573674794985531e-04        -2.2178689594353818e-05        -9.9309878636139352e-04         5.5588188148866552e-04        -3.0508348477240645e-05
17                                     7.0762989076190183e-06         3.9809891562275123e-05        -3.5032851199550406e-06        -1.4147450283121389e-05        -1.0038211856593820e-05        -1.4832196235439908e-05         1.1341676806362787e-05        -6.7460930915048058e-05
18                                    -1.0612397284882277e-03        -9.0827033000560024e-05         1.3249049703024695e-03         7.2977275783537362e-04         4.9088878091454483e-05         2.0350862749830383e-03        -1.1611654101187138e-03         6.4589482007803653e-05
19                                     3.4425248341161648e-04         1.6300684659107921e-05        -3.2391296361539872e-04        -2.7026484406402829e-04        -1.2151223934703032e-05        -5.7140608404319731e-04         3.1334973709796029e-04        -1.4271166561760884e-05
20                                    -3.6266459230427700e-05         4.2523584731792268e-04         4.8048404804145572e-05         2.5639473990404068e-05        -1.6676178380584865e-04         6.9511359994098027e-05        -3.8349687188984734e-05        -9.0769738043355554e-05
21                                     2.1668371968883299e-03         1.0389289139903857e-04        -1.5698775220653331e-03        -1.7366475074007742e-03        -5.8935541204256355e-05        -3.1893302066105860e-03         1.8160531064119660e-03        -9.9122033664056288e-05
22                                     1.9330565627228109e-03         2.6532963250863501e-04        -4.1217161455784435e-03        -1.1227495321480168e-03        -1.3277116314955382e-04        -6.3003953176711917e-03         4.0481720652882063e-03        -1.8504631629085618e-04
23                                     9.0171022940101968e-05        -3.6402184727183284e-04        -8.7209318866690984e-05        -6.5772998793059686e-05         1.5624041725671660e-04        -1.5709461254570772e-04         8.8334259183918520e-05         2.3662357433997124e-04
24                                    -3.7502992803170915e-03        -3.0922343601017611e-04         5.2118640043265895e-03         2.2053947751937398e-03         1.7033805970576466e-04         8.1235202288914773e-03        -5.1291112646120601e-03         2.4521187545973797e-04
25                                    -6.4338338476504922e-04        -8.1943008915186309e-05         1.5015207058048843e-03         4.1460022557287786e-04         4.7940816360266095e-05         1.9721010198421583e-03        -1.6969544040923322e-03         5.7895133412857815e-05
26                                    -1.2668328970068843e-04        -1.8070856514927516e-04         1.7854910412041383e-04         7.5400258819526388e-05         5.6190388776096578e-05         2.8868411595230515e-04        -1.7781381664157381e-04        -3.3277396220125375e-04
27                                     1.9440392239366273e-03         1.5518268683583375e-04        -2.4995979569183710e-03        -1.2839569718292305e-03        -7.9570816619355781e-05        -3.9939692529632614e-03         3.7138058671923649e-03        -1.4921087663523450e-04
28                                    -4.3886872181927916e-03        -3.7254754399571147e-04         5.9489670391907491e-03         2.4468485329934013e-03         1.9656748634284450e-04         9.6457830797332979e-03        -6.2499624584618670e-03         2.7263629158974701e-04
29                                     3.6621975117658915e-05        -6.7405451279512873e-05        -4.2000363042331106e-05        -2.7291311934642166e-05        -1.2117185262601665e-04        -1.0582029044171151e-04         8.0629740065637980e-05         1.0399528334607605e-03
30                                    -5.7186296956178041e-03        -1.7322769936572964e-04         3.9653994055845639e-03         2.8627384519176883e-03         1.2930198103500211e-04         8.2746528046948528e-03        -8.6341481759435058e-03        -4.1820325537016481e-05
31                                     8.4635055297354427e-03         7.3463114739349641e-04        -1.0178157227238228e-02        -4.7593725245135519e-03        -3.3782728537213485e-04        -1.8482886672720428e-02         7.0328249669460094e-03        -5.8830538906069893e-04
32                                    -1.1801604375527672e-04        -3.6555877980650113e-03         6.2159684445189001e-05         6.3268284341959271e-05         3.0693646596513221e-04        -9.9084602032631147e-05        -2.7001369930451392e-04         8.4812037069916749e-03
33                                    -3.5995899737649398e-02        -2.3113648294074477e-04        -6.4231761432103109e-03         6.1952322772129871e-04        -2.3655813402565141e-04        -2.3905725004148247e-03         3.8352764377446877e-02         1.3642278891664119e-05
34                                    -3.2001411343345151e-02        -1.6561672995616076e-03         2.0971862123684955e-02         1.0774887845743266e-02         6.9469217689595623e-04         3.9795283463062013e-02        -5.2733622613095721e-02         1.0096333372521882e-03
35                                    -1.2697840159123571e-03         2.8308693612455957e-03        -1.4525402414615815e-04         6.3119536935812967e-05         1.2488474228179208e-03         3.3502703647403668e-05         9.1866769091661870e-04         1.3949568060590417e-03
36                                    -8.1899887328865981e-02        -5.8777767688194755e-03        -2.1269290943706137e-02        -2.1240224151261519e-02        -1.2813175162101802e-03        -2.1687158518735139e-01         9.8546033962017096e-02        -4.7818917113138419e-03
37                                    -1.1938221337945089e-01        -2.5667305838345264e-03        -3.1316852504375478e-02         3.6185287903307724e-03        -1.0370721658735714e-03         8.7308113284085567e-02        -1.4116018214349524e-01         2.2823394460106008e-03
38                                    -2.9758193763558447e-03        -5.4869255797630093e-02        -1.3013907561629130e-03        -7.0584375642961106e-04         1.6908710915602563e-02        -4.8186814732178191e-03         2.6416259475365174e-03        -5.1788698793780313e-02
39                                     6.0383694280150468e-01         3.6001854333002285e-02        -8.9563551595848656e-01        -4.9567855494377921e-01        -2.8080395049567108e-02        -5.1187412356631726e-02        -1.8443155969299560e-03        -1.5379891608907664e-03
40                                     4.6668878973862177e-01         2.0322848869105493e-02        -4.9615761681239789e-01        -3.2293243720285558e-01        -1.6460027135512974e-02         1.1528133513087836e-02         1.5482763430791713e-02         4.4145100868372208e-04
41                                     2.0322848869105493e-02         8.7069414772817585e-02        -2.8092585125386597e-02        -1.6451832490772832e-02        -4.0749879376815845e-02        -1.4886988799080617e-03         2.7020115382513218e-05        -7.3135761485512620e-04
42                                    -4.9615761681239789e-01        -2.8092585125386597e-02         9.1350105793809844e-01         5.1482372350795902e-01         2.9287221598551169e-02         5.7225955839728306e-03        -4.3852002137377572e-03         1.0529302206167224e-04
43                                    -3.2293243720285558e-01        -1.6451832490772832e-02         5.1482372350795902e-01         3.1551196102463264e-01         1.7050168535928785e-02        -4.6284883578260206e-04        -4.0349148201874081e-03        -3.9415384729634545e-05
44                                    -1.6460027135512974e-02        -4.0749879376815845e-02         2.9287221598551169e-02         1.7050168535928785e-02         2.2153288906628554e-02         1.2059586532607900e-04        -1.5878541731862523e-04         1.6631236428981248e-03
45                                     1.1528133513087836e-02        -1.4886988799080617e-03         5.7225955839728306e-03        -4.6284883578260206e-04         1.2059586532607900e-04         1.0305938334703277e+00        -6.7025398476243403e-01         2.6390632605350337e-02
46                                     1.5482763430791713e-02         2.7020115382513218e-05        -4.3852002137377572e-03        -4.0349148201874081e-03        -1.5878541731862523e-04        -6.7025398476243403e-01         6.2229630890566034e-01        -1.8338036741800564e-02
47                                     4.4145100868372208e-04        -7.3135761485512620e-04         1.0529302206167224e-04        -3.9415384729634545e-05         1.6631236428981248e-03         2.6390632605350337e-02        -1.8338036741800564e-02         8.7646159950174343e-02
48                                     2.8560488997599574e-03         1.4377457054549350e-04        -1.8608475527355645e-03        -9.6419936041553661e-04        -4.5356748237818469e-05        -7.7558003318029678e-01         5.4594462080690320e-01        -2.0333043634803486e-02
49                                    -4.4644966631512597e-03        -4.6749543330213892e-05         1.2884960996207648e-03         1.2103120632974106e-03         4.6543645564718075e-05         5.4569335567703725e-01        -4.4256495915407590e-01         1.5064492816827393e-02
50                                     6.5169397616191639e-05         1.7346235449897133e-03        -3.7125261993264805e-05        -2.3057635032821080e-05        -4.8127009071117588e-04        -2.0414161476015207e-02         1.5128806540385993e-02        -4.1181535486791376e-02
51                                     2.2373207519177751e-03         1.7629417185272201e-04        -1.9244829963789593e-03         5.1062416141643870e-05        -8.2863516071512451e-05        -3.7049268543943425e-03         2.4157862253585574e-03        -9.9726784144215326e-05
52                                    -3.2970653465897830e-03        -7.8637564555173768e-05         2.1811877010541386e-03        -1.6173143915138586e-03         5.9030303234829108e-05         9.6498230146766189e-04        -3.7318995672389543e-04         3.0572703679412216e-05
53                                     9.2369937634479332e-05        -7.3433799610767481e-04        -6.8692927444329531e-05        -7.9701358575666584e-06         6.2285353574183353e-04        -1.0283258506390294e-04         7.2479255543224082e-05        -2.1382426765441625e-04
54                                     2.5794623961000691e-04         2.0703683004293274e-05        -3.6285503091420797e-04        -1.7088766807617754e-04        -1.1584591059366606e-05        -4.7068579389024107e-04         2.5793993181841946e-04        -1.4308160888537891e-05
55                                    -7.4674604650866471e-04        -5.3067124617212625e-05         9.9600712948498212e-04         4.7369523234587995e-04         3.1704850168276700e-05         1.4571814698770545e-03        -8.5682891890534094e-04         4.2579703711518135e-05
56                                     4.6477311680079528e-06         3.7160473134374876e-05        -6.8257586362752224e-06        -3.1238434556091254e-06        -6.2703713090865923e-06        -9.4820024057487451e-06         4.0728464676427653e-06        -7.3369771982133683e-06
57                                    -2.4101120143091184e-04        -1.3979911021090309e-05         3.2678985057701861e-04         1.2750958060011685e-04         9.2570112610895303e-06         3.6453147057101593e-04        -1.9691764115842779e-04         8.8074575082213818e-06
58                                    -3.0571832083068316e-05        -4.5359785043964972e-06         8.9112837022330268e-05        -7.4950659217692863e-06         2.2721551119422195e-06         4.7462583076374795e-05        -1.9551579359908386e-05         1.6135207332008489e-06
59                                    -2.9904799154490931e-06        -7.1773382663766741e-05         4.0368344458482344e-06         1.8179265808536968e-06         1.2391102060591204e-05         2.4365045362201911e-06        -1.1104560878813914e-06         5.2531606334118502e-05
60                                     8.1831497113528493e-05         5.7890335214510246e-06        -1.0385692457471187e-04        -4.8147707114038992e-05        -3.0634262736514862e-06        -1.2382804849997106e-04         7.2039822901025241e-05        -3.6715331951154444e-06
61                                    -1.9402344257986065e-04        -1.3373506176417623e-05         2.3114489781030860e-04         1.4692237953235689e-04         7.9805029881890276e-06         3.9168813690528600e-04        -2.3549988389973733e-04         1.1238360291947789e-05
62                                     3.2657911357044941e-06        -3.0640748736082728e-06        -3.7721103933733592e-06        -1.9596635009330112e-06        -3.8818437961424831e-07        -4.9240354478732818e-06         2.9508044968352405e-06        -9.2101768811633738e-08
63                                    -1.4609225475527006e-04        -9.6311861765985550e-06         1.6741766868446284e-04         1.0719493968552873e-04         5.6148820346020245e-06         2.6033796810520524e-04        -1.5770018334429665e-04         7.6859998748301693e-06
64                                    -1.3015312298982420e-04        -9.0211849616371967e-06         1.7390542502566925e-04         7.7349230353345198e-05         5.4750781633816823e-06         2.2392079295887538e-04        -1.3265068367302867e-04         6.5433074953362563e-06
65                                    -4.9486726660472148e-06         6.9979242987293235e-06         5.6777841826534576e-06         3.7425105844467138e-06        -1.3400836804273266e-06         9.2190436329404709e-06        -5.5830408216724454e-06        -3.1064895120961445e-06
66                                    -1.7328933311312885e-05        -1.2220388808535194e-06         2.1989538339922969e-05         1.2890826421899413e-05         7.7266085302192842e-07         3.4893743488402306e-05        -2.0923602923938060e-05         9.8968858101922172e-07
67                                    -1.5979999922657862e-05        -1.1032679215082749e-06         1.8851641351191406e-05         1.3591040064563835e-05         6.2944619350268147e-07         3.4483292077971375e-05        -2.1179556775110034e-05         9.7305814080908442e-07
68                                    -4.6459082844435935e-07         1.7015555650044433e-07         5.6098293785150914e-07         3.2718131609145754e-07        -1.2255278441419474e-06         1.0312070878676365e-06        -6.2231676728930400e-07         2.4764497028508772e-07
69                                    -4.3383443523271686e-05        -3.7415958436010912e-06         5.2481487241674580e-05         3.5178637915610710e-05         3.5475653060743126e-06         9.4707097186780365e-05        -5.8335557886590131e-05         1.8189069022351850e-06
70                                    -2.3301265277698015e-05        -1.1713404519393515e-06         2.9536890676743225e-05         1.7641839740033629e-05         3.1819556595944574e-07         4.9392401957107021e-05        -2.9987465433357094e-05         1.1926930260072764e-06
71                                    -7.3205267889240103e-06        -7.0051194883545998e-07         7.7751890611812199e-06         6.7003659852633629e-06         4.0543610213262361e-07         1.8412044531294490e-05        -1.1818251008961799e-05         6.2723368915459646e-07
72                                    -4.3840835690192787e-05        -2.4687812398753825e-06         5.3068546584090354e-05         3.5637310927631716e-05         1.5341174590580329e-07         9.5862684036494654e-05        -5.9123775210109981e-05         3.5950246413762370e-06
73                                    -2.3188310656904303e-05        -2.1957738651814410e-06         2.9354328350337795e-05         1.7542642647997103e-05         1.7371902328654917e-06         4.9085050292618033e-05        -2.9812122888813077e-05         1.6382138706654913e-06
74                                     4.6958418816647860e-06         1.7918019440114449e-07        -4.6158815600649871e-06        -4.5444148347858690e-06        -1.0813727058989382e-07        -1.2644405462009314e-05         8.2544347872108657e-06        -1.7205832853952276e-07
75                                    -5.7615769697490975e-05        -3.9229487064657263e-06         7.7122751379031474e-05         3.5323243027961877e-05         3.3099888294477582e-06         9.7497964568102682e-05        -5.4908656784332700e-05         2.5546604625875624e-06
76                                    -2.7943825255863537e-05        -1.8078086983795884e-06         2.9450934115933785e-05         2.6755681553476034e-05         7.8338301360089289e-07         5.8573679964338222e-05        -3.5618950519275658e-05         1.7279017815376665e-06
77                                    -9.7672164226154752e-07         1.5853928849944820e-05         2.3858362908458202e-06         8.3562214302825327e-07        -3.5647961169795630e-05         1.8688769487472684e-06        -9.7587289585381163e-07         7.7568532720762373e-06
78                                    -9.3910248280788290e-05        -6.7751981307383194e-06         3.3070727715294596e-04        -1.2689764615315957e-04         1.9343306216684436e-05        -4.6352422219029534e-05         4.3966658805006742e-05        -1.8021379592313537e-06
79                                     1.2345412986191641e-04         5.0087028329838865e-06        -2.2455824655071097e-04         3.9388950801881682e-05         2.9542165800064754e-05        -4.7324324198088578e-06        -8.0967085514758183e-06         3.1419284921737332e-08
80                                    -3.8138115549539141e-06         2.7190090013881022e-05         1.6589922537328627e-05         3.7863166342260238e-05        -7.2609661710999860e-05        -2.0950411272366018e-06         3.4014907443672284e-07         2.4882490409463547e-05
81                                    -6.1218053267735636e-05        -9.3711307639330786e-06         1.3301705591798159e-04         9.9782825625998966e-06         4.2067394676500360e-06         1.6257631075219578e-04         2.4277758800703977e-05         1.6501545856834346e-05
82                                     3.5856415714416359e-05         8.0758275727262150e-08        -1.3728112213992182e-05        -4.9960296322867003e-05        -6.3566375180649820e-07        -7.1475789470356156e-05         3.9280394499812202e-05         1.4860778268605489e-06
83                                    -3.6282947610457461e-06         8.3871335198934240e-05         6.4574260570283275e-06         1.0816711395320843e-06        -1.8113238654523584e-06         2.0153245154029027e-05         1.6395932886624915e-07        -3.6090374976547067e-04
84                                     5.5011735569560766e-05        -1.9718263745544505e-06        -4.0064585420352631e-05        -2.9594662218729263e-05        -3.3569102173664715e-07        -8.7916846879681565e-05         2.7516543892962351e-05        -5.8287917646910139e-06
85                                     5.0498215673959869e-05        -4.0046240031336877e-06         8.4118539429533590e-05        -3.1236433179723019e-06         2.7441647424819034e-06         3.6015699328995347e-05        -5.6738694195424206e-05         2.8173520807682167e-07
86                                     1.3781543108101687e-06         1.6692894740590665e-04         4.0935764593778346e-07        -9.1343669853971197e-07        -3.7839814947687771e-05        -4.3368869133998667e-06        -1.0814943084475255e-07         8.7866343937987305e-05
87                                     5.6335020361694601e-04        -2.6202712182502963e-04         3.8436837049059909e-04        -2.3473829742407144e-05         6.0848855507346806e-05         1.1561072324870352e-03         1.0781141031394386e-03         2.2387547425412507e-04
88                                    -5.6763701015767063e-03        -8.3982258932997517e-05        -5.3330044411978284e-04         4.7872994872022760e-04        -6.8744907006793040e-06        -1.4013834693074917e-03         5.5121268065148193e-05        -4.0117615771983624e-05
89                                    -5.3446319765337137e-05         9.0326031112268699e-03         6.0708439750545957e-05         9.3826312282408461e-06        -1.5653106347871782e-03         2.0996725932731134e-04         6.3099098699572807e-05        -5.7909170601863147e-03
90                                     4.4774141026740662e-05         2.2468917361038616e-06        -5.6842014602023240e-05        -2.2464780063587543e-05        -1.7555323085657014e-06        -7.9421970359076712e-05         4.5496222726687638e-05        -8.7955777036234368e-07
91                                    -1.0479711052194533e-05        -5.8258107435116789e-07         2.5162398386276673e-05        -5.7117472598902912e-06         6.5662089487128559e-07         1.1630204269023133e-05        -9.3132550364543546e-07        -1.0495965893567562e-07
92                                     2.8836455372889705e-06         1.6402243566704152e-05        -3.3986081189333091e-06        -2.0690295043235957e-06         8.9889744698062215e-06        -4.0596997973516401e-06         3.2640469658121704e-06        -4.8238202334424194e-05
93                                     1.1962173811815708e-05         8.9514169270194145e-07        -1.4639058364016955e-05        -1.0177163369034766e-05        -4.7430058150577369e-07        -2.7594715854645994e-05         1.6696068071397278e-05        -8.3919172362349681e-07
94                                     1.8811971550741638e-05         1.3019682464259142e-06        -2.0557855266193411e-05        -1.6695595479207016e-05        -6.8072447991027462e-07        -4.3942711752816238e-05         2.7504806168046137e-05        -1.2103378959545299e-06
95                                     5.3524065212847293e-07        -2.1588122915848756e-06        -6.1551753547218704e-07        -3.6419748729288677e-07         3.3310579979322243e-08        -1.2894065170741041e-06         7.4977351573321942e-07         2.2660491957313315e-06
96                                    -2.5725284694746065e-05        -1.7989079276072001e-06         2.9412824319931469e-05         2.0930117406882723e-05         1.0355962337414419e-06         5.6457848935698586e-05        -3.4831262897245456e-05         1.5758567900892491e-06
97                                     2.0518831503817971e-05         1.4989370448932016e-06        -2.3985098750801937e-05        -1.8139343628911374e-05        -7.9397144751225314e-07        -4.8544508424308596e-05         3.0250869854832102e-05        -1.3491892735006796e-06
98                                     2.8027758356319495e-07         9.6677185585569373e-07        -2.0283607574962721e-07        -4.1027112955195028e-08        -1.5944894775840114e-06         2.4779187867114566e-07         1.2287283138287026e-08         1.4789869525878108e-07
                                                        48                          49                          50                          51                          52                          53                          54                          55

0                                     -1.0170582739153626e-04         6.9976198602625904e-05        -3.0046333964820875e-06         3.1440697946404295e-05         2.1165937148736886e-05         2.1348592808073920e-06         1.8770985310649427e-03        -7.4143010032388067e-04
1                                      1.1392643491049746e-04        -7.8564817330137207e-05         3.3069579737946793e-06        -1.1059977977353921e-04         2.6106657010515766e-05        -3.8531382474128955e-06        -7.6767784065149582e-04         5.1708571861192195e-04
2                                     -2.5187166200240285e-06         1.7169230375613169e-06         4.4489963386153035e-07         1.0233607092571074e-06         1.3538669635170784e-06        -2.6927896326526403e-05         9.0890066845473566e-05        -2.6177167207973989e-05
3                                      1.8920304542581934e-04        -1.2992617238392575e-04         5.6356247566316040e-06         2.1985581346801986e-04        -2.5112608398896862e-04         8.0747191682279950e-06        -1.4732478102537742e-03         1.1656209634113672e-03
4                                     -1.6414512307410541e-04         1.1015223500363271e-04        -4.6271496632892859e-06         4.8456912362434412e-04         3.3365883791899121e-04         9.3082721883311931e-06        -1.9354323248569463e-02         5.1573715416335236e-03
5                                      6.1152596407058112e-06        -4.1355003662034813e-06        -1.4207929673391882e-06         3.1272060685510122e-06        -8.4135669928587770e-06         4.8085248733739834e-05        -8.4627875597667384e-07         2.3430061267469137e-05
6                                     -5.4179839108281806e-04         3.7207659809367815e-04        -1.5665699902479635e-05         4.7399593193897931e-05         5.8757840322551142e-04        -1.0364771359716563e-05        -1.0309473058853859e-02         7.4107577005853593e-04
7                                      2.8279525662631847e-04        -1.9168315188735794e-04         8.3044928693826227e-06        -2.8854844498074476e-04        -9.1396819484832522e-05        -5.9425354947517770e-06         4.6430329896287106e-03        -8.5371272174721846e-03
8                                     -1.7383186685784002e-05         1.1973274622032329e-05        -5.9859371405905126e-08         2.8402626107733049e-06         1.6614656788835917e-05         7.9709820105617875e-05        -5.0807390555443780e-04         6.3424181333716754e-05
9                                      3.2341313678134335e-04        -2.1902692625657154e-04         9.2117108315116573e-06         5.1905115734661770e-04        -1.1046444668414803e-03         2.9738259889176296e-05        -1.1051065869142465e-02        -3.5729896512526838e-02
10                                    -1.3161541694580630e-04         9.1417623074273270e-05        -3.8746534989683560e-06         4.2442264856598307e-04         7.1577507379114603e-05         3.4702348653924464e-06        -5.4763498339938363e-02         2.2525483298602766e-02
11                                     1.0262084801580520e-05        -7.0925711002279580e-06         2.8775391160773045e-06         1.0891622563744285e-05        -3.3387265566584644e-05        -5.0276361357659417e-06         2.8865931575370110e-05        -1.1592703363829510e-03
12                                    -4.7380504978423933e-04         3.2184571755149594e-04        -1.3636647767886510e-05         1.3567434061189081e-04         1.1606017088695295e-03         1.2283675152024657e-05        -3.9834595418995943e-02         2.2868371314498252e-02
13                                     2.5456661314219491e-04        -1.7602617269333123e-04         7.2985646255395437e-06         7.4084837517590023e-04         2.6587888260443571e-04         2.5391467102384070e-05         1.8083319145258993e-02        -1.0932998335505033e-02
14                                    -1.7068045497165924e-05         1.1545793908639996e-05         4.7840104131864860e-06         2.3897555504878931e-05         3.5143472868785245e-05        -7.3065523020633769e-04        -1.3901973110823154e-03         7.4947713342490309e-04
15                                     1.8176463223034951e-04        -1.2445493092639052e-04         4.7169125711455174e-06         8.8964416514863282e-04        -3.9181144252118036e-03         4.0952241693223293e-05         5.1302956089426692e-02        -1.1882945005186853e-02
16                                     5.5142420974990496e-04        -3.7303978857376849e-04         1.6209564833756637e-05        -2.4738348090542345e-05        -2.2626981678975011e-03         1.3702934842016717e-05         1.9485908530450916e-02        -5.6168890788994785e-02
17                                     9.3292502946256068e-06        -6.6908159687743786e-06         1.0100243773948237e-05         3.1697899247954114e-05        -1.0743508228040692e-04         5.4667022523499642e-04         1.4218288835840729e-03        -1.5759075840561521e-04
18                                    -1.0883395415887652e-03         7.2468989063026814e-04        -3.2537522789511202e-05        -2.9175823614277674e-02         1.5246813157874267e-02        -8.5530263250653917e-04        -1.7489963538519121e-01         1.1303874331916489e-01
19                                     3.5909477479197007e-04        -2.4216159002473183e-04         1.0052313237495842e-05         4.4273396683517124e-02        -1.1716738478323733e-04         1.4559704648336679e-03         7.3073642589509935e-02        -2.8254305887636832e-01
20                                    -3.6607723512529128e-05         2.4162361768103338e-05         1.2692778380080236e-05        -6.6384193429157344e-04         4.9534192769095167e-04        -1.6054810017792354e-03        -4.0283089024625808e-03         4.1515892612201330e-03
21                                     1.7446960242645489e-03        -1.1628697107490952e-03         5.1422134724876840e-05        -1.2717641430222390e-01         3.3468988040946987e-02        -1.7933005826046462e-03        -3.8524514665367660e-02         2.1934531570618282e-02
22                                     3.6272362587757238e-03        -2.5342699138181197e-03         1.0610248098775880e-04         6.2983009156176994e-02        -2.1711802652881668e-01         1.1645326135330666e-03         2.8287015096955349e-02         9.3213331549497729e-03
23                                     8.5223008147356508e-05        -5.6594602703282512e-05        -4.5274200684015454e-05        -1.6738561977723411e-03         1.6101461981328285e-04        -6.4236893004523871e-02        -1.3276045284703047e-03         7.1738710720976265e-04
24                                    -4.6257652444087654e-03         3.2059954115052185e-03        -1.3699066004773460e-04         8.8449589825974340e-03        -2.5211918564979608e-02        -3.7024319309712284e-04         3.8096490923430724e-03        -7.8349441583348920e-03
25                                    -1.0273578982326536e-03         8.0539150245612133e-04        -3.0078398979007648e-05         1.9653411222643725e-02        -8.7209534386485488e-02        -1.1486360924449349e-05         2.6669664754795062e-03        -1.6700887588260490e-03
26                                    -1.6091164926588584e-04         1.0973070751906170e-04         9.3437239767891908e-05        -5.2497878091690487e-05        -1.4527725079912051e-03         1.3476384394195871e-02         1.6751004063487746e-04        -2.4202889487161196e-04
27                                     2.1088513269012774e-03        -1.7094297395579229e-03         7.3530839505553259e-05        -6.0617438535732690e-02        -1.7886216383795329e-02        -2.4194776852762409e-03        -5.1067997229742573e-04         2.3151541711484069e-03
28                                    -5.2525233376075143e-03         3.6051869931445178e-03        -1.4971384507817678e-04        -3.9718436351607662e-02        -5.2692971500306635e-02        -1.7216123239170188e-03         2.2277312038810637e-03        -3.9645983392299303e-03
29                                     4.8091409522388952e-05        -3.2139421807393537e-05        -3.7708605525063772e-04        -2.5763649529231061e-03        -1.0009528570592216e-03         1.0868647480227395e-02         2.8871752680290790e-05         6.5841588672079434e-05
30                                    -3.6673672742808527e-03         3.3514162073734919e-03        -5.7226557139026602e-05        -1.9423250750325735e-01        -2.6861398783329857e-02        -4.5197364673167997e-03        -1.7458955702712815e-04        -2.7613353142221086e-03
31                                     9.6391732767598555e-03        -6.0086174262184971e-03         2.8721076003464761e-04        -7.8843231775145212e-02        -1.0703185802589667e-01        -2.8557442387304394e-03         1.3725021243600423e-04         4.8895308352872599e-03
32                                    -1.7515588379841930e-05         7.9397907743073023e-05        -1.4777223097425256e-03        -4.7385804612059910e-03        -1.0942936799722693e-03        -6.2481861665017471e-02        -2.4274734881042702e-06        -6.4959258301157846e-05
33                                    -4.2214611346784968e-04        -3.3479451512034080e-03        -8.2685594091119492e-05        -5.2059690472183506e-02         3.6451014676588005e-02        -1.3697559082503745e-03        -3.3100887251065117e-04         1.0833515291844590e-03
34                                    -1.7553143635082445e-02         1.3831268890599626e-02        -5.0267207972048695e-04         6.5608859563900113e-03         1.2343301907967352e-02         2.9642863698998555e-04         1.6091181340871289e-03        -5.0289225308693440e-03
35                                    -1.5276124122685659e-04        -4.6561258692350043e-05         1.6803627199078279e-03        -1.5704012469109129e-03         1.2781733758918284e-03        -3.0870781588382516e-03        -2.0091594848396826e-06         1.0081205805426517e-05
36                                    -1.1046917276795701e-02         2.2540009144657452e-02        -7.5996171472346224e-04         3.1565100859335836e-03        -2.0038393612284047e-03         1.2960801042062549e-04        -4.1961252874437270e-04         4.1008859515960592e-04
37                                     3.1643052876081296e-02        -3.8039930089647789e-03         9.0406279574107326e-04        -1.2996325920145326e-02         5.2056593264113958e-03        -3.7146994138668099e-04        -1.2779069101466634e-03         3.4316943548628395e-03
38                                    -7.1138608106943247e-04         6.0797311172570674e-04         1.6469607446390644e-02         8.7978424592353589e-05        -3.2920932134535726e-05        -1.2749830724488804e-03        -2.1158997931142987e-05         3.2144467906201533e-05
39                                     6.0248493547369010e-03        -7.1814322644510320e-04         1.3255682297200867e-04         5.1138890053603198e-03        -2.2700485952345658e-03         1.5376464445672483e-04         6.4977982568199626e-04        -1.5978463834080462e-03
40                                     2.8560488997599574e-03        -4.4644966631512597e-03         6.5169397616191639e-05         2.2373207519177751e-03        -3.2970653465897830e-03         9.2369937634479332e-05         2.5794623961000691e-04        -7.4674604650866471e-04
41                                     1.4377457054549350e-04        -4.6749543330213892e-05         1.7346235449897133e-03         1.7629417185272201e-04        -7.8637564555173768e-05        -7.3433799610767481e-04         2.0703683004293274e-05        -5.3067124617212625e-05
42                                    -1.8608475527355645e-03         1.2884960996207648e-03        -3.7125261993264805e-05        -1.9244829963789593e-03         2.1811877010541386e-03        -6.8692927444329531e-05        -3.6285503091420797e-04         9.9600712948498212e-04
43                                    -9.6419936041553661e-04         1.2103120632974106e-03        -2.3057635032821080e-05         5.1062416141643870e-05        -1.6173143915138586e-03        -7.9701358575666584e-06        -1.7088766807617754e-04         4.7369523234587995e-04
44                                    -4.5356748237818469e-05         4.6543645564718075e-05        -4.8127009071117588e-04        -8.2863516071512451e-05         5.9030303234829108e-05         6.2285353574183353e-04        -1.1584591059366606e-05         3.1704850168276700e-05
45                                    -7.7558003318029678e-01         5.4569335567703725e-01        -2.0414161476015207e-02        -3.7049268543943425e-03         9.6498230146766189e-04        -1.0283258506390294e-04        -4.7068579389024107e-04         1.4571814698770545e-03
46                                     5.4594462080690320e-01        -4.4256495915407590e-01         1.5128806540385993e-02         2.4157862253585574e-03        -3.7318995672389543e-04         7.2479255543224082e-05         2.5793993181841946e-04        -8.5682891890534094e-04
47                                    -2.0333043634803486e-02         1.5064492816827393e-02        -4.1181535486791376e-02        -9.9726784144215326e-05         3.0572703679412216e-05        -2.1382426765441625e-04        -1.4308160888537891e-05         4.2579703711518135e-05
48                                     7.8677346128853964e-01        -5.6864336631611812e-01         2.1204382933605694e-02         2.2145954748851813e-03        -5.5193143650854532e-04         6.3928177825298718e-05         2.3411084818087831e-04        -8.3951618168194087e-04
49                                    -5.6864336631611812e-01         4.3963660949411443e-01        -1.5740632788229455e-02        -1.5364186514161609e-03         3.4220754983709705e-04        -4.6301891335787462e-05        -1.5413465161282126e-04         5.7077851792262544e-04
50                                     2.1204382933605694e-02        -1.5740632788229455e-02         2.2543022489335259e-02         6.1855349656517929e-05        -1.7042880661969202e-05         7.5779205068910618e-05         6.9331421286452368e-06        -2.4392695279436190e-05
51                                     2.2145954748851813e-03        -1.5364186514161609e-03         6.1855349656517929e-05         4.5596816319329614e-01        -5.1896209968881196e-03         1.2039171082133026e-02        -4.0863216873696408e-03        -4.9048458667586593e-03
52                                    -5.5193143650854532e-04         3.4220754983709705e-04        -1.7042880661969202e-05        -5.1896209968881196e-03         4.6106661233171492e-01         2.1171563817858120e-03        -3.3562282295259913e-03         2.0194558053230009e-03
53                                     6.3928177825298718e-05        -4.6301891335787462e-05         7.5779205068910618e-05         1.2039171082133026e-02         2.1171563817858120e-03         8.6169720496795138e-02        -2.2925992522487804e-04        -1.5769606291775263e-04
54                                     2.3411084818087831e-04        -1.5413465161282126e-04         6.9331421286452368e-06        -4.0863216873696408e-03        -3.3562282295259913e-03        -2.2925992522487804e-04         6.5861323533680194e-01         1.2324571325355129e-02
55                                    -8.3951618168194087e-04         5.7077851792262544e-04        -2.4392695279436190e-05        -4.9048458667586593e-03         2.0194558053230009e-03        -1.5769606291775263e-04         1.2324571325355129e-02         7.3235313827465520e-01
56                                     4.3690699848987542e-06        -2.5327510055497631e-06        -1.3249957056189549e-06        -1.3377875884954611e-04        -1.4881289173236325e-04         2.0458452572822889e-03         1.6197594577189257e-02        -1.7366583348972420e-03
57                                    -1.9792518578414637e-04         1.3056620543153933e-04        -5.4686128302487420e-06        -1.9877640918064365e-03         7.9076637554586788e-04        -8.4303943611592993e-05        -2.8909290885676742e-01        -4.0742238497888619e-02
58                                    -1.6250884783444632e-05         1.0182842393583564e-05        -5.0673513065945571e-07         2.4896771130174479e-03         2.2126237061513999e-04         8.7908570774019180e-05        -9.5957472937581272e-03        -1.1763367206375537e-01
59                                    -1.6681544762624006e-06         1.1019770070327191e-06        -7.6548410764052014e-06        -1.3727007498097522e-04         3.9903334862354263e-05         6.0537807874937665e-04        -7.1644423549622315e-03        -1.0424919801518555e-03
60                                     7.1983911456711177e-05        -4.8205629811737326e-05         1.9977067353685999e-06        -8.4897240255233660e-05        -1.0773883848959037e-04        -2.4726907688045145e-06        -5.1441729310571643e-02         4.1649991851132294e-02
61                                    -2.3630734019630727e-04         1.6031883030812738e-04        -6.8657234876815053e-06        -5.4373368869982126e-04         6.0545110773062500e-05        -1.8024783255572809e-05         2.1638542055126893e-02         6.0917405172875971e-04
62                                     2.6807261285053885e-06        -1.8492950093952275e-06         5.4400295308148967e-07         3.4117515578492619e-06        -2.9156706980725946e-06        -1.5795650453693423e-04        -1.6894540806979869e-03         1.2861130549871220e-03
63                                    -1.6112226013927371e-04         1.1025769982834414e-04        -4.6730637479593725e-06        -4.4299899964230551e-04        -7.9682843910061163e-05        -8.6084847903192534e-06         2.1650516521386644e-02        -3.7557875341065472e-03
64                                    -1.3404274032656043e-04         9.2424898804647118e-05        -3.9599049819538202e-06         2.9540054873310412e-04        -1.0184309189749009e-04         1.3280894722264513e-05         1.5845555061280978e-02        -9.6220978425963482e-03
65                                    -5.6208682140958426e-06         3.8273692557564673e-06         7.2251343553668261e-07        -5.5936390837702398e-06        -3.1776765958555075e-06        -8.1187717923801090e-05         4.3285282388837794e-04        -7.4806513135632999e-05
66                                    -2.0910603085688202e-05         1.4422960723716529e-05        -5.7219553550398270e-07         1.6943819384880581e-05        -9.0779740273587363e-06         6.2620478889229144e-07         2.2598065137856261e-04         9.0913035102928256e-05
67                                    -2.0987131595291177e-05         1.4439314739320207e-05        -5.7367304576216835e-07         1.1228290842176516e-05        -6.4431896923307645e-06         3.9332982239844947e-07         1.2109765612222981e-04         5.0420522423974030e-05
68                                    -5.7371821472700363e-07         4.0895191519116007e-07        -3.6106165668096796e-07         4.5672677838445751e-07        -3.2912659788934455e-07        -1.1270621328410800e-06         2.9115036887647113e-06         2.7573034400985663e-06
69                                    -5.8047212429890554e-05         3.9768376742614240e-05        -1.3377980025011431e-06         6.7525722119747612e-05        -3.6086406736399694e-05        -1.9416872494259350e-06         1.6939296624272887e-04        -5.8380805793100966e-05
70                                    -2.9854000556082093e-05         2.0567682552408129e-05        -1.0718039815199058e-06         2.3041071840931267e-05        -4.3790063462626199e-06        -2.3299985128673442e-06         6.1207708923456238e-04        -1.3218962216607130e-04
71                                    -1.1723980993083366e-05         7.6357992312276715e-06        -2.3938044181351530e-07         1.6737406089775094e-05        -1.1836457214116976e-05         2.6415780544288651e-06        -1.4336266103922234e-04         4.1481335703161184e-05
72                                    -5.8799642122417200e-05         4.0276382745469655e-05        -1.9980927262720006e-06         6.8547194314742295e-05        -3.6891252382369828e-05         6.2624620444158158e-06         1.4952957249189539e-04        -5.4856168426621247e-05
73                                    -2.9681857387332182e-05         2.0446790164492892e-05        -6.8536385051132095e-07         2.2533234455246012e-05        -4.1929171714524230e-06         4.0629945667237057e-06         6.2032024436268910e-04        -1.3313792010288944e-04
74                                     8.1735222550713199e-06        -5.2045758977441246e-06         2.4770349434191199e-07        -1.2871421364188583e-05         9.5866577834063157e-06         1.9535657400352324e-06         1.5076803281696048e-04        -4.4305217209976910e-05
75                                    -5.6224318933458103e-05         3.9910935346171598e-05        -1.4586177267182289e-06         1.8176480170758877e-05         4.3994832511778345e-05        -2.4428787950976555e-06        -5.3488950376103959e-04         4.5494469745468091e-04
76                                    -3.5600512767217790e-05         2.4515106241053625e-05        -8.8083689356985751e-07         1.1649221065836667e-06        -2.9651512250367129e-05        -3.3790030455073237e-07         8.0880686369344274e-04         1.6940501332146727e-04
77                                    -1.0999428197856093e-06         7.8834087841061699e-07        -2.9200997844580156e-06         4.5141515530705289e-07        -3.2850666464330452e-07         8.0791973426015486e-05         7.6384410525202271e-06         5.3083545064788030e-06
78                                     4.1303403649161534e-05        -3.0225280515208978e-05         1.3853908823914174e-06        -2.1419304259307327e-03        -1.2070587006896864e-03        -6.3864876969042697e-05        -1.5195772758219948e-03        -3.0583251913722477e-03
79                                     5.9269749359733802e-06        -5.0933804069787716e-06         2.5010985183797964e-07         8.2712392601463479e-04         9.0939764918791452e-04         2.0060797075402325e-05        -3.8267631679017038e-03        -3.1191283180887217e-03
80                                     8.7495383562638047e-07        -3.8506529869803226e-07        -6.0699196072703964e-06        -4.6891632314459766e-05        -3.6355106431278192e-05         3.1282930298304939e-04        -1.5202230004056192e-04        -8.4967149153649069e-05
81                                    -1.1618956582531547e-04         5.4450598278940219e-05        -6.2631232214875865e-06        -8.8252103595982793e-04        -6.0558156929105891e-03        -3.0998250178208327e-04        -5.6594179157628535e-04        -4.0330398598582731e-04
82                                     4.7167453177898288e-05        -3.3631774049726120e-05         6.1679224546117164e-07        -8.2483931921147676e-04        -1.9681725690115772e-03        -9.7123358872189627e-05         2.9027345132928749e-04        -4.5979874361203857e-04
83                                    -8.8575693453095895e-06         2.9701511296455958e-06         8.8938585331187377e-05        -2.8043160770044209e-04        -2.2343127859305120e-04         7.4805633121939252e-03        -2.6910760952326024e-05        -7.3311959730659694e-05
84                                     4.2784085201791940e-05        -2.6872914160597314e-05         2.1169342235592621e-06         1.8755756961913322e-03         2.0623639353131336e-03        -1.4884103764832975e-04         2.9581518018988775e-05        -4.2025257023485589e-05
85                                    -2.5470193935771181e-05         3.0034501870955348e-05        -4.2994335754901748e-07        -3.5645157433489777e-03        -4.6215467662014276e-03        -1.8430410626657300e-04        -5.6084240037058190e-05        -2.0749068441752971e-05
86                                     1.6639899986631946e-06        -5.8231009023482325e-07        -2.1453695398015707e-05        -1.8956278494687649e-04        -7.4389668398265076e-06         6.8577904543129344e-03         3.8957172883665534e-06        -4.3838823034797700e-06
87                                     9.7277646185755726e-05        -6.7656892949406397e-05        -2.4630655809173663e-05        -9.8178359930890888e-04         3.6411821929736108e-03        -1.7918633766878057e-04        -1.2288444185431062e-04        -2.8312409812351679e-05
88                                     2.2197817755055613e-04        -6.7905759912425352e-05         2.7766810947829509e-06         4.8522396573278549e-03        -4.5470838835024096e-03         1.0223923084530700e-04         1.1886543120991183e-04         4.1315822464559186e-05
89                                    -2.5359933641313321e-05        -4.5808871198557244e-06         8.7881727330687816e-04        -1.9221622886759511e-04         6.0973516286479308e-05         5.5680020669365109e-03        -1.1618721825920658e-06        -3.3996561992139782e-06
90                                     4.7155209776831653e-05        -3.1922938928763823e-05         1.0674090429572630e-06         3.5985732956748831e-04        -3.6930090842828586e-04         1.9187507642961560e-05        -1.1416184049427253e-01        -1.0839058039804730e-01
91                                    -6.7880885468401923e-06         5.5790129750376248e-06        -1.1271892976781774e-07         1.1466142673366046e-04         2.0296688506087502e-04        -1.5343791849439648e-06        -1.0819584416337165e-01        -2.8209102382519580e-01
92                                     3.0480190815607777e-06        -2.2650947828529813e-06         8.8083198843890792e-06         3.9659071603573664e-05        -3.6553431869742856e-05        -2.6075005574060822e-04        -1.9485248371140670e-03        -2.3213781296373918e-03
93                                     1.7120155257921237e-05        -1.1445368116575806e-05         4.8488825227195640e-07         1.0153491064682484e-05        -7.3442608571262129e-07        -7.3502597227675312e-07         1.1617650877237340e-03         8.6718845399130166e-04
94                                     2.7051590479331604e-05        -1.7219537793866147e-05         6.8544220405604439e-07         2.0159959924130345e-05         1.3686166479343824e-05         5.5779995126453973e-07        -1.4192402154477703e-03         1.3224953105648845e-03
95                                     7.0132976687369007e-07        -4.4790343231318973e-07        -1.0068371875947818e-06        -2.4833893902409111e-06         2.2420768661036309e-07         3.5012873910719970e-05         1.0052736209740961e-04         5.6796585884539251e-06
96                                    -3.4625303321145153e-05         2.3258143966169295e-05        -9.1096845739848715e-07        -5.8460883880264030e-05        -1.1754122269256781e-05        -2.7657096344889214e-06         1.4461284441638004e-05         1.4056899825936229e-03
97                                     2.9990105133577329e-05        -2.0171710598485362e-05         7.6097844287582311e-07        -3.7498594498836599e-05         1.2218456288724182e-05        -1.2918537831222786e-06        -1.4849916513033303e-04         2.0867976194016046e-04
98                                    -1.5042639664455555e-07         4.2101694712010380e-08        -4.1088880647963474e-07        -1.8807886758420079e-06        -3.4438296909947215e-07         1.9432399679816820e-05        -5.1473200742128446e-06         3.9159324212094375e-05
                                                        56                          57                          58                          59                          60                          61                          62                          63

0                                      9.0142240434622873e-05        -3.0638339831097041e-03         1.4640346965795348e-03        -8.3642625389600576e-05         4.7868758149130670e-03        -1.3733074646374182e-03         4.9121770678559713e-05        -1.8367067220623725e-02
1                                     -2.5530046493681404e-05         2.0705986039780918e-03        -7.5971818848936598e-04         6.4143392912745063e-05        -2.5904564619460718e-03        -5.6472276278298240e-03        -5.8457235298853602e-05        -3.0932339493415020e-02
2                                     -1.1457458270182617e-03        -7.8796805069181631e-05         3.7740201707357727e-05        -4.5938685800693720e-04         4.1284701583640813e-05        -1.4808828432896323e-05         3.3531015865024575e-03        -6.7367422807569361e-04
3                                     -4.5622276284126048e-05         4.9428822525032570e-03         5.3100534316037999e-03         3.8725963647274824e-04        -1.8486507269821411e-02        -3.7064754163207994e-02        -5.6945484754354376e-04        -1.4791610961867382e-01
4                                     -5.9328302936823224e-04         1.6320346578400539e-02        -4.5632313917330615e-02         5.9278665901637585e-04        -7.9535866899096835e-02         2.2164789964093035e-02        -2.3864911352933019e-03        -1.2635972856655714e-02
5                                     -3.4237499954597420e-05         3.5461961413917444e-04         2.4260278071161121e-04        -8.1426506418019740e-03        -4.5767551176780109e-04        -1.1139061612526770e-03         4.0985187667202834e-03        -2.1798456724258877e-03
6                                     -4.9713724727706030e-04        -2.0138340417222095e-02        -5.7317657959021585e-02        -8.7250493913640804e-04        -4.9797956654505579e-02         2.2967046631782787e-02        -1.4162680596114621e-03         5.7022416986382336e-02
7                                      1.8532966327393862e-04        -3.6697369332747587e-02         2.0812156190280921e-02        -1.1152185349848263e-03         2.7314384571122730e-02        -8.2146977880009076e-03         8.1431885634224025e-04        -5.1514869508987090e-03
8                                      6.1864739041184030e-03        -9.3145517520745193e-04        -1.6928708843344390e-03         1.4884582157526876e-02        -1.4262323965971225e-03         6.8785050866155195e-04        -3.8126078340696935e-03         1.0203780031976003e-03
9                                     -5.4868214960748438e-05        -1.5683613264708149e-01        -3.5473375286566800e-02        -2.8699506196603764e-03         5.6702892065733403e-02        -4.9941778038387029e-03         1.6099910580832559e-03        -3.7918282250599851e-02
10                                    -1.7044852907703422e-03        -3.3243074472608790e-02        -2.2912988659016931e-01        -5.1297367615425618e-04         9.0209083429693762e-03        -4.1824056752775486e-02         3.6354132873946815e-04        -8.3142490528072127e-03
11                                    -5.5212259047281442e-03        -2.9135879302649246e-03        -6.1596870559608606e-04        -5.9337719934453248e-02         1.5954315520703972e-03        -3.0786138112093146e-05         2.4055513051717305e-03        -8.6067904999408075e-04
12                                    -1.3773376834488081e-03         5.1571523118020657e-02         6.0066568326642700e-03         1.5670065097356006e-03        -1.2748172824119870e-02         1.7586777106960031e-03        -5.1412369685402339e-04         1.0949269736823060e-02
13                                     5.7481699825653637e-04        -6.5663361683701484e-03        -3.8726298853757807e-02        -1.1308749752705395e-04         2.1305990901234473e-03        -6.5288962493128119e-03         1.0124070256446623e-04        -7.6421271920087668e-03
14                                     3.2490135309644133e-03         1.6457898564861810e-03         2.9007214797376318e-04        -8.4271326044610406e-04        -5.1912350346140746e-04         7.9477637225669012e-05         4.2902666050730794e-03         3.3642893378115629e-04
15                                     1.5127707202095518e-03        -3.6900865908250813e-02        -8.1009467919513356e-03        -1.1214001236934954e-03         1.1767502092896228e-02        -7.6442713864165891e-03         3.9199564581992251e-04        -1.2624090600835707e-02
16                                     7.5832289723620143e-04        -2.6436217324319465e-02        -5.1057611353737820e-03        -7.8909157393620229e-04         8.4940247531704836e-03        -4.8323707601313597e-03         2.6536470074679932e-04        -7.2450457386138570e-03
17                                     2.6727058182958313e-03        -1.0921560027323148e-03        -2.2412486250024727e-04         7.7946904751403229e-04         3.5437521619266542e-04        -2.2032998101771824e-04        -5.0737860507789421e-04        -3.6338582812036626e-04
18                                    -4.1749716960565288e-03        -3.8536821271152946e-02         2.9608502004685965e-02        -1.4039702306459390e-03        -1.0073015779204254e-03        -6.0737704769292106e-03        -1.4730312205966692e-04        -2.1118029238522094e-03
19                                     3.0014499742097968e-03         6.1907351786311592e-02         9.7688879729283685e-03         1.8773601306846322e-03        -2.1727380791286180e-02         1.3030754227596728e-02        -6.7214734448525792e-04         1.6517573912936099e-02
20                                    -5.5642595525058153e-02        -1.4290857685957149e-03         9.0632698586353322e-04         3.7197663067816411e-03        -1.2318369002649250e-04        -2.0754314113581189e-04         4.6871371930297554e-03        -1.1307123761139358e-04
21                                    -1.2317826638314786e-03         1.0430964686151373e-02         1.5140157278825152e-03         1.9073922147106576e-04        -2.0295566777880458e-03         2.6913932023809022e-03        -1.2736003640735272e-04         1.5410067367877911e-03
22                                     9.3911622456468579e-04         4.5585074572659628e-03        -4.6293495223146928e-03         1.5601155119218882e-04         1.4516592464425065e-04         1.5499937502909875e-03        -8.3999627798375841e-07         1.0930298264608157e-03
23                                     4.7274180210184896e-04         1.8321149048573663e-04         6.9574191585467795e-05         5.7710743725583966e-03        -1.1724908020984909e-04         9.3420153838418780e-05         1.5200560689273336e-03         6.6949664876825470e-05
24                                     1.5530295645708265e-04        -1.4124302389679913e-03        -3.8237133168812646e-04         1.0061767838942775e-05         2.4038369113057339e-04        -9.3050243406078194e-04         1.4994482006082683e-05        -3.5628309478520214e-04
25                                     4.9538881142270706e-05        -1.8901904239993262e-03        -6.4995728172023703e-04        -5.9022691128699896e-05         4.4277786641391142e-04        -5.2522408943837546e-04         1.4988785345626302e-05        -3.1806555696741199e-04
26                                     1.3080954835937909e-03         6.0079998406861951e-06        -1.6336290914723044e-05        -1.1194713487029202e-03         7.9122024658100424e-06        -2.6397384155039988e-05        -7.4236531651529169e-05        -1.0270478354517542e-05
27                                     1.9552961007883655e-05         1.5871336221152119e-04         3.9645997812181753e-04        -2.8776860741847315e-05         3.3198444255686684e-05         2.4614418210723978e-04         1.0868775426406514e-06        -2.4397099196454873e-05
28                                     6.5020717931760466e-05        -8.2965982623665695e-04         1.3912174386770503e-04        -2.3096872972829025e-05         6.9183120472963804e-05        -5.0701645318317837e-04         4.2023488221927202e-06        -1.7884265618630751e-04
29                                    -4.9295836348821364e-04        -3.4951126182667320e-05         1.3812281818676843e-05         6.6244612041716129e-04         6.5267870179253078e-06         3.1398834628136037e-06        -3.9637010043353709e-05        -4.2123488187247148e-06
30                                    -5.8167335144824545e-05        -2.6597447294140694e-05        -5.5082329382576383e-04         5.2395584211391600e-05         1.4944201466480665e-04        -8.4251474681840220e-04         4.4614595177495826e-06        -5.0667476902036684e-04
31                                     1.5650348021386114e-05         9.9041181671731689e-04        -2.9298919819511734e-04         2.5528586088398384e-05        -7.3319497744286943e-05         9.0338218135690030e-04        -4.7017157221841690e-06         4.7426303243955175e-04
32                                     6.2153165425946804e-04         9.9666268841375693e-06        -2.5381710053531115e-05        -5.5742359823080922e-04         1.0223038912758632e-05        -2.3876535180391729e-05        -1.0047890703410371e-05        -1.6375047235499371e-05
33                                     7.2883524319398215e-07        -4.0946832083174753e-05         2.5354805725874064e-04        -2.8687875460083406e-06        -5.9827796472337934e-05         3.3001094394291216e-04        -4.7503637718862220e-07         2.0737514217699770e-04
34                                     2.9154943677207692e-05        -1.4345468221756863e-03        -1.3212571854610480e-04        -2.3791975997699804e-05         4.3302822944364937e-04        -1.2577554016407737e-03         1.5079530805360548e-05        -8.5557340011417496e-04
35                                     2.2425829121118472e-05         6.6573013292818805e-06         5.4886879862069436e-06        -3.1689177908687197e-04         1.2309164782801250e-06         5.2406523110639230e-06        -6.1652135365329242e-05         1.7072141719881065e-06
36                                    -1.3708433009147537e-05         2.7990678686083095e-04         2.5022810243732302e-05         6.8140815376987420e-06        -8.7104682740177976e-05         8.5609939069897689e-05        -2.8397962069471771e-06         7.6355678365001701e-05
37                                    -2.2402570598373279e-05         9.3245027159958790e-04         1.9840353238720514e-04         1.0705068328786856e-05        -3.0689207593007106e-04         8.7303685500500158e-04        -1.0535410894646768e-05         5.8490814938176009e-04
38                                     7.9382644030838757e-05         1.2721406084131044e-05         1.1907005497123417e-06         2.9211073110358352e-06        -4.1226522593206893e-06         7.2711749520178442e-06         2.6546976737917942e-06         5.3975316919507346e-06
39                                     1.3379390636472830e-05        -5.0389195067620119e-04        -1.1902785789636577e-04        -4.5035025333692140e-06         1.6986343763659636e-04        -3.9817509068021503e-04         6.4793434391213431e-06        -2.8509887549744365e-04
40                                     4.6477311680079528e-06        -2.4101120143091184e-04        -3.0571832083068316e-05        -2.9904799154490931e-06         8.1831497113528493e-05        -1.9402344257986065e-04         3.2657911357044941e-06        -1.4609225475527006e-04
41                                     3.7160473134374876e-05        -1.3979911021090309e-05        -4.5359785043964972e-06        -7.1773382663766741e-05         5.7890335214510246e-06        -1.3373506176417623e-05        -3.0640748736082728e-06        -9.6311861765985550e-06
42                                    -6.8257586362752224e-06         3.2678985057701861e-04         8.9112837022330268e-05         4.0368344458482344e-06        -1.0385692457471187e-04         2.3114489781030860e-04        -3.7721103933733592e-06         1.6741766868446284e-04
43                                    -3.1238434556091254e-06         1.2750958060011685e-04        -7.4950659217692863e-06         1.8179265808536968e-06        -4.8147707114038992e-05         1.4692237953235689e-04        -1.9596635009330112e-06         1.0719493968552873e-04
44                                    -6.2703713090865923e-06         9.2570112610895303e-06         2.2721551119422195e-06         1.2391102060591204e-05        -3.0634262736514862e-06         7.9805029881890276e-06        -3.8818437961424831e-07         5.6148820346020245e-06
45                                    -9.4820024057487451e-06         3.6453147057101593e-04         4.7462583076374795e-05         2.4365045362201911e-06        -1.2382804849997106e-04         3.9168813690528600e-04        -4.9240354478732818e-06         2.6033796810520524e-04
46                                     4.0728464676427653e-06        -1.9691764115842779e-04        -1.9551579359908386e-05        -1.1104560878813914e-06         7.2039822901025241e-05        -2.3549988389973733e-04         2.9508044968352405e-06        -1.5770018334429665e-04
47                                    -7.3369771982133683e-06         8.8074575082213818e-06         1.6135207332008489e-06         5.2531606334118502e-05        -3.6715331951154444e-06         1.1238360291947789e-05        -9.2101768811633738e-08         7.6859998748301693e-06
48                                     4.3690699848987542e-06        -1.9792518578414637e-04        -1.6250884783444632e-05        -1.6681544762624006e-06         7.1983911456711177e-05        -2.3630734019630727e-04         2.6807261285053885e-06        -1.6112226013927371e-04
49                                    -2.5327510055497631e-06         1.3056620543153933e-04         1.0182842393583564e-05         1.1019770070327191e-06        -4.8205629811737326e-05         1.6031883030812738e-04        -1.8492950093952275e-06         1.1025769982834414e-04
50                                    -1.3249957056189549e-06        -5.4686128302487420e-06        -5.0673513065945571e-07        -7.6548410764052014e-06         1.9977067353685999e-06        -6.8657234876815053e-06         5.4400295308148967e-07        -4.6730637479593725e-06
51                                    -1.3377875884954611e-04        -1.9877640918064365e-03         2.4896771130174479e-03        -1.3727007498097522e-04        -8.4897240255233660e-05        -5.4373368869982126e-04         3.4117515578492619e-06        -4.4299899964230551e-04
52                                    -1.4881289173236325e-04         7.9076637554586788e-04         2.2126237061513999e-04         3.9903334862354263e-05        -1.0773883848959037e-04         6.0545110773062500e-05        -2.9156706980725946e-06        -7.9682843910061163e-05
53                                     2.0458452572822889e-03        -8.4303943611592993e-05         8.7908570774019180e-05         6.0537807874937665e-04        -2.4726907688045145e-06        -1.8024783255572809e-05        -1.5795650453693423e-04        -8.6084847903192534e-06
54                                     1.6197594577189257e-02        -2.8909290885676742e-01        -9.5957472937581272e-03        -7.1644423549622315e-03        -5.1441729310571643e-02         2.1638542055126893e-02        -1.6894540806979869e-03         2.1650516521386644e-02
55                                    -1.7366583348972420e-03        -4.0742238497888619e-02        -1.1763367206375537e-01        -1.0424919801518555e-03         4.1649991851132294e-02         6.0917405172875971e-04         1.2861130549871220e-03        -3.7557875341065472e-03
56                                     1.2516875796498803e-01        -7.1301803201001806e-03        -1.1124340085358385e-04        -5.0478584225258111e-02        -1.7324857452996427e-03         6.4624700716525729e-04         5.6112812486338107e-04         4.9098251826202493e-04
57                                    -7.1301803201001806e-03         6.8964853336953946e-01        -2.6602240777832412e-02         1.6933004419390517e-02        -1.4829595118231137e-01         8.2792153359886350e-02        -2.9187057359387871e-03        -5.3238282815059518e-02
58                                    -1.1124340085358385e-04        -2.6602240777832412e-02         6.3924276965941740e-01        -2.1556595377205351e-03         5.7865697457678084e-02        -2.4381870123843252e-01         2.1962838052933644e-03         4.5055592624283526e-02
59                                    -5.0478584225258111e-02         1.6933004419390517e-02        -2.1556595377205351e-03         1.2613751631963543e-01        -2.8824190287320252e-03         2.9339082192475652e-03        -5.5183404375023268e-02        -1.8133010503277253e-03
60                                    -1.7324857452996427e-03        -1.4829595118231137e-01         5.7865697457678084e-02        -2.8824190287320252e-03         7.2963399135081553e-01         6.1348386470249941e-02         1.7456226443245064e-02        -3.9842073002621925e-01
61                                     6.4624700716525729e-04         8.2792153359886350e-02        -2.4381870123843252e-01         2.9339082192475652e-03         6.1348386470249941e-02         6.8990553825889955e-01         3.3838893001881577e-04        -5.5086954100642772e-02
62                                     5.6112812486338107e-04        -2.9187057359387871e-03         2.1962838052933644e-03        -5.5183404375023268e-02         1.7456226443245064e-02         3.3838893001881577e-04         1.3156910438992991e-01        -9.9313809153419048e-03
63                                     4.9098251826202493e-04        -5.3238282815059518e-02         4.5055592624283526e-02        -1.8133010503277253e-03        -3.9842073002621925e-01        -5.5086954100642772e-02        -9.9313809153419048e-03         7.5341607349726725e-01
64                                     5.1653092941403517e-04         1.6603517592323418e-02         3.2594438700268957e-02         4.0087004604412549e-04         3.4307650755906020e-04        -1.3659690635463534e-01         2.0778304423277685e-04        -5.9196647342891900e-02
65                                     5.5503649298149979e-03        -1.7368491785255380e-03         1.2735895554518398e-03         4.1813445980257123e-03        -1.0049871853688289e-02        -1.4221468972832655e-03        -5.4476868604893536e-02         1.8594672724945225e-02
66                                     4.3884017191830711e-06         7.9358463451205874e-05         1.7357517515110009e-04         5.3172622338904557e-06         1.6440737376721308e-04        -1.8973536864881949e-03        -4.4366797795402984e-06        -6.6510322288141381e-03
67                                     3.6346522311988860e-06        -1.7334181197665305e-06         2.2430151151641591e-04        -9.9737846038968616e-07         4.7374385012558472e-04        -3.8726304243760784e-04         1.6106645522150020e-05        -1.3002224834464992e-03
68                                     6.9833713792863893e-05         6.1273593810338541e-06         3.9458542947436367e-06        -1.1966572343392972e-04        -1.0828857218229799e-05        -5.3374921178980813e-05         4.6259908621928243e-04        -2.3722823555299234e-04
69                                    -1.8315840964360311e-04        -2.7982543159207071e-04         3.5915563883154458e-04        -1.4238250845218355e-04         2.6386841243831001e-04         9.0863779372982303e-05         6.4811928888123616e-04         2.9069110639176436e-04
70                                     1.5104872957527349e-04        -7.3046392940447687e-04         6.9884255122642548e-04        -7.2045963157701522e-05         1.5705873736340378e-03        -2.1421281618867191e-04        -1.4190492943544963e-04        -1.9332883098795593e-03
71                                    -1.2519045243526671e-05         1.7545229785013430e-04        -1.2818444606319489e-04        -3.6415896250400931e-05        -3.9458268131506609e-04        -9.1575321712082528e-05         1.6906479986332522e-04         8.9651608238160846e-05
72                                     1.9147957916389934e-04        -2.7718451893167853e-04         3.5302385090861342e-04         1.2742538134421919e-04         2.8078927769014544e-04         7.9157544548271168e-05        -6.4023368692428864e-04         3.7965859900793424e-04
73                                    -1.1497353230800323e-04        -7.3254170814093128e-04         6.9886543712316548e-04         2.4673852148602854e-05         1.5597791029799510e-03        -2.1318579806131220e-04         2.3813360493879604e-04        -1.9151752455168615e-03
74                                     8.5813931216342562e-06        -1.8770074316431552e-04         1.4741777024796258e-04        -4.0954103194045229e-05         3.9708817313163628e-04         9.7065699753056843e-05         1.5473042528179096e-04        -1.0810354369212910e-04
75                                     1.3588947747410316e-06        -2.0618058376719343e-03         2.4420225059642075e-03        -2.0835803635895416e-04         4.8068492780452298e-04         8.8213678793287167e-04        -1.4821693211961838e-06         2.1732089726333054e-04
76                                     2.2479735063937953e-05         3.9255590943317216e-03        -2.4983878338128221e-03         1.3326291694437518e-04        -1.3881280370863177e-03        -8.0276386330228682e-04        -3.6576829153928883e-05         1.6470602057641498e-04
77                                    -5.8760214834259028e-04        -2.1015820264285852e-04         9.3365782200377425e-05         4.7277013950212596e-03         5.6481565010528846e-06         2.8654915108413810e-05         3.7961937249208550e-04         1.3353414767790204e-05
78                                    -1.5799881198396291e-04        -6.0385737069713940e-04        -2.0264765449977157e-04         3.4688942299321556e-07         2.6400550080833674e-04         2.2471887905293976e-05         2.7010748599663297e-05        -1.2098140179814108e-04
79                                    -9.9219589578437083e-05        -5.7708208269851386e-04         3.5872213659490912e-04        -2.1166960520630366e-05         1.4837303806242245e-04         2.1697257385200927e-05         2.9413910919448414e-06        -6.0190253359170671e-05
80                                     4.1641580253677715e-03        -6.2006772122375425e-06        -1.2787148304557462e-05        -8.6516010510522857e-04         3.2567033472754369e-05        -5.4207150656396136e-06        -6.1795122089383300e-04        -1.0704531049586651e-05
81                                    -3.0932793328273098e-05         7.6478625426258141e-06         1.7934845366421662e-04         8.9424735048130466e-06        -2.4175729313275982e-05         6.8912485529173419e-06        -1.5098282527931006e-06         3.7719386978426485e-05
82                                     7.0800976917806836e-06        -4.1947639039135705e-05         3.0400429838001435e-04         6.4620648159603993e-06        -2.7137567877395493e-05         2.3168226584424121e-05        -1.0929536699810085e-06         2.4952275639438968e-05
83                                    -8.2933116112066455e-05         1.8902115480570395e-05         2.8405237996991482e-05        -2.9693910457842580e-04        -6.5608558088660733e-06         3.8068960846461096e-06         2.0655458287195612e-05         6.1047957734288945e-06
84                                     5.5502524574831949e-06        -1.7523509729833620e-06         2.8792996578813428e-05        -2.8543659256027699e-06         8.1335037998032651e-07        -2.7996292275083307e-05         2.5723492552675053e-07        -2.4621962906543624e-05
85                                    -4.2023522952950225e-06        -1.9523066359126387e-05        -1.5957946900096672e-06        -2.3393902284814922e-07         3.8755518676903257e-06         3.7569740842929652e-06         1.0983544787277315e-08         2.5248065545758992e-06
86                                    -3.6527343072290084e-05        -3.5657079977575724e-06         7.4355646972648525e-07         7.3627085748453658e-05         3.8075848536411055e-07        -1.3953584258116893e-06        -9.1162584672823352e-06        -1.0175620295026738e-06
87                                     1.6817202284249408e-06         6.0944617973702001e-06         4.6646144943662772e-05        -3.7132503267206388e-06        -1.0378607502970117e-05        -6.9601140802755550e-06        -1.0035436570352731e-06        -5.5525386500050559e-06
88                                     2.8210075616607174e-06         1.3748900764147846e-05        -5.7004771587114823e-05         7.6817332493438991e-07         8.7194894365188699e-06         7.5998899429373157e-06         2.1867487793092981e-07         6.5533660888218443e-06
89                                    -1.4728909565359926e-04        -2.2267711250680445e-06         2.7727239606840547e-06         1.0770344719390346e-04        -1.2630277506965919e-06        -3.8146325335828146e-07         1.7659547408477361e-05         2.8302260856830102e-07
90                                    -1.9354799482960787e-03        -1.1182985947840387e-02        -2.9679544859840878e-02        -3.5321921627204096e-04         1.3784193528055683e-03        -1.3472922864453444e-03         1.3776107184226464e-04         1.5896564327093528e-04
91                                    -2.3528587258794722e-03        -1.3643751253012218e-04         1.9354039949512486e-03        -4.9180514721806532e-06         1.7287689295797737e-03         1.1823580817763321e-03         4.2132610190702175e-05        -5.0280097969788496e-04
92                                    -3.6027744204686837e-02        -4.4788734901457522e-04        -9.1066473405735293e-04         3.4117939834130795e-03         1.2741206893132303e-04        -4.4481657790489087e-05        -3.0903051143005718e-03         1.1680803473794357e-05
93                                     1.0215562672183582e-04         1.1328785160966835e-02         1.6952248325859308e-02         2.0248737698629529e-04        -1.0861930384297235e-01        -1.0421393006964128e-01        -1.7689370927978817e-03        -8.5402430479972549e-03
94                                    -4.9465069666738580e-05        -1.2291888422293194e-02        -1.9240555794874062e-02        -3.0294061129235172e-04        -1.0468446976734616e-01        -2.8674816901594219e-01        -2.4533285438118786e-03         1.8031266653911054e-04
95                                    -2.2990239772205196e-03         2.7437953851283279e-04         5.4974585691701361e-04         3.0850671697475402e-03        -1.7660249230220131e-03        -2.4274331186707153e-03        -3.9240271482541701e-02        -4.1770287288113634e-04
96                                    -1.2506182943519263e-05        -4.4656265599196023e-03        -2.5963940169293790e-03        -4.0467907843803658e-04        -1.5047842623608008e-02         2.7104250450837412e-02        -6.1328361662445121e-04        -1.5865975383457992e-01
97                                    -5.4454275037366340e-06        -1.7756885932285870e-03         1.1585734384620492e-03        -3.1688716422080540e-05        -4.3517676510019150e-03         7.9049345384345909e-03        -1.3785900978572697e-04         1.3310660928860157e-01
98                                     3.0571807119879064e-04        -4.1399366792966826e-04        -5.3384935888346790e-05         9.6614952792738549e-03        -5.3991214338123964e-04         7.7602523381772751e-04         3.5925864981934163e-03        -3.8900212298833142e-03
                                                        64                          65                          66                          67                          68                          69                          70                          71

0                                     -8.2256608285165289e-03        -7.1716529833768688e-04        -6.4571347295135292e-02        -6.7017763171988848e-02        -2.8941602194384081e-04        -8.0771620002937181e-02         3.8771150252306721e-02        -7.9861456903337569e-02
1                                      8.3053322011600143e-04        -8.4361572390434319e-04        -6.0011601232630364e-02        -3.0255152456555495e-01        -9.9470231652543529e-04         3.9428897392273489e-02        -9.6811760904200433e-02         9.4199984746162285e-02
2                                     -1.7485051981807210e-04         7.1725367416415990e-03        -2.9737057810068693e-04        -1.2079161222519614e-03        -4.8418651999290754e-02        -8.0240355451091455e-02         9.4450932255893683e-02        -2.1846420931612220e-01
3                                     -7.7060869302865903e-02        -2.0018193474319553e-03        -9.2919136452928354e-03         8.9055371453240773e-05        -2.3848595507697625e-04        -1.2665685093494791e-02         6.9304950234341106e-04         7.3417025361244281e-04
4                                     -2.2252252138162473e-01         7.2893732646094923e-06        -3.4893164047437718e-02        -3.2478961956270815e-03        -1.0166712718278194e-03         1.5904085376248558e-02         1.5050519600786679e-03        -1.2968197551290472e-03
5                                     -1.8872158086802795e-03        -7.2066525637099130e-02        -1.3002623101761332e-04         5.5739825926455228e-06        -1.2913668329985317e-03        -2.7684062924926159e-02        -4.4824243098503455e-03         1.8097886794733904e-03
6                                      4.2990494959079542e-02         8.9161333639936754e-04         3.9999972851358211e-03         2.2029735230546434e-03         1.4698229629176395e-04        -3.7033873399320038e-03         1.4282579329437245e-03        -4.0699223590445581e-05
7                                     -7.1262376089609253e-02         8.2295076595831373e-05        -1.0622200712805093e-03         8.9563975321204021e-04        -5.8053934754973262e-05        -6.9632131181109785e-04        -9.0482370181345882e-05        -1.2952616998687986e-04
8                                      1.5073639104605562e-03         2.3117833422847282e-02         1.4619621464541255e-04         3.8047380435079744e-05        -2.7687277361552559e-04        -1.4371251120574523e-03         3.0750553765229705e-04        -2.5009929160359537e-04
9                                     -3.7279341288553661e-02        -7.7956950796155880e-04        -8.4349927938882907e-05        -5.5748436877450227e-05         6.9956175252425127e-06        -1.1153866021902984e-03        -3.4679424123662929e-04         2.3725900018413014e-04
10                                    -5.2125001762430255e-03        -2.5901839409948955e-04         3.4679331307729540e-04         5.2241236624109896e-04         5.9554548515525744e-06         2.9641878124612498e-04         2.6628235519514056e-04        -1.2415768922812744e-04
11                                    -1.1089696489911401e-03        -8.3157939989246376e-03         2.5273049315764336e-06        -4.5774340997897792e-06        -2.3139007969927034e-04         2.4104045100642271e-03        -1.2885065086773686e-04        -3.9386678367831857e-04
12                                     1.2105725195603007e-02         2.7992212612502979e-04         2.1781126776852485e-04        -4.5310600052237402e-05         7.7985676267313666e-06        -1.3548322577664222e-04         2.7319170168430928e-04        -7.9956807016015596e-05
13                                    -7.3009597819946922e-03        -2.0893073067446225e-04        -1.1584701211658679e-04        -1.0424607689571376e-04        -3.3033889300229807e-06        -3.2015685468581771e-04        -1.9648876351384376e-04         6.7638265451045116e-06
14                                     3.8266958690822003e-04         4.2727315888611719e-04         9.1698695050808610e-06        -1.1847306654164260e-06        -6.4886981397365990e-05         1.5431006585586666e-04         3.8108350086010998e-05        -1.2351915897906838e-05
15                                    -1.0462428117500512e-02        -3.4620963245700527e-04        -1.8914597566438424e-04        -8.9571573359170350e-05        -5.0393499928327260e-06        -1.4662706991608763e-04        -3.0436798725445012e-04         6.9465337959199471e-05
16                                    -6.5991735311842752e-03        -1.9463083017955140e-04        -1.1691240111663460e-04         4.3475441622314740e-06        -2.8613795620394205e-06        -2.1833681977604074e-05        -2.2902353385789080e-04         3.4909816951936127e-05
17                                    -3.0353172769929763e-04        -1.0067997294011086e-04        -6.1367696900976098e-06        -2.7592258502295131e-06         1.8494794111367426e-05        -1.4810673255611455e-04        -1.6350633923366468e-05         2.6016436218543092e-05
18                                    -6.3065739070389064e-04        -7.5579877578447848e-05        -1.1136221396334649e-04        -8.7113233892014322e-05        -4.3000559688877761e-06        -2.1199425281416746e-04        -2.5918041420433768e-04         3.7064464798380539e-06
19                                     1.2713729908374752e-02         4.5912601422985917e-04         2.1490440107091454e-04         9.8256048082223074e-05         5.9593031489939947e-06         1.4705214895429381e-04         4.4028123553954668e-04        -1.0189706579661901e-04
20                                    -4.3818701941826333e-05         3.5672230153757824e-04        -4.7022067717879733e-06        -2.8983776780579614e-06         3.7266093527913155e-05         3.0533698804742954e-05         6.1211029638367089e-07         1.0859509017013309e-05
21                                     9.1819567556373854e-04         6.4221843916943957e-05         1.0215305177477100e-04         1.0180464043016250e-04         3.8379192914329676e-06         2.3583766170853944e-04         1.9663498584960836e-04         2.2241996526469084e-05
22                                     2.9219756926835588e-04         3.0367209199795591e-05         4.6578067687001837e-05         3.4897894312501754e-05         1.4724797230245103e-06         8.2288772863224111e-05         6.7416317289081611e-05         7.6965039344557579e-06
23                                     2.9111318961695075e-05        -5.6148800793909715e-04         3.9804843922898669e-06         3.5734495652898425e-06        -1.8512225969269414e-05         1.5123076901115410e-05        -1.2165984911998238e-05         2.6874397323990766e-06
24                                    -1.3099999458395499e-04        -1.7289818555472095e-05        -6.0655887511498004e-05        -6.5549528493890447e-05        -2.1057489848140336e-06        -1.6610535708826916e-04        -9.4510800963493625e-05        -2.8376810837624569e-05
25                                    -2.5740621048886208e-04        -9.8365745352716278e-06        -2.2232111599187221e-05        -2.0890826621974617e-05        -8.3916912915314227e-07        -5.1803259875141268e-05        -4.0967388900632769e-05        -5.0914625575344125e-06
26                                    -2.3579778628030665e-06         6.5402920605090012e-05        -2.1895470407683770e-06        -2.3495200958353912e-06         1.1617124912819912e-06        -3.5522782927969829e-06        -2.2671853723371792e-06        -2.3361055892092851e-06
27                                     3.6652270882704397e-05         2.5367776683495441e-06         2.6162279995446951e-05         2.7522732756842926e-05         1.0309187932359885e-06         7.2985128999509283e-05         4.1198919619446180e-05         1.3352812906794779e-05
28                                    -2.0293195096628387e-05        -7.2162632717305508e-06        -3.1321028950653419e-05        -3.5825718385027277e-05        -8.8551681524932959e-07        -8.5028327336813403e-05        -4.9644708914900118e-05        -1.4114317027950659e-05
29                                     2.7938266267049034e-08        -2.0184499838524332e-05         9.4885603994107035e-07         8.8858456545554286e-07        -6.8009745438800984e-07         6.7436417692984668e-06         3.2280757192196079e-09         1.1515258196601653e-07
30                                    -7.1018680606269231e-04        -1.9707376893973956e-05        -1.0024292267451639e-04        -8.7008902828537480e-05        -3.2284292368045458e-06        -2.7143805198578887e-04        -1.3211841488344522e-04        -5.1338062044717402e-05
31                                     2.8197210577056507e-04         1.7074960587033229e-05         7.1261192206689428e-05         7.0352823213725330e-05         2.2529249086374044e-06         1.8758717145559667e-04         9.9358989091989525e-05         3.4479967058550148e-05
32                                    -2.4817883759223710e-05        -6.2780498647124533e-06        -3.0019498447289125e-06        -2.6238827655465053e-06         1.8661997164346802e-06        -7.0445619741971670e-06        -2.7189741811645395e-06        -1.8829180840639249e-06
33                                     2.5075361011774408e-04         6.3542730632685574e-06         4.1325091790078998e-05         3.8621669382994748e-05         1.3984352493689831e-06         1.1134125134464528e-04         5.2717840358575076e-05         2.1881181386335981e-05
34                                    -7.3999094145603189e-04        -2.9403478496703201e-05        -1.0903193115303943e-04        -1.0331815738261413e-04        -3.3632769561020089e-06        -2.8468735312989435e-04        -1.5006035417888596e-04        -5.1602146180649994e-05
35                                     5.0307812399762135e-06         5.6396626088640832e-05         7.9354899100583908e-07         7.9507539558386661e-07        -7.8622229588542606e-07         1.5005381776044056e-06         2.8363749107201791e-06        -5.2909000803758276e-07
36                                     5.7701186130518749e-05         2.3652596697222440e-06         3.4322140516902965e-06         3.3241662434800253e-06         1.7230687691368892e-08         7.3048288175547047e-06         6.3641928927674144e-06         5.2673036991531896e-07
37                                     5.3144774182692996e-04         2.0603544343613925e-05         7.8833038456288103e-05         7.4893461562118918e-05         2.2061657520813258e-06         2.0694405574745109e-04         1.0902891533534520e-04         3.7807666796821465e-05
38                                     4.3218729125546745e-06        -2.1803150276322505e-06         5.1965946181487543e-07         4.8454035145226787e-07         4.8558968789624336e-07         1.2827071990831964e-06         5.6714139039033273e-07         3.0579612515755652e-07
39                                    -2.7315455141667313e-04        -9.9358445072947213e-06        -3.6400043788077619e-05        -3.3305038257916333e-05        -9.7874746974631795e-07        -9.2070935734612900e-05        -5.0112775859619387e-05        -1.5394255795281937e-05
40                                    -1.3015312298982420e-04        -4.9486726660472148e-06        -1.7328933311312885e-05        -1.5979999922657862e-05        -4.6459082844435935e-07        -4.3383443523271686e-05        -2.3301265277698015e-05        -7.3205267889240103e-06
41                                    -9.0211849616371967e-06         6.9979242987293235e-06        -1.2220388808535194e-06        -1.1032679215082749e-06         1.7015555650044433e-07        -3.7415958436010912e-06        -1.1713404519393515e-06        -7.0051194883545998e-07
42                                     1.7390542502566925e-04         5.6777841826534576e-06         2.1989538339922969e-05         1.8851641351191406e-05         5.6098293785150914e-07         5.2481487241674580e-05         2.9536890676743225e-05         7.7751890611812199e-06
43                                     7.7349230353345198e-05         3.7425105844467138e-06         1.2890826421899413e-05         1.3591040064563835e-05         3.2718131609145754e-07         3.5178637915610710e-05         1.7641839740033629e-05         6.7003659852633629e-06
44                                     5.4750781633816823e-06        -1.3400836804273266e-06         7.7266085302192842e-07         6.2944619350268147e-07        -1.2255278441419474e-06         3.5475653060743126e-06         3.1819556595944574e-07         4.0543610213262361e-07
45                                     2.2392079295887538e-04         9.2190436329404709e-06         3.4893743488402306e-05         3.4483292077971375e-05         1.0312070878676365e-06         9.4707097186780365e-05         4.9392401957107021e-05         1.8412044531294490e-05
46                                    -1.3265068367302867e-04        -5.5830408216724454e-06        -2.0923602923938060e-05        -2.1179556775110034e-05        -6.2231676728930400e-07        -5.8335557886590131e-05        -2.9987465433357094e-05        -1.1818251008961799e-05
47                                     6.5433074953362563e-06        -3.1064895120961445e-06         9.8968858101922172e-07         9.7305814080908442e-07         2.4764497028508772e-07         1.8189069022351850e-06         1.1926930260072764e-06         6.2723368915459646e-07
48                                    -1.3404274032656043e-04        -5.6208682140958426e-06        -2.0910603085688202e-05        -2.0987131595291177e-05        -5.7371821472700363e-07        -5.8047212429890554e-05        -2.9854000556082093e-05        -1.1723980993083366e-05
49                                     9.2424898804647118e-05         3.8273692557564673e-06         1.4422960723716529e-05         1.4439314739320207e-05         4.0895191519116007e-07         3.9768376742614240e-05         2.0567682552408129e-05         7.6357992312276715e-06
50                                    -3.9599049819538202e-06         7.2251343553668261e-07        -5.7219553550398270e-07        -5.7367304576216835e-07        -3.6106165668096796e-07        -1.3377980025011431e-06        -1.0718039815199058e-06        -2.3938044181351530e-07
51                                     2.9540054873310412e-04        -5.5936390837702398e-06         1.6943819384880581e-05         1.1228290842176516e-05         4.5672677838445751e-07         6.7525722119747612e-05         2.3041071840931267e-05         1.6737406089775094e-05
52                                    -1.0184309189749009e-04        -3.1776765958555075e-06        -9.0779740273587363e-06        -6.4431896923307645e-06        -3.2912659788934455e-07        -3.6086406736399694e-05        -4.3790063462626199e-06        -1.1836457214116976e-05
53                                     1.3280894722264513e-05        -8.1187717923801090e-05         6.2620478889229144e-07         3.9332982239844947e-07        -1.1270621328410800e-06        -1.9416872494259350e-06        -2.3299985128673442e-06         2.6415780544288651e-06
54                                     1.5845555061280978e-02         4.3285282388837794e-04         2.2598065137856261e-04         1.2109765612222981e-04         2.9115036887647113e-06         1.6939296624272887e-04         6.1207708923456238e-04        -1.4336266103922234e-04
55                                    -9.6220978425963482e-03        -7.4806513135632999e-05         9.0913035102928256e-05         5.0420522423974030e-05         2.7573034400985663e-06        -5.8380805793100966e-05        -1.3218962216607130e-04         4.1481335703161184e-05
56                                     5.1653092941403517e-04         5.5503649298149979e-03         4.3884017191830711e-06         3.6346522311988860e-06         6.9833713792863893e-05        -1.8315840964360311e-04         1.5104872957527349e-04        -1.2519045243526671e-05
57                                     1.6603517592323418e-02        -1.7368491785255380e-03         7.9358463451205874e-05        -1.7334181197665305e-06         6.1273593810338541e-06        -2.7982543159207071e-04        -7.3046392940447687e-04         1.7545229785013430e-04
58                                     3.2594438700268957e-02         1.2735895554518398e-03         1.7357517515110009e-04         2.2430151151641591e-04         3.9458542947436367e-06         3.5915563883154458e-04         6.9884255122642548e-04        -1.2818444606319489e-04
59                                     4.0087004604412549e-04         4.1813445980257123e-03         5.3172622338904557e-06        -9.9737846038968616e-07        -1.1966572343392972e-04        -1.4238250845218355e-04        -7.2045963157701522e-05        -3.6415896250400931e-05
60                                     3.4307650755906020e-04        -1.0049871853688289e-02         1.6440737376721308e-04         4.7374385012558472e-04        -1.0828857218229799e-05         2.6386841243831001e-04         1.5705873736340378e-03        -3.9458268131506609e-04
61                                    -1.3659690635463534e-01        -1.4221468972832655e-03        -1.8973536864881949e-03        -3.8726304243760784e-04        -5.3374921178980813e-05         9.0863779372982303e-05        -2.1421281618867191e-04        -9.1575321712082528e-05
62                                     2.0778304423277685e-04        -5.4476868604893536e-02        -4.4366797795402984e-06         1.6106645522150020e-05         4.6259908621928243e-04         6.4811928888123616e-04        -1.4190492943544963e-04         1.6906479986332522e-04
63                                    -5.9196647342891900e-02         1.8594672724945225e-02        -6.6510322288141381e-03        -1.3002224834464992e-03        -2.3722823555299234e-04         2.9069110639176436e-04        -1.9332883098795593e-03         8.9651608238160846e-05
64                                     6.5040017931627558e-01        -3.1063804508777194e-03         1.0389033162792024e-03         5.1231234888867751e-04         3.9792905591474301e-05         3.2593733612115710e-04        -9.7160354186423981e-04         4.2209325526175760e-04
65                                    -3.1063804508777194e-03         1.2318937498504365e-01        -2.4406563218857505e-04        -2.8450859496092693e-05         1.5571089922989841e-03         1.3081185913540424e-03         1.0528603708280981e-04         8.2258051911332790e-04
66                                     1.0389033162792024e-03        -2.4406563218857505e-04         7.0361039483727406e-02         7.0847267076573073e-02         4.9067856964460301e-04         2.8102326040345114e-03         1.1928570985559503e-02         1.8613795155758370e-03
67                                     5.1231234888867751e-04        -2.8450859496092693e-05         7.0847267076573073e-02         3.2621515957405783e-01         1.2637601052791188e-03        -2.5954119992112248e-03        -1.1169516649852766e-02        -3.3537364246082405e-04
68                                     3.9792905591474301e-05         1.5571089922989841e-03         4.9067856964460301e-04         1.2637601052791188e-03         4.5898648280272021e-02         7.9041328189045825e-03         2.5776842483514723e-02         1.5940990162677023e-03
69                                     3.2593733612115710e-04         1.3081185913540424e-03         2.8102326040345114e-03        -2.5954119992112248e-03         7.9041328189045825e-03         8.9996386852564919e-02        -4.5534004572568149e-02         8.6737993376911737e-02
70                                    -9.7160354186423981e-04         1.0528603708280981e-04         1.1928570985559503e-02        -1.1169516649852766e-02         2.5776842483514723e-02        -4.5534004572568149e-02         1.0017920760943896e-01        -1.0390886668196359e-01
71                                     4.2209325526175760e-04         8.2258051911332790e-04         1.8613795155758370e-03        -3.3537364246082405e-04         1.5940990162677023e-03         8.6737993376911737e-02        -1.0390886668196359e-01         2.3712920318535860e-01
72                                     3.1848533280875703e-04        -1.3710477177645186e-03         3.3758255588118933e-03        -2.6579398020100467e-03        -7.7818413991106450e-03         5.4017806741200707e-03        -6.2583539929182714e-03        -9.3394074946293558e-03
73                                    -9.8701260574259172e-04        -2.3307001955197507e-04         1.3398129472866638e-02        -1.1320796798922209e-02        -2.4969107465213976e-02        -6.8937389311862305e-03         6.8175337319680372e-03         1.1638858434164937e-02
74                                    -3.9196020885731654e-04         7.3702794867389380e-04        -1.8349185190193900e-03         2.5544734628241833e-04         1.1726089230020618e-03         1.0990641310139415e-02        -1.2189143774001824e-02        -2.2165207311007712e-02
75                                     7.7101354951161880e-05         1.5279464003765946e-05        -2.6596478338812449e-05         8.2466723950877984e-06        -1.1622132649345394e-06         2.8012772170363703e-05        -6.7409474520396546e-07         5.1351300672442175e-06
76                                     3.4682544046811103e-04         3.7255727782479906e-06         2.4179120469355086e-05         1.4494167954422817e-06         1.8903272591183714e-07         1.9833225125942625e-05         2.9992833387440716e-06        -2.2718171516986616e-06
77                                     4.1106642641720623e-07        -2.7836791109025821e-04        -1.0361955486265154e-06         1.7110344746250567e-07         6.1377051638654262e-06         3.7035462745277867e-05         7.6202342234166340e-06        -3.1004355307388888e-06
78                                    -1.3585989654046898e-04        -3.7422215371877644e-06         4.9626658878788784e-06        -1.1383046292225000e-05        -1.8707794710911227e-07        -3.9634967020865707e-05        -2.4590878195695668e-06        -2.9984307136487890e-06
79                                    -5.9035069006352031e-05        -1.3343138716746475e-06         3.7927965657061846e-06         5.2300734623228701e-07         8.7664207425325200e-08         4.4589000689348199e-06         1.4291396139654109e-06         1.9169171306288469e-06
80                                    -7.6107602821706312e-06         7.8989873291244514e-06        -3.3785377383186735e-07        -4.2489198407638849e-07         1.0628431925324246e-05        -2.3035925445212019e-05        -8.4687353047709652e-06         1.1047832758390285e-06
81                                     2.2094723107731254e-06         5.4283289061157621e-07         2.2849925989449463e-06         2.3027462317132285e-06         7.2384604723058653e-09         4.8608102899264013e-06         1.3657220851538075e-06         1.3493690635212432e-06
82                                    -5.2626586067866120e-06         5.3111624079373628e-07         1.4180282551722826e-06         1.9962535173106998e-06         1.5479714635253872e-07         4.3222615481235626e-06         7.3242021436127885e-07         1.2078245542416479e-06
83                                     9.8689891138756479e-07         9.7122394148372370e-06         2.1729443045698585e-07         2.2750180816657690e-07         1.0081542736238893e-06        -3.1724348177631418e-06         1.3780134799916762e-06         5.3055411504116299e-07
84                                    -5.4011142958254062e-06        -6.8911855133048171e-07        -1.9663812525706661e-06        -1.9001488866399879e-06        -1.4059668771074019e-08        -5.8125097115870565e-06        -2.2261335672618264e-06        -1.3045314318002989e-06
85                                    -3.2252878865899370e-06         1.3469412362817967e-07        -5.1261257599054103e-08        -6.8389802741964561e-08         5.6551640195271409e-08         7.2482668088324153e-07         1.6081358918479068e-07         1.6656043079032838e-07
86                                    -2.5349887392178088e-07         8.7360392467506856e-07        -8.6214541334204721e-08        -4.4674366346493383e-08         1.2758710531035438e-07        -1.6684593810588147e-07         1.9386120657910123e-07        -2.3443256951761476e-07
87                                     5.4566232919136973e-06         2.5899830433881251e-07         4.1606219235138420e-08        -1.3280236831113377e-07         1.3424831525225335e-07        -1.9637520793664299e-07         4.4543695645210026e-07        -1.6430521058879749e-07
88                                    -7.7106827451287085e-06         1.5564926541582216e-07        -2.1306151997830313e-07        -3.0714672226853979e-07         2.3610529917294910e-08        -1.0390783804561254e-06        -6.2878516245012684e-07        -2.5947763491043568e-07
89                                     2.0788031501872621e-07        -1.4787348829742594e-05        -4.5176111183503613e-08        -2.2004204220309420e-08         3.2573095388009292e-07        -7.2405836561743285e-08        -1.9576697830306771e-07         1.8714378628844404e-07
90                                     2.5515621765807823e-04         1.4735907214633400e-05         2.8928753086502858e-05         1.2125625001075616e-05         1.0746976247926597e-06        -4.6327264157067712e-05         4.6433075065699473e-06        -8.8974722013770053e-06
91                                    -1.1733232767019604e-04        -1.6185968570607251e-05        -2.4460048912364196e-07        -1.9861826702043442e-05        -5.9149308778397811e-07        -2.6323499218528846e-05        -9.8371907551744677e-06        -4.0709261992060959e-06
92                                     4.7470225911343504e-06        -3.2307806523511307e-04         1.2220321672592177e-06         2.0003742675825015e-07        -1.9511453946623567e-05         1.8108401465590644e-05        -1.4168119855834889e-06        -1.4709118829321099e-05
93                                    -3.0528926325108660e-02        -3.4581005882674675e-04        -5.0135220097630227e-04        -1.2092466167454877e-04        -7.7988419453108168e-06         1.3274006652753268e-05         5.5399557910178481e-05        -4.6036714407705280e-05
94                                     2.1271699411561178e-03         1.3618783590003177e-05        -4.7230896656723825e-05         2.3056609351933743e-06        -2.3679632798278349e-06        -3.7304845322147045e-05        -6.7561505720061042e-06        -7.2220009687970705e-06
95                                    -8.8287049602848880e-04         5.8146105432903437e-03        -7.6653603078755716e-06        -4.3793951369102412e-06        -2.3368716805084364e-04        -2.0664300313153849e-04        -6.0768370198425156e-05         1.6853070855491944e-05
96                                     1.3288579304089027e-01        -3.8948093467444391e-03         1.2950535974341933e-04         2.0819841394360193e-04         7.4478740268672888e-06         8.8958309665442036e-05        -5.6699940219341518e-05         1.4576552064185684e-05
97                                    -2.3815052584456070e-01         4.4250433959860764e-03         5.3479657861964388e-05         2.6781960022629128e-04         1.6223215357060354e-06        -3.9219322183397213e-04        -9.5694326845267223e-05        -2.1637612872383390e-04
98                                     4.4026965811498047e-03        -3.6822916253471290e-02         8.6500794717952235e-06         4.4958813572262574e-06        -1.5409260155055737e-04        -1.8888020043818525e-04         1.9439793298474021e-04        -2.2866878082470314e-04
                                                        72                          73                          74                          75                          76                          77                          78                          79

0                                     -9.0556946496475485e-02         4.4676832528660698e-02         8.7050649470346825e-02         3.6728746554640784e-06         2.4375283880660877e-05        -4.8127997717307828e-06        -3.9530420579100053e-05        -6.8685835315002901e-06
1                                      4.5327190421356654e-02        -9.7875074151230562e-02        -9.2383690616123448e-02        -7.5512249922920051e-05        -3.8099623465246216e-05        -1.5725521441655696e-06         1.2901008307550469e-04         4.1739180342726268e-06
2                                      8.7447936374965896e-02        -9.2649764657010164e-02        -2.0756389276421047e-01        -4.9797024993538487e-06         9.6355288438042892e-07         1.7052022161264416e-04         1.7796770056267074e-06        -5.8557127731528752e-07
3                                     -1.4175994123756610e-02         4.0766522016821155e-04        -1.6585760649725015e-03         8.1763305220757844e-05         2.2349332472619164e-04         7.3849896947803889e-06        -3.7675947936345057e-04        -8.0636755376596050e-05
4                                      1.5978226724192961e-02         1.5383732279551426e-03         2.2249490769703558e-03        -2.3971998009699401e-04        -8.5773218684269403e-06        -7.3245266231113429e-06         8.1252965799715946e-05         1.7630214356616290e-04
5                                      2.6666741672632641e-02         4.5301513041049466e-03         3.2832316857594190e-03         7.4617266332386071e-06         6.4832435894613446e-06        -1.3698549509701073e-04         1.3084533557744054e-05        -5.0993366804781845e-06
6                                     -3.7903234242858911e-03         1.4408518795124494e-03        -1.7548582581703581e-04         1.5143885639123745e-03        -1.9207737049268892e-03         1.4996756552277649e-04        -7.8189127360540141e-04         1.0369750316787957e-05
7                                     -6.9430626999070276e-04        -9.6000048140693582e-05         8.8544293110614744e-05        -2.1844562661667559e-04         2.5599302292763255e-03        -1.8371138951856183e-05         1.3264349792000509e-03         1.3177693666491523e-04
8                                      1.2349344117092028e-03        -2.2615361445877682e-04        -1.7537862352468968e-04         1.4481356499448152e-04        -6.6934538376014851e-05        -3.2273988083736933e-03        -4.0001231485349930e-05         1.9687861580338225e-06
9                                     -9.5659361550975638e-04        -3.5348628710361115e-04        -2.7047676298323775e-04         1.0729520955254779e-02        -1.4189377591623375e-02         2.5090120258014937e-04        -3.8048135988248584e-03        -1.6016359648306621e-03
10                                     2.7722037109770536e-04         2.6809468793235482e-04         1.3603036541260446e-04         1.6319058914896399e-02        -2.0071078261272943e-02         5.4980651172085060e-04        -2.4837492346032608e-03         9.9232104698477978e-04
11                                    -2.4449675905352207e-03         1.0149945621520012e-04        -5.5240883740996537e-04         1.8092940960524168e-04        -3.6607271956856223e-04         3.5397327047555693e-03        -3.9499027886538316e-04        -2.5325157774425827e-05
12                                    -1.3122812381115420e-04         2.7477844245981970e-04         7.1616076659515907e-05        -1.1676709140722963e-01        -1.1282870690412433e-01        -2.1857676730126919e-03        -1.3517564325191926e-02        -2.8358715751596805e-03
13                                    -3.2018246757952395e-04        -1.9592600167587653e-04        -2.5541544621507606e-05        -1.1406599695677154e-01        -2.7988265644989996e-01        -2.8591434705410399e-03         2.7950344136356848e-02         6.9396267587709011e-03
14                                    -1.5872714827456317e-04        -1.9308570406958604e-05        -1.6956479375163390e-05        -2.1938740674165699e-03        -2.8289367086412761e-03        -3.5475550482432616e-02        -6.0287017083462935e-04        -1.0372166574647355e-04
15                                    -1.5121551529153647e-04        -3.0427199365479999e-04        -7.9544887695084509e-05        -1.0515840094227093e-02         1.3228749418579717e-03        -4.2240037212347111e-04        -1.4216421882253430e-01         1.2765093376544839e-01
16                                    -1.9319970511388711e-05        -2.2938837429496413e-04        -3.4989915737583337e-05        -2.8761642088026930e-02         3.9483780074818266e-03        -8.8207519631632817e-04         1.2863861830455353e-01        -2.5989405409446942e-01
17                                     1.3623635477615006e-04        -1.8925432048161608e-06         2.9921489998197321e-05        -3.1799913602485269e-04         3.7976486246015244e-05         2.6590690104831964e-03        -3.6083724252961606e-03         4.5256821570272623e-03
18                                    -2.1031532982610605e-04        -2.5826195389588944e-04        -1.6196116680461251e-05        -4.8801001206961511e-03         7.1978591805711830e-04        -4.1495470189696545e-04         1.2412681250968210e-02         1.5223864147647394e-02
19                                     1.4122107150696053e-04         4.4017802470509458e-04         1.0929809459765043e-04         1.2090536836896406e-03         1.6834149568306428e-03         6.6475932060691516e-05        -1.2966439604988078e-02        -1.8247238203510811e-02
20                                    -4.2601982007810911e-05        -1.6623777722500305e-05         7.5636398609689465e-06        -4.1736655906106059e-04         3.6768479258338796e-05         8.4565089006364922e-03         3.2508379483831815e-04         5.1363878839451077e-04
21                                     2.3797550123983748e-04         1.9443374067209447e-04        -8.0516848990391430e-06         2.0075011619992975e-04         2.6848817230370331e-04        -1.1303407696623196e-05         4.0210373953122967e-04         1.8047615149695906e-03
22                                     8.2880208244370145e-05         6.7065975948381350e-05        -2.8209531646009619e-06        -1.4931022256188592e-03         1.7991742368250307e-04        -3.8937283669432274e-05         1.2233760522359664e-05        -1.0885261202699102e-03
23                                    -2.4148528230430412e-08         2.4315679255023332e-05         8.7552490913784441e-07        -9.7831456977856481e-06         1.1046418164323673e-05         6.9986329553194571e-04         9.9190696479841306e-05         4.4198950923856706e-05
24                                    -1.6832582572302596e-04        -9.3772729499713562e-05         1.8195830352363783e-05        -5.7620452009000381e-04        -6.1030096800291202e-05        -8.5793859032048183e-06         3.0031023252689078e-04         1.2852351551123761e-05
25                                    -5.2313436508968659e-05        -4.0769426152614731e-05         1.9845700362548660e-06         1.6457139742241542e-04        -3.6104263575871542e-05         4.6214608825148545e-06         1.2433548653689123e-04         8.1089004331785861e-05
26                                    -7.5292981414357612e-06        -3.6538496348224435e-06        -4.3670210459919830e-07        -6.3947962041177329e-06        -2.3573443100523232e-06        -3.4622102803336422e-04         4.2686765079850721e-06         1.8897837745525652e-07
27                                     7.4366019250000112e-05         4.0825661019679507e-05        -8.7955853728299339e-06         7.9033298934313339e-06         4.3633247912559358e-05         4.4228443213576626e-06        -2.0463787884392138e-06         3.1791958958099368e-04
28                                    -8.6082997335584703e-05        -4.9363516616896650e-05         8.8397911850633887e-06        -2.8757100460215235e-04        -5.0761928529225131e-05        -1.1361322172576557e-05         2.1982616154945275e-04         2.5740630348808889e-04
29                                    -1.7295254297400281e-06         2.5879467199930885e-06        -1.1507757707997338e-06        -2.2464911482924382e-06         1.6205025152321115e-06        -3.7042363862908583e-05        -5.4864810028736749e-07         1.2226361585304634e-05
30                                    -2.7474222185684010e-04        -1.3128393491117056e-04         3.4849212002739899e-05        -1.7549235351966555e-04        -1.5623099829794001e-04        -4.9016862624435424e-06        -4.9831792273594263e-04        -9.6750948662164540e-04
31                                     1.8998118807122681e-04         9.8764762474010882e-05        -2.2940345870195366e-05         2.6061841523833596e-04         1.1954206079962899e-04         1.0882504899821745e-05        -1.9585671473394684e-04         4.1545824092416750e-04
32                                    -8.7850113966928425e-06        -4.9564478974156603e-06         7.3805753245493406e-07        -2.8323370606437960e-06        -4.7115633960849486e-06        -4.5165539036349389e-05        -1.5058009805022751e-05        -3.3688235877975064e-05
33                                     1.1276666453833455e-04         5.2502542398248840e-05        -1.5023045492559882e-05         1.1681689638637122e-04         6.4042350713996196e-05         2.9593384419017502e-06         3.4824329046596750e-05         3.3040455172541174e-05
34                                    -2.8810093046312843e-04        -1.4916692992826758e-04         3.4245180229112472e-05        -3.2025587864485108e-04        -1.8141773893402309e-04        -1.1479869808347665e-05         5.7238494536280399e-05         3.3834504545445952e-05
35                                     2.9606277123628882e-06        -9.7310644312420957e-07        -1.2346839264319577e-06         1.3261393879910334e-06         1.1573043721843839e-06         2.7859655157200056e-05         3.1130457260626446e-06         6.5857446550984940e-07
36                                     7.3238284246431655e-06         6.3336681582259536e-06        -1.0730599363946143e-07         7.3417818928868855e-06         6.2132550817872387e-06         4.6908543558278692e-07        -7.1663580758663404e-06        -3.7568600980164509e-05
37                                     2.0946820327179182e-04         1.0842649968770583e-04        -2.5211464834716528e-05         2.3132594089841072e-04         1.2881449169173002e-04         7.9101973756990914e-06        -2.0415030799764540e-05        -1.5356869482474226e-05
38                                     1.3418089928255937e-06         9.7429467138086326e-07        -5.3910674618261201e-08         1.7621246439722989e-06         8.3037639134365920e-07        -7.1683404179108018e-06        -3.0088589255395042e-06        -1.1969562376580808e-06
39                                    -9.3090696670661310e-05        -4.9811954267124333e-05         9.8234885199861323e-06        -1.0997751916655657e-04        -5.8820816762803667e-05        -2.6807868331218540e-06        -2.3578814145738293e-04         1.5441272870583443e-04
40                                    -4.3840835690192787e-05        -2.3188310656904303e-05         4.6958418816647860e-06        -5.7615769697490975e-05        -2.7943825255863537e-05        -9.7672164226154752e-07        -9.3910248280788290e-05         1.2345412986191641e-04
41                                    -2.4687812398753825e-06        -2.1957738651814410e-06         1.7918019440114449e-07        -3.9229487064657263e-06        -1.8078086983795884e-06         1.5853928849944820e-05        -6.7751981307383194e-06         5.0087028329838865e-06
42                                     5.3068546584090354e-05         2.9354328350337795e-05        -4.6158815600649871e-06         7.7122751379031474e-05         2.9450934115933785e-05         2.3858362908458202e-06         3.3070727715294596e-04        -2.2455824655071097e-04
43                                     3.5637310927631716e-05         1.7542642647997103e-05        -4.5444148347858690e-06         3.5323243027961877e-05         2.6755681553476034e-05         8.3562214302825327e-07        -1.2689764615315957e-04         3.9388950801881682e-05
44                                     1.5341174590580329e-07         1.7371902328654917e-06        -1.0813727058989382e-07         3.3099888294477582e-06         7.8338301360089289e-07        -3.5647961169795630e-05         1.9343306216684436e-05         2.9542165800064754e-05
45                                     9.5862684036494654e-05         4.9085050292618033e-05        -1.2644405462009314e-05         9.7497964568102682e-05         5.8573679964338222e-05         1.8688769487472684e-06        -4.6352422219029534e-05        -4.7324324198088578e-06
46                                    -5.9123775210109981e-05        -2.9812122888813077e-05         8.2544347872108657e-06        -5.4908656784332700e-05        -3.5618950519275658e-05        -9.7587289585381163e-07         4.3966658805006742e-05        -8.0967085514758183e-06
47                                     3.5950246413762370e-06         1.6382138706654913e-06        -1.7205832853952276e-07         2.5546604625875624e-06         1.7279017815376665e-06         7.7568532720762373e-06        -1.8021379592313537e-06         3.1419284921737332e-08
48                                    -5.8799642122417200e-05        -2.9681857387332182e-05         8.1735222550713199e-06        -5.6224318933458103e-05        -3.5600512767217790e-05        -1.0999428197856093e-06         4.1303403649161534e-05         5.9269749359733802e-06
49                                     4.0276382745469655e-05         2.0446790164492892e-05        -5.2045758977441246e-06         3.9910935346171598e-05         2.4515106241053625e-05         7.8834087841061699e-07        -3.0225280515208978e-05        -5.0933804069787716e-06
50                                    -1.9980927262720006e-06        -6.8536385051132095e-07         2.4770349434191199e-07        -1.4586177267182289e-06        -8.8083689356985751e-07        -2.9200997844580156e-06         1.3853908823914174e-06         2.5010985183797964e-07
51                                     6.8547194314742295e-05         2.2533234455246012e-05        -1.2871421364188583e-05         1.8176480170758877e-05         1.1649221065836667e-06         4.5141515530705289e-07        -2.1419304259307327e-03         8.2712392601463479e-04
52                                    -3.6891252382369828e-05        -4.1929171714524230e-06         9.5866577834063157e-06         4.3994832511778345e-05        -2.9651512250367129e-05        -3.2850666464330452e-07        -1.2070587006896864e-03         9.0939764918791452e-04
53                                     6.2624620444158158e-06         4.0629945667237057e-06         1.9535657400352324e-06        -2.4428787950976555e-06        -3.3790030455073237e-07         8.0791973426015486e-05        -6.3864876969042697e-05         2.0060797075402325e-05
54                                     1.4952957249189539e-04         6.2032024436268910e-04         1.5076803281696048e-04        -5.3488950376103959e-04         8.0880686369344274e-04         7.6384410525202271e-06        -1.5195772758219948e-03        -3.8267631679017038e-03
55                                    -5.4856168426621247e-05        -1.3313792010288944e-04        -4.4305217209976910e-05         4.5494469745468091e-04         1.6940501332146727e-04         5.3083545064788030e-06        -3.0583251913722477e-03        -3.1191283180887217e-03
56                                     1.9147957916389934e-04        -1.1497353230800323e-04         8.5813931216342562e-06         1.3588947747410316e-06         2.2479735063937953e-05        -5.8760214834259028e-04        -1.5799881198396291e-04        -9.9219589578437083e-05
57                                    -2.7718451893167853e-04        -7.3254170814093128e-04        -1.8770074316431552e-04        -2.0618058376719343e-03         3.9255590943317216e-03        -2.1015820264285852e-04        -6.0385737069713940e-04        -5.7708208269851386e-04
58                                     3.5302385090861342e-04         6.9886543712316548e-04         1.4741777024796258e-04         2.4420225059642075e-03        -2.4983878338128221e-03         9.3365782200377425e-05        -2.0264765449977157e-04         3.5872213659490912e-04
59                                     1.2742538134421919e-04         2.4673852148602854e-05        -4.0954103194045229e-05        -2.0835803635895416e-04         1.3326291694437518e-04         4.7277013950212596e-03         3.4688942299321556e-07        -2.1166960520630366e-05
60                                     2.8078927769014544e-04         1.5597791029799510e-03         3.9708817313163628e-04         4.8068492780452298e-04        -1.3881280370863177e-03         5.6481565010528846e-06         2.6400550080833674e-04         1.4837303806242245e-04
61                                     7.9157544548271168e-05        -2.1318579806131220e-04         9.7065699753056843e-05         8.8213678793287167e-04        -8.0276386330228682e-04         2.8654915108413810e-05         2.2471887905293976e-05         2.1697257385200927e-05
62                                    -6.4023368692428864e-04         2.3813360493879604e-04         1.5473042528179096e-04        -1.4821693211961838e-06        -3.6576829153928883e-05         3.7961937249208550e-04         2.7010748599663297e-05         2.9413910919448414e-06
63                                     3.7965859900793424e-04        -1.9151752455168615e-03        -1.0810354369212910e-04         2.1732089726333054e-04         1.6470602057641498e-04         1.3353414767790204e-05        -1.2098140179814108e-04        -6.0190253359170671e-05
64                                     3.1848533280875703e-04        -9.8701260574259172e-04        -3.9196020885731654e-04         7.7101354951161880e-05         3.4682544046811103e-04         4.1106642641720623e-07        -1.3585989654046898e-04        -5.9035069006352031e-05
65                                    -1.3710477177645186e-03        -2.3307001955197507e-04         7.3702794867389380e-04         1.5279464003765946e-05         3.7255727782479906e-06        -2.7836791109025821e-04        -3.7422215371877644e-06        -1.3343138716746475e-06
66                                     3.3758255588118933e-03         1.3398129472866638e-02        -1.8349185190193900e-03        -2.6596478338812449e-05         2.4179120469355086e-05        -1.0361955486265154e-06         4.9626658878788784e-06         3.7927965657061846e-06
67                                    -2.6579398020100467e-03        -1.1320796798922209e-02         2.5544734628241833e-04         8.2466723950877984e-06         1.4494167954422817e-06         1.7110344746250567e-07        -1.1383046292225000e-05         5.2300734623228701e-07
68                                    -7.7818413991106450e-03        -2.4969107465213976e-02         1.1726089230020618e-03        -1.1622132649345394e-06         1.8903272591183714e-07         6.1377051638654262e-06        -1.8707794710911227e-07         8.7664207425325200e-08
69                                     5.4017806741200707e-03        -6.8937389311862305e-03         1.0990641310139415e-02         2.8012772170363703e-05         1.9833225125942625e-05         3.7035462745277867e-05        -3.9634967020865707e-05         4.4589000689348199e-06
70                                    -6.2583539929182714e-03         6.8175337319680372e-03        -1.2189143774001824e-02        -6.7409474520396546e-07         2.9992833387440716e-06         7.6202342234166340e-06        -2.4590878195695668e-06         1.4291396139654109e-06
71                                    -9.3394074946293558e-03         1.1638858434164937e-02        -2.2165207311007712e-02         5.1351300672442175e-06        -2.2718171516986616e-06        -3.1004355307388888e-06        -2.9984307136487890e-06         1.9169171306288469e-06
72                                     1.0058880075492360e-01        -5.2018725227986159e-02        -9.4396071749759086e-02         3.0536199380886781e-05         1.9540405746967186e-05        -3.5266350339950874e-05        -4.1248359167376432e-05         4.6961323385948323e-06
73                                    -5.2018725227986159e-02         1.0138296328902766e-01         1.0180321360107977e-01        -1.8995065729371114e-07         2.9089523927656785e-06        -7.8367620028213823e-06        -2.8363870750804684e-06         1.3802860149872377e-06
74                                    -9.4396071749759086e-02         1.0180321360107977e-01         2.2532516803323613e-01        -3.1107347935473400e-06         3.4760606071885169e-06        -5.1986942360244756e-06         5.2980997756609210e-07        -1.6132797846475167e-06
75                                     3.0536199380886781e-05        -1.8995065729371114e-07        -3.1107347935473400e-06         1.2089562887895337e-01         1.2305454735241617e-01         2.5971967182155694e-03         1.3245656467863001e-03         2.6324291972481010e-04
76                                     1.9540405746967186e-05         2.9089523927656785e-06         3.4760606071885169e-06         1.2305454735241617e-01         2.9403332963561168e-01         3.0703796899347584e-03        -3.2979728948114842e-04         7.7359262549626679e-04
77                                    -3.5266350339950874e-05        -7.8367620028213823e-06        -5.1986942360244756e-06         2.5971967182155694e-03         3.0703796899347584e-03         2.5403587605802785e-02         1.9970535467039711e-04        -5.5270348405841765e-06
78                                    -4.1248359167376432e-05        -2.8363870750804684e-06         5.2980997756609210e-07         1.3245656467863001e-03        -3.2979728948114842e-04         1.9970535467039711e-04         1.5029221096160553e-01        -1.3709809505133466e-01
79                                     4.6961323385948323e-06         1.3802860149872377e-06        -1.6132797846475167e-06         2.6324291972481010e-04         7.7359262549626679e-04        -5.5270348405841765e-06        -1.3709809505133466e-01         2.7193856971505748e-01
80                                     1.9908199314317045e-05         8.0885498284451375e-06         2.5402468130575196e-06         1.9458635911228181e-04        -2.4971685945676072e-05        -5.1240569477801470e-03         4.2069053551899091e-03        -4.8978837249510467e-03
81                                     4.6654254726989804e-06         1.4112496829796043e-06        -1.1026276834176160e-06         1.6951748233685996e-05         9.9052215009323903e-07        -1.3818584481777078e-06         2.3353608030564691e-05         4.2844839009873646e-05
82                                     4.3263508114568957e-06         7.3652640183676692e-07        -9.5417741959675974e-07        -6.6567119555771331e-06         2.5739898405172405e-06        -6.5297899693833630e-07         3.6255890771448313e-05         4.3209547566908047e-05
83                                     4.0672436633841950e-06        -1.0829137293542956e-06         5.8916405441964813e-07         1.9308689789774863e-07         5.0294977019856697e-07         3.2081909095408517e-05         4.6617393556655446e-06         3.4296801771431858e-06
84                                    -5.8900265854911865e-06        -2.1948250205004434e-06         9.6610226144793008e-07        -3.8402273896004282e-05        -9.2954666921135415e-07        -2.0701630020846727e-06         8.3468712364714263e-06         4.0273831002661173e-06
85                                     7.2281107119537844e-07         1.2917703784011522e-07        -1.0770528879961642e-07         2.5273211151441601e-05        -1.3182427382316044e-06         4.6922174456525154e-07         7.3347600918126864e-06         6.6984660814280378e-05
86                                    -2.7940395352112905e-07        -4.8982641508314873e-07        -1.8901491064076549e-07        -2.1147954775750787e-06        -8.1740156977223578e-08         3.4953585047956982e-05         5.0989325002206505e-07         1.5260205504452214e-06
87                                    -1.9710867156141258e-07         4.3559085545420879e-07         1.4186643739348193e-07        -4.3616158075182403e-06        -2.0553628049784899e-07        -1.9106243386915846e-07         1.3055820724365249e-05         1.8545518802249011e-05
88                                    -1.0569569183262737e-06        -6.1694817125163942e-07         1.9557433629830844e-07         4.4975562664171056e-06        -1.9631918272552062e-07        -4.7309839896609961e-09        -1.3925685104739080e-05        -2.2496475785902399e-05
89                                    -1.3254978830244813e-07         1.5202707235236437e-07         2.0952017762603961e-07        -1.1161966993517690e-07        -2.5128576290234616e-07        -5.5217457408298715e-06        -3.0597138276806901e-07         9.9280594933510183e-07
90                                    -4.5646385734529146e-05         4.6870360272268063e-06         6.8517258530117895e-06         8.5682347891418348e-05        -1.1441953165533215e-04         3.5174506494488670e-05         5.0885709846995944e-04         8.1842655083186723e-04
91                                    -2.6641937374339734e-05        -9.7386828359905713e-06         2.3737171234771500e-06        -1.1779985487512008e-04        -5.1699628676582466e-05        -8.3158480799474035e-06        -7.7290917049051061e-04        -8.7127765122895764e-04
92                                    -2.0656110679103544e-05         1.4214942570940013e-06        -1.5340894234520019e-05         3.4436728979624529e-05        -6.9074823931633489e-06        -1.0727036829123989e-03         2.1946706111770948e-06         2.9311765397108897e-05
93                                    -1.6342450186849930e-06         5.2166524193799575e-05         4.4297020423982438e-05        -1.6519454965125771e-04         2.4178740026766182e-04        -8.7613286802766750e-06        -2.0259049778859024e-05        -2.3929024362764309e-05
94                                    -3.6790721780820826e-05        -6.2998901119843656e-06         4.9929570632083024e-06         2.2186272846209660e-04        -3.3274701471229816e-04         7.7128831923414198e-06         5.2132733775287312e-05         2.1992137539571938e-05
95                                     2.0526279814185355e-04         6.4040654657036226e-05         3.1296691306848334e-05        -8.4448315322322044e-06         8.6868022197467994e-06         1.1128060177216662e-04        -1.8935204552743725e-06        -7.6125834791144855e-07
96                                     7.7879159151532818e-05        -4.6212237778602374e-05         2.7130131462183796e-06        -2.2157845028612593e-05         6.6776543794405934e-05        -1.7784950105834180e-06         6.4958716647508206e-07         1.8383384970979753e-05
97                                    -4.0746785959715502e-04        -9.9739568776208479e-05         1.9485641361267057e-04        -4.2444113551867089e-05         4.4670463174070621e-05        -1.2258601260636117e-06         2.8779174603390818e-05        -2.0272097910840675e-06
98                                     2.1155494246054437e-04        -1.9522032652155222e-04        -2.1878020297765965e-04        -1.6777122608326013e-06         1.7357082067668779e-06         3.7332965720486239e-05        -4.4273071343044421e-06         1.5139637140999648e-06
                                                        80                          81                          82                          83                          84                          85                          86                          87

0                                      1.5354419855235975e-06         5.5925312297908255e-06         5.8411750807425746e-06         1.2370045646695772e-06        -6.7747677411780587e-06        -3.0208236961198377e-07        -5.1018494936065322e-07         8.7024809861981078e-07
1                                      3.9652646799883200e-06        -4.7568174876917671e-06        -6.1923160288083804e-06        -5.5797816230588676e-07         9.3110575029414965e-06        -7.7727066628611783e-07         4.6463514235339672e-07        -6.3965372744234893e-07
2                                     -9.7734022284090625e-05         8.1303432279571152e-07         3.9775826474983765e-07        -1.9492906667064041e-05        -2.6636506033533145e-07        -2.1028562602259426e-08         1.9157684878085862e-06        -1.2072345794889822e-07
3                                      1.0741627271816921e-05        -2.2165463283766780e-05        -2.6824214437962991e-05        -3.1322413665656848e-06         9.8017142799159589e-06         2.5086148599962478e-06         1.2380541828421567e-06        -2.3311771064541786e-06
4                                      9.2729036068484953e-06        -2.7409653419518923e-05        -7.9998404623308778e-06        -5.2557357743345703e-06         5.8698699120568592e-06        -4.4808951621289970e-06        -5.5326972594755123e-07         1.1032639025532439e-05
5                                     -7.8683621413415459e-04        -1.0640679977220689e-06        -1.1679394132231729e-06         1.9022549622110901e-05         5.5601528840357206e-07        -3.9462106124987097e-08        -6.7908205174078947e-06         2.1300113716091816e-08
6                                     -3.2657131282673130e-05         3.2004483214989480e-05         5.2356178415820730e-05         3.9133581007095601e-07        -2.9324825877737108e-05        -6.6415046359767703e-06        -2.7617989599031138e-06         1.0384825145890255e-05
7                                      4.1695532331369130e-05         2.7743555387181769e-05         3.9694522399372841e-05         5.6967994686968019e-06         1.5725004439462974e-05         3.5398596365526910e-06         1.3926220054770347e-06        -6.4871921278682014e-06
8                                      4.7601549219609778e-04        -1.0712404610284198e-06         5.6127607454851340e-07         5.7621280491135888e-05        -9.0127223662446343e-07        -2.8266719176172736e-07        -2.3808742243368625e-06         8.6912149602398280e-07
9                                     -4.1227341033204379e-04         2.6484394684282990e-05         5.8810967717030222e-05         8.7263623721593967e-06         1.1821732504982283e-05        -1.2229873948496899e-06         3.3268229113442679e-06        -1.0975683663111998e-05
10                                    -4.8354353281697724e-05        -6.1538770812553413e-06        -1.4545753379468758e-05        -9.1202929954948204e-06        -1.5206919400120086e-05         3.0991443043088505e-06        -1.3355379731436328e-06        -3.1835316833444052e-07
11                                     9.5527359446930457e-03         2.5580781060457314e-06         6.6271145755405185e-07        -6.4631246947488457e-05         1.7096642040078021e-06         2.1407076161987768e-07        -3.5068929055671720e-05        -6.8582417822887222e-07
12                                    -4.8635112382471642e-04        -1.4121338977993647e-05         2.4761350386471887e-05        -9.7707916368259565e-06        -1.4527697357765140e-05         9.6449563131685784e-07        -3.7530771631975416e-06         1.5809526545028862e-05
13                                     8.5472564025421594e-04         1.0231330278624918e-04         6.3404104947460747e-06         1.1124011208272404e-05        -1.1404213612842241e-04         1.3467067726180950e-04        -8.5269279115187397e-07        -9.8741234471267823e-06
14                                     3.4565979834659767e-03        -3.0371052404185508e-06         7.0520452931987633e-07         8.2050436246060057e-05         1.2506887916947875e-07        -1.2104117794409551e-06         1.0703523064595362e-05        -5.1746167004130281e-07
15                                    -3.6447532684779653e-03         1.4735959207177118e-04        -9.2616667148864916e-05         1.7242550016440225e-05        -3.7515697273196802e-04         2.8447499963116062e-04         7.2446327555476707e-07         6.4616412621126292e-06
16                                     4.5217076997585252e-03        -4.4672616341418165e-05        -1.2606699092796261e-05         6.4664559877547999e-06         1.4689389346328756e-04        -1.2290390974813094e-04         3.6948643576589461e-06        -2.1933265815750509e-05
17                                    -3.6605295876584218e-02         9.0156044194989250e-06        -1.2964035129471590e-06        -4.0504952102491130e-05        -3.0553297652841191e-06         1.2730662634804244e-05        -3.1538546840312109e-04         8.1465475003600100e-08
18                                     2.5177803033222417e-04        -6.7953320879805303e-05         1.4286568455549892e-04         2.7787485313097838e-05         1.4672639685178192e-04        -1.0321484256895110e-04        -1.8563176934335654e-05         8.5436783815070669e-05
19                                    -3.1703959198641125e-04         8.7713256029453308e-04        -1.7311708535399425e-04         4.0841722836585398e-05        -1.0376385018526369e-03         1.1356473408422041e-03        -2.6358844890875640e-05         3.5611501079993251e-04
20                                     2.5746241430273939e-03         6.7725027297729784e-05         2.0819014882878016e-05        -1.9585227001493823e-03        -1.4693734376635335e-05         5.1812853671496392e-07         3.8397691276987689e-04         2.8136387340318419e-05
21                                     1.0343057336495320e-04         1.1405767105072892e-02         8.4711958981178240e-03         4.9311753557033781e-04        -3.7181812895893829e-03         4.5850274164910883e-03        -2.3015736684108329e-04        -4.6014130904776878e-04
22                                    -1.0651270270772264e-05        -1.7124850973665503e-02        -1.0681827236616427e-02        -6.2382809085144864e-04         1.6741538639583929e-03        -3.2869244757787255e-03         8.0126198372675083e-06        -1.3525428854311414e-03
23                                    -2.7253353524770681e-03         2.6410465282657994e-04         2.0825378584949684e-04        -8.7886402195794179e-04        -2.6207764900726378e-04         1.0073011143006428e-04         4.6848158454056892e-03        -4.3493887591938748e-05
24                                    -3.4856310986274567e-06        -7.4001032911795495e-02         6.6184009592781673e-02        -9.2079845409973483e-04        -1.0686540339255732e-02         1.2384691153734063e-02        -3.8644408522847570e-04         2.3812246213068789e-04
25                                     1.0414199746524116e-06         6.7274130885672190e-02        -3.4185410158810348e-01        -2.1541255127096773e-04        -1.4055748069992064e-02         1.3408967842733741e-02        -3.9386253448032765e-04         1.9863448845737746e-04
26                                     1.8804588631056332e-04        -8.5067732478916777e-04        -2.1022559989721982e-04        -3.1602904093381207e-02        -5.5134939476128705e-04         4.7900380982075346e-04         3.0524133515327867e-03        -1.4170705185071430e-05
27                                    -1.8360466119866236e-07         1.8918975514269458e-03        -1.0228281039562845e-03         5.1037186457945471e-06        -2.8452271843938481e-01        -1.2560171994361358e-01        -9.0446880748352200e-03         9.7134713400146792e-04
28                                     3.6580561379613428e-06         2.6778945858160090e-02        -9.0307444402174366e-04         8.8699818730172747e-04        -1.2769061256110115e-01        -1.3068768685505650e-01        -4.8530175146117207e-03        -1.4139584294394977e-04
29                                     5.5290694364116621e-05         2.0469438048098000e-04        -4.8755559731864851e-05         1.1849497308467217e-03        -9.0521523559314206e-03        -4.7532903551509853e-03        -3.5157942536867708e-02         1.2735613559077566e-04
30                                    -1.0890840720275162e-05        -6.5620112900277106e-03        -6.9748960542904428e-04        -3.8649229298391816e-04         3.8143551449450318e-03        -2.4153111838773771e-02        -6.4624285968124692e-05        -1.8689486717420812e-02
31                                    -8.1103198630208377e-06         1.2914736605875710e-03        -9.0384300537381217e-05         1.6449513292154763e-05         2.0815851449454449e-03        -3.2265443941628009e-03         5.5706639151576268e-05        -8.8558544826048517e-03
32                                    -8.6978784193019311e-05        -3.5452791425097504e-04        -6.2729180511655457e-05         4.6632987200502830e-03         9.6569788121740250e-05        -8.3087309290003487e-04         1.0818263346978694e-03        -7.1414884042482094e-04
33                                     4.1165558983918150e-06         9.8427205286054690e-04         1.4950778843614721e-05         3.1923348989281466e-06        -1.5343634223490780e-04        -1.6002565902001483e-04         8.8027889073402765e-05        -3.0911060321935591e-01
34                                     4.6914451863045006e-06         9.8192941760281570e-04         1.3507664805290434e-04         1.4731815419836581e-05         6.1934600380306702e-05         7.0372844784033712e-04         1.9930474461482344e-05        -8.8070273420304768e-02
35                                    -1.1658020915609462e-04         2.7875260595513064e-06        -8.6138544482725732e-06         1.1028193503679600e-03         8.8051592585236890e-05         2.2351461681515179e-05        -2.8027520162439900e-03        -8.8313570148236004e-03
36                                    -2.1998706228560389e-06        -3.3139739244489883e-04         8.1292525906549382e-06        -4.2237111372421921e-07         9.4122036458673406e-05         1.2241354618666012e-04        -2.7937528186229360e-06         1.9341851432455072e-04
37                                    -2.8531508806519636e-06         4.6067814304472468e-04        -8.6975604628428040e-05         2.5484563266888130e-05        -3.3171563685738476e-04         1.8913994890059423e-04        -8.2968963095423910e-06         1.0730012803823741e-04
38                                     1.0309992281203319e-04         1.6853982410871595e-06         1.6671496339839241e-06        -3.3168842790029789e-04        -4.6806212889076660e-06         3.0310488484401806e-06         2.0333174554657243e-04        -1.7004065312436521e-04
39                                    -1.6753899284125669e-06        -2.1434379937588534e-04         2.8984775183547688e-05        -1.2901071110204267e-05         1.0051351446357807e-04        -1.0045128962580423e-04        -3.4432632093066865e-06         7.3855319762724907e-04
40                                    -3.8138115549539141e-06        -6.1218053267735636e-05         3.5856415714416359e-05        -3.6282947610457461e-06         5.5011735569560766e-05         5.0498215673959869e-05         1.3781543108101687e-06         5.6335020361694601e-04
41                                     2.7190090013881022e-05        -9.3711307639330786e-06         8.0758275727262150e-08         8.3871335198934240e-05        -1.9718263745544505e-06        -4.0046240031336877e-06         1.6692894740590665e-04        -2.6202712182502963e-04
42                                     1.6589922537328627e-05         1.3301705591798159e-04        -1.3728112213992182e-05         6.4574260570283275e-06        -4.0064585420352631e-05         8.4118539429533590e-05         4.0935764593778346e-07         3.8436837049059909e-04
43                                     3.7863166342260238e-05         9.9782825625998966e-06        -4.9960296322867003e-05         1.0816711395320843e-06        -2.9594662218729263e-05        -3.1236433179723019e-06        -9.1343669853971197e-07        -2.3473829742407144e-05
44                                    -7.2609661710999860e-05         4.2067394676500360e-06        -6.3566375180649820e-07        -1.8113238654523584e-06        -3.3569102173664715e-07         2.7441647424819034e-06        -3.7839814947687771e-05         6.0848855507346806e-05
45                                    -2.0950411272366018e-06         1.6257631075219578e-04        -7.1475789470356156e-05         2.0153245154029027e-05        -8.7916846879681565e-05         3.6015699328995347e-05        -4.3368869133998667e-06         1.1561072324870352e-03
46                                     3.4014907443672284e-07         2.4277758800703977e-05         3.9280394499812202e-05         1.6395932886624915e-07         2.7516543892962351e-05        -5.6738694195424206e-05        -1.0814943084475255e-07         1.0781141031394386e-03
47                                     2.4882490409463547e-05         1.6501545856834346e-05         1.4860778268605489e-06        -3.6090374976547067e-04        -5.8287917646910139e-06         2.8173520807682167e-07         8.7866343937987305e-05         2.2387547425412507e-04
48                                     8.7495383562638047e-07        -1.1618956582531547e-04         4.7167453177898288e-05        -8.8575693453095895e-06         4.2784085201791940e-05        -2.5470193935771181e-05         1.6639899986631946e-06         9.7277646185755726e-05
49                                    -3.8506529869803226e-07         5.4450598278940219e-05        -3.3631774049726120e-05         2.9701511296455958e-06        -2.6872914160597314e-05         3.0034501870955348e-05        -5.8231009023482325e-07        -6.7656892949406397e-05
50                                    -6.0699196072703964e-06        -6.2631232214875865e-06         6.1679224546117164e-07         8.8938585331187377e-05         2.1169342235592621e-06        -4.2994335754901748e-07        -2.1453695398015707e-05        -2.4630655809173663e-05
51                                    -4.6891632314459766e-05        -8.8252103595982793e-04        -8.2483931921147676e-04        -2.8043160770044209e-04         1.8755756961913322e-03        -3.5645157433489777e-03        -1.8956278494687649e-04        -9.8178359930890888e-04
52                                    -3.6355106431278192e-05        -6.0558156929105891e-03        -1.9681725690115772e-03        -2.2343127859305120e-04         2.0623639353131336e-03        -4.6215467662014276e-03        -7.4389668398265076e-06         3.6411821929736108e-03
53                                     3.1282930298304939e-04        -3.0998250178208327e-04        -9.7123358872189627e-05         7.4805633121939252e-03        -1.4884103764832975e-04        -1.8430410626657300e-04         6.8577904543129344e-03        -1.7918633766878057e-04
54                                    -1.5202230004056192e-04        -5.6594179157628535e-04         2.9027345132928749e-04        -2.6910760952326024e-05         2.9581518018988775e-05        -5.6084240037058190e-05         3.8957172883665534e-06        -1.2288444185431062e-04
55                                    -8.4967149153649069e-05        -4.0330398598582731e-04        -4.5979874361203857e-04        -7.3311959730659694e-05        -4.2025257023485589e-05        -2.0749068441752971e-05        -4.3838823034797700e-06        -2.8312409812351679e-05
56                                     4.1641580253677715e-03        -3.0932793328273098e-05         7.0800976917806836e-06        -8.2933116112066455e-05         5.5502524574831949e-06        -4.2023522952950225e-06        -3.6527343072290084e-05         1.6817202284249408e-06
57                                    -6.2006772122375425e-06         7.6478625426258141e-06        -4.1947639039135705e-05         1.8902115480570395e-05        -1.7523509729833620e-06        -1.9523066359126387e-05        -3.5657079977575724e-06         6.0944617973702001e-06
58                                    -1.2787148304557462e-05         1.7934845366421662e-04         3.0400429838001435e-04         2.8405237996991482e-05         2.8792996578813428e-05        -1.5957946900096672e-06         7.4355646972648525e-07         4.6646144943662772e-05
59                                    -8.6516010510522857e-04         8.9424735048130466e-06         6.4620648159603993e-06        -2.9693910457842580e-04        -2.8543659256027699e-06        -2.3393902284814922e-07         7.3627085748453658e-05        -3.7132503267206388e-06
60                                     3.2567033472754369e-05        -2.4175729313275982e-05        -2.7137567877395493e-05        -6.5608558088660733e-06         8.1335037998032651e-07         3.8755518676903257e-06         3.8075848536411055e-07        -1.0378607502970117e-05
61                                    -5.4207150656396136e-06         6.8912485529173419e-06         2.3168226584424121e-05         3.8068960846461096e-06        -2.7996292275083307e-05         3.7569740842929652e-06        -1.3953584258116893e-06        -6.9601140802755550e-06
62                                    -6.1795122089383300e-04        -1.5098282527931006e-06        -1.0929536699810085e-06         2.0655458287195612e-05         2.5723492552675053e-07         1.0983544787277315e-08        -9.1162584672823352e-06        -1.0035436570352731e-06
63                                    -1.0704531049586651e-05         3.7719386978426485e-05         2.4952275639438968e-05         6.1047957734288945e-06        -2.4621962906543624e-05         2.5248065545758992e-06        -1.0175620295026738e-06        -5.5525386500050559e-06
64                                    -7.6107602821706312e-06         2.2094723107731254e-06        -5.2626586067866120e-06         9.8689891138756479e-07        -5.4011142958254062e-06        -3.2252878865899370e-06        -2.5349887392178088e-07         5.4566232919136973e-06
65                                     7.8989873291244514e-06         5.4283289061157621e-07         5.3111624079373628e-07         9.7122394148372370e-06        -6.8911855133048171e-07         1.3469412362817967e-07         8.7360392467506856e-07         2.5899830433881251e-07
66                                    -3.3785377383186735e-07         2.2849925989449463e-06         1.4180282551722826e-06         2.1729443045698585e-07        -1.9663812525706661e-06        -5.1261257599054103e-08        -8.6214541334204721e-08         4.1606219235138420e-08
67                                    -4.2489198407638849e-07         2.3027462317132285e-06         1.9962535173106998e-06         2.2750180816657690e-07        -1.9001488866399879e-06        -6.8389802741964561e-08        -4.4674366346493383e-08        -1.3280236831113377e-07
68                                     1.0628431925324246e-05         7.2384604723058653e-09         1.5479714635253872e-07         1.0081542736238893e-06        -1.4059668771074019e-08         5.6551640195271409e-08         1.2758710531035438e-07         1.3424831525225335e-07
69                                    -2.3035925445212019e-05         4.8608102899264013e-06         4.3222615481235626e-06        -3.1724348177631418e-06        -5.8125097115870565e-06         7.2482668088324153e-07        -1.6684593810588147e-07        -1.9637520793664299e-07
70                                    -8.4687353047709652e-06         1.3657220851538075e-06         7.3242021436127885e-07         1.3780134799916762e-06        -2.2261335672618264e-06         1.6081358918479068e-07         1.9386120657910123e-07         4.4543695645210026e-07
71                                     1.1047832758390285e-06         1.3493690635212432e-06         1.2078245542416479e-06         5.3055411504116299e-07        -1.3045314318002989e-06         1.6656043079032838e-07        -2.3443256951761476e-07        -1.6430521058879749e-07
72                                     1.9908199314317045e-05         4.6654254726989804e-06         4.3263508114568957e-06         4.0672436633841950e-06        -5.8900265854911865e-06         7.2281107119537844e-07        -2.7940395352112905e-07        -1.9710867156141258e-07
73                                     8.0885498284451375e-06         1.4112496829796043e-06         7.3652640183676692e-07        -1.0829137293542956e-06        -2.1948250205004434e-06         1.2917703784011522e-07        -4.8982641508314873e-07         4.3559085545420879e-07
74                                     2.5402468130575196e-06        -1.1026276834176160e-06        -9.5417741959675974e-07         5.8916405441964813e-07         9.6610226144793008e-07        -1.0770528879961642e-07        -1.8901491064076549e-07         1.4186643739348193e-07
75                                     1.9458635911228181e-04         1.6951748233685996e-05        -6.6567119555771331e-06         1.9308689789774863e-07        -3.8402273896004282e-05         2.5273211151441601e-05        -2.1147954775750787e-06        -4.3616158075182403e-06
76                                    -2.4971685945676072e-05         9.9052215009323903e-07         2.5739898405172405e-06         5.0294977019856697e-07        -9.2954666921135415e-07        -1.3182427382316044e-06        -8.1740156977223578e-08        -2.0553628049784899e-07
77                                    -5.1240569477801470e-03        -1.3818584481777078e-06        -6.5297899693833630e-07         3.2081909095408517e-05        -2.0701630020846727e-06         4.6922174456525154e-07         3.4953585047956982e-05        -1.9106243386915846e-07
78                                     4.2069053551899091e-03         2.3353608030564691e-05         3.6255890771448313e-05         4.6617393556655446e-06         8.3468712364714263e-06         7.3347600918126864e-06         5.0989325002206505e-07         1.3055820724365249e-05
79                                    -4.8978837249510467e-03         4.2844839009873646e-05         4.3209547566908047e-05         3.4296801771431858e-06         4.0273831002661173e-06         6.6984660814280378e-05         1.5260205504452214e-06         1.8545518802249011e-05
80                                     2.5424075797750519e-02         3.8883683376113229e-06         1.8946208084059496e-06        -9.8579455736686256e-05        -7.0120082723754265e-08         1.0538966244163944e-07        -5.7217872037766888e-06        -8.2347689490684371e-07
81                                     3.8883683376113229e-06         6.8762927526784992e-02        -7.3046804510690622e-02         1.0780317903739730e-03         8.9988477163558886e-04        -1.2311903155117869e-03         1.1047085965547497e-04         7.6597313436521799e-05
82                                     1.8946208084059496e-06        -7.3046804510690622e-02         3.5491705700664450e-01         1.9706150628114060e-04         2.8340551218853532e-04         3.1170103989445596e-05         3.2005506096123928e-05         5.3552788683524201e-06
83                                    -9.8579455736686256e-05         1.0780317903739730e-03         1.9706150628114060e-04         2.2650184431864236e-02         1.1896811892098679e-04        -2.2974982197387097e-05        -2.7318462658851338e-03        -4.0548842585277509e-06
84                                    -7.0120082723754265e-08         8.9988477163558886e-04         2.8340551218853532e-04         1.1896811892098679e-04         2.9251952528459962e-01         1.3702743438875281e-01         9.7366160233858592e-03         1.3765838818817077e-04
85                                     1.0538966244163944e-07        -1.2311903155117869e-03         3.1170103989445596e-05        -2.2974982197387097e-05         1.3702743438875281e-01         1.2644579816422460e-01         5.1732543828598605e-03         4.6181478326781796e-04
86                                    -5.7217872037766888e-06         1.1047085965547497e-04         3.2005506096123928e-05        -2.7318462658851338e-03         9.7366160233858592e-03         5.1732543828598605e-03         2.4473699259280769e-02         7.6196234517880078e-06
87                                    -8.2347689490684371e-07         7.6597313436521799e-05         5.3552788683524201e-06        -4.0548842585277509e-06         1.3765838818817077e-04         4.6181478326781796e-04         7.6196234517880078e-06         3.2526639283926401e-01
88                                    -5.4033334452383861e-07        -4.2392210955184212e-05        -1.9010935346512831e-05        -2.3965022442303319e-06        -9.3567641175688410e-05        -1.7542860689457885e-04        -6.3060155699735639e-07         9.2082103651638436e-02
89                                     2.9929891913275289e-05        -4.9652325469064544e-06        -1.4870709481158087e-06         2.1409902646704935e-04         4.5637492582237867e-06         7.9115219876463639e-06         4.1059370151104105e-05         9.7938712859533365e-03
90                                    -4.3378264501407678e-06        -1.8205768464772273e-03         1.8555726192977717e-04        -1.4786416265182047e-04         2.5105107516094698e-05        -1.6047054821730371e-05         2.5980083829246217e-08         2.1886181579065626e-06
91                                    -2.0056638329061700e-05        -7.0885925255834321e-05         7.8844405266782812e-04        -6.8260952989892512e-05        -4.2092608645961189e-06         6.5471474921748626e-06         1.4268059980509037e-07         2.6122267827625263e-06
92                                     6.2607525910173673e-04        -2.0476521547189614e-04        -4.5269473570629993e-05         7.8004218670262081e-04         1.2980485319530096e-06         1.9587511835658886e-08         3.8997952042904428e-06         3.5770861742311858e-07
93                                    -2.0030450824958454e-06        -8.3354812925341953e-06        -5.6629245331405028e-06        -4.8355534274070650e-07         1.6349828075885452e-06        -5.1585635991820340e-07        -5.7889987605152634e-08         4.6716630335507346e-07
94                                     2.2111629445346365e-06         6.2860105700209739e-07        -8.7422612502570558e-07        -2.1098578914967176e-07         4.1181240402484538e-06        -9.3743913951577478e-07         1.2083756206435022e-07         5.4945971345531607e-07
95                                     4.0163640659771248e-05        -2.5562760896635440e-07        -1.7880068482072265e-08        -3.1285423493620498e-06        -4.7688313723897909e-08         3.1813590228063427e-08         2.6602725049088837e-06        -2.0096871676987659e-07
96                                    -4.1981249969836154e-06         4.9014439946703066e-06         7.2848003460933611e-06         7.1436385669296661e-07        -5.1629834809496626e-06         1.1495555880572893e-06        -1.6108657358379578e-07        -1.7614026078313226e-06
97                                     1.3805371362518252e-06        -5.8052979239779981e-06        -1.8047456689887931e-06        -4.9797506642962179e-07         2.7562867666431181e-06         1.7671358647732200e-07         1.1503086347130226e-07        -3.7449867624350782e-07
98                                     1.3102254245454570e-04         1.6617851517287422e-07         5.3699140366927922e-07         7.1148277572021070e-07         3.4335747951703356e-08         1.2661982815829957e-07         7.7947163708498264e-07        -3.3088749255216429e-07
                                                        88                          89                          90                          91                          92                          93                          94                          95

0                                     -2.3713724889747859e-06        -6.3287788268758527e-08        -6.1645085187398189e-05        -2.0359744203211601e-05        -7.3451282885692463e-06         1.0227527584559548e-04         1.2303634365450202e-04         2.2645218160700480e-05
1                                      2.6245488447144204e-06         1.1479590357124559e-07         1.3314487827939482e-04         4.2597222283844311e-05         4.7414346373581385e-06        -1.5632624912332827e-03        -8.8231363927469353e-05        -4.6659296731089449e-05
2                                     -8.6121975090836763e-08         1.9695409475290694e-08        -6.6604770998785426e-06         5.3922115165482595e-07         1.6979673509987664e-04         2.9196795750970247e-05         3.0702538287165101e-06        -7.1039316817687968e-04
3                                      2.1669139537324443e-06        -5.1443877361085776e-08         4.9544632949310367e-04         1.3277988334057188e-04         2.5947685842476216e-05        -5.4846371733256192e-03         3.7991085640591473e-04        -4.7310727999161112e-04
4                                     -1.3878570003497109e-05        -2.3740734978138019e-08        -4.1335414289705275e-04         4.4175170651331963e-04        -1.4232693322390150e-05         1.7322779289644808e-03         1.9533703288736074e-03         6.9192060486466487e-05
5                                      2.1728048430896242e-07         3.0833376158886099e-06         2.5255117093498012e-05         1.5681634029004999e-06        -3.0704845772090911e-04        -4.7979912737617042e-04         3.3537867539584483e-05         1.0758181336309788e-02
6                                     -1.4228825777001175e-05        -3.6116996624007003e-07        -1.2640167985900905e-03         1.1067319128040172e-04        -4.7194161564147473e-05        -1.8701755546079584e-04         1.3036200636866598e-04         1.0686211384933536e-04
7                                      1.0039120388291882e-05         1.1246417641527976e-07        -1.9001828954808995e-03        -2.5922018453285504e-04        -5.6222042210579614e-05        -1.4502371634195666e-04         1.3517527928092864e-04        -1.5325858398308340e-05
8                                     -3.7250580334071859e-07        -8.2737841459424790e-06        -3.6363492716377061e-05         5.7128798884628026e-06         1.5655968890567734e-04         1.1042526869831563e-04        -6.3718014116094011e-06        -3.9280117559104162e-03
9                                      5.9606909446918732e-06        -2.1569761066843850e-07        -4.5685220212838169e-03         8.9634597797267398e-04        -3.2781173281461347e-04        -2.2932263628591132e-03         4.5933157704872779e-03        -2.6247437640616129e-04
10                                    -8.7974810662316133e-06        -4.4864802849192410e-07         2.5475382512520055e-03         1.4349590840841168e-03         8.7183981632361749e-05         3.0075604675252913e-03        -1.4597787263644956e-03         1.1323062737582563e-04
11                                     5.5049891360909656e-08         3.8722108115257172e-06        -3.2897549923290460e-04         4.7949770070084940e-05         6.1311219061943693e-03        -2.6021180131028120e-04         1.5732257656681908e-04         6.1952572884790289e-03
12                                    -2.1611325039717357e-05        -9.3165441495990001e-07        -5.2631547064074195e-04         2.8202470858897273e-04        -6.1498679246935865e-06         5.5517559111287478e-04        -1.2432106807905264e-03         1.7969814142733095e-05
13                                     1.6603908863175532e-05        -1.7299261438825743e-07         3.2278185995154689e-04         3.4479630551183249e-04         1.3962637185705254e-06         9.2990314150691897e-04        -8.7011701169310840e-04         2.9165441584798868e-05
14                                    -5.7544423969974969e-07         2.4280773615902958e-05         2.5562163559533630e-06         6.6168289076854164e-06        -5.6528012566663230e-04         1.4295934029908797e-05        -3.5162421002780001e-05         1.6718940502215561e-05
15                                    -8.5004518791741515e-06         7.2825324638599047e-07        -2.0649147377223157e-03         4.2539660310952779e-03        -2.7977239574424718e-04         2.8997586495415072e-04         4.6852362720267889e-05         1.3123929015735776e-05
16                                     9.3070950863929263e-06         3.9164377919657123e-07         2.9350281648256506e-03        -2.1421392602409359e-03         1.1938246868707343e-04         1.0973330791798352e-04         9.4626704962886676e-05         2.8158948790772792e-06
17                                    -8.7843504903888422e-07         9.8470734445191693e-06        -2.6943226504548047e-04         1.6527597059373165e-04         6.2751301191732323e-03         1.3603097157619747e-05         6.3118263736624392e-07        -1.5073821058347194e-04
18                                     2.8135936706979520e-05         2.7608465674813954e-05         1.2705799842757078e-02        -1.3117064769865835e-02         3.7218315831853059e-04         1.6749874242027259e-04         2.7613902971368280e-04         2.7599063128268757e-06
19                                    -4.5918932510622399e-04         1.3257422236571521e-05         1.6164263472082344e-02        -1.8862956890404105e-02         5.4659871325198972e-04        -4.1991039599354081e-04         2.0859317805049446e-06        -1.3210066872598242e-05
20                                     4.2453569092256990e-06        -7.7378639288561244e-04         2.1357800487345309e-04        -3.2244156166780094e-04         3.8534234087261080e-03         5.9055777471372021e-06         9.5919163999406694e-06         5.5697697337804043e-05
21                                     9.1249915589606298e-04        -3.1700402267999833e-05         2.1037535021850833e-05        -1.3943284825632856e-03         9.3485434193440605e-05        -9.4665235519402879e-05        -2.1364573752731981e-04         1.5117106996136205e-06
22                                     1.8566970010997826e-03        -2.1644043442615846e-05         2.9091919343655426e-04         1.3428795551168569e-05        -1.1521463301325459e-07        -4.0507148314193565e-05        -9.2597053395859059e-05        -1.0170788058295994e-06
23                                     3.7853651988102638e-05         5.8690297020928925e-04         1.1676533648144064e-04        -6.2544646189841317e-05        -3.8762164258556182e-03        -3.2386253527762340e-06        -6.8872379374371992e-06        -1.1239893929683252e-05
24                                    -8.3608718721108703e-04        -3.4169807097987812e-05        -6.0801362743297799e-04         3.7315172097711520e-05         5.0672635848563606e-05         5.2007701783895826e-05         1.1397408372160265e-04         8.7663754261834953e-07
25                                    -1.8736249543307559e-04        -4.3121189855736542e-06         3.5467560626358061e-04        -2.8187587150265802e-04        -2.3303733303145721e-05         2.9458743605087013e-05         2.6707593632196622e-05         9.6305904969500169e-07
26                                    -3.2692451452805706e-05         7.3806499998320917e-04         1.2046964524803349e-05        -5.9538234583993017e-05         1.7246522571133841e-04         2.4420781078116017e-06         3.5120340916061212e-06         3.4351747419689857e-06
27                                     7.3129773435801548e-04         1.4381409181921472e-04        -7.6504998920270961e-05         1.8925287708885976e-04         9.6113962089680187e-06        -2.3100572558933281e-05        -3.0996364613199699e-05        -1.3104825020195798e-06
28                                    -6.7934820932175934e-04        -2.1059438115059615e-05         1.7453632492534757e-04         1.6177734496500214e-04        -8.4341475450283606e-06         2.6138976967910982e-05         6.1772927174139877e-05         7.7594461128412449e-07
29                                     1.8665570927005825e-06        -3.0470942111343845e-03         1.8980857310939475e-05        -2.8106578429810914e-06        -4.3356348160619881e-04        -1.1451131674431222e-06        -9.6630968322180578e-07         1.1088555142984963e-05
30                                     2.0058033804416217e-02        -5.9717453400034233e-04         6.1868986299303593e-05        -1.0153818429823897e-04        -2.8217946461383799e-06         6.9838760198543456e-05         1.0312297610758580e-04         3.7538867829960975e-06
31                                     1.2472913446805671e-02        -1.9471574722433323e-04        -2.7034282040425166e-04         1.0115942409773563e-04        -1.7185206347224513e-05        -6.4168840936685453e-05        -9.9172355870412029e-05        -2.1683308718403252e-06
32                                     6.8786803151062170e-04         2.2520833936987695e-03        -6.6342878336317980e-06        -4.4212802600773700e-07         1.7594453932534185e-04         2.5264709832106763e-06         3.2560200510355091e-06        -1.8053205245977896e-05
33                                    -8.6215433643876363e-02        -8.7721305815755754e-03        -9.0327143414182837e-05         7.0403944291186934e-05        -1.2202320997398522e-05        -3.1728205791366117e-05        -4.1619325842569515e-05        -1.1881065067767506e-06
34                                    -9.1336921027934670e-02        -3.1483225572649020e-03         2.4056356856230846e-04         3.6989653156652158e-06         1.1125451806765272e-05         8.5970959647875750e-05         1.3079844892016222e-04         3.4405260820203202e-06
35                                    -3.0150399021650798e-03        -4.0842870579281092e-02        -9.8968718135899798e-06         5.7479411115613865e-06         2.2545061803426483e-04        -6.1955063519128602e-07        -8.0293001684621388e-07        -4.8888514884494663e-06
36                                    -2.9268563673951330e-02        -3.0215265738095824e-04        -7.9419793184052300e-06        -1.7840796869748171e-05         1.5441366461281437e-06        -2.4999877978914745e-06        -5.1972410676639298e-06        -7.9996265155469912e-08
37                                    -9.1744158458029190e-03        -3.0145218399427317e-05        -1.8840654334396890e-04         3.2110200636306955e-05        -1.1090553369496524e-05        -6.1454750416772638e-05        -9.3772835855374142e-05        -2.5804774756568993e-06
38                                    -9.8552624620006513e-04         5.5630593492018753e-03         6.1750586464829753e-07        -1.4482611318189545e-06        -4.4682156584607392e-05        -3.4659864893531322e-07        -6.1649342350242131e-07        -1.2568498220874240e-06
39                                    -5.8233400640537005e-04        -2.6930367985035519e-04         8.4016752472917651e-05        -2.0485720470819497e-05         4.5323010556199747e-06         2.5480836284477466e-05         4.0176479524948886e-05         1.2119670424494569e-06
40                                    -5.6763701015767063e-03        -5.3446319765337137e-05         4.4774141026740662e-05        -1.0479711052194533e-05         2.8836455372889705e-06         1.1962173811815708e-05         1.8811971550741638e-05         5.3524065212847293e-07
41                                    -8.3982258932997517e-05         9.0326031112268699e-03         2.2468917361038616e-06        -5.8258107435116789e-07         1.6402243566704152e-05         8.9514169270194145e-07         1.3019682464259142e-06        -2.1588122915848756e-06
42                                    -5.3330044411978284e-04         6.0708439750545957e-05        -5.6842014602023240e-05         2.5162398386276673e-05        -3.3986081189333091e-06        -1.4639058364016955e-05        -2.0557855266193411e-05        -6.1551753547218704e-07
43                                     4.7872994872022760e-04         9.3826312282408461e-06        -2.2464780063587543e-05        -5.7117472598902912e-06        -2.0690295043235957e-06        -1.0177163369034766e-05        -1.6695595479207016e-05        -3.6419748729288677e-07
44                                    -6.8744907006793040e-06        -1.5653106347871782e-03        -1.7555323085657014e-06         6.5662089487128559e-07         8.9889744698062215e-06        -4.7430058150577369e-07        -6.8072447991027462e-07         3.3310579979322243e-08
45                                    -1.4013834693074917e-03         2.0996725932731134e-04        -7.9421970359076712e-05         1.1630204269023133e-05        -4.0596997973516401e-06        -2.7594715854645994e-05        -4.3942711752816238e-05        -1.2894065170741041e-06
46                                     5.5121268065148193e-05         6.3099098699572807e-05         4.5496222726687638e-05        -9.3132550364543546e-07         3.2640469658121704e-06         1.6696068071397278e-05         2.7504806168046137e-05         7.4977351573321942e-07
47                                    -4.0117615771983624e-05        -5.7909170601863147e-03        -8.7955777036234368e-07        -1.0495965893567562e-07        -4.8238202334424194e-05        -8.3919172362349681e-07        -1.2103378959545299e-06         2.2660491957313315e-06
48                                     2.2197817755055613e-04        -2.5359933641313321e-05         4.7155209776831653e-05        -6.7880885468401923e-06         3.0480190815607777e-06         1.7120155257921237e-05         2.7051590479331604e-05         7.0132976687369007e-07
49                                    -6.7905759912425352e-05        -4.5808871198557244e-06        -3.1922938928763823e-05         5.5790129750376248e-06        -2.2650947828529813e-06        -1.1445368116575806e-05        -1.7219537793866147e-05        -4.4790343231318973e-07
50                                     2.7766810947829509e-06         8.7881727330687816e-04         1.0674090429572630e-06        -1.1271892976781774e-07         8.8083198843890792e-06         4.8488825227195640e-07         6.8544220405604439e-07        -1.0068371875947818e-06
51                                     4.8522396573278549e-03        -1.9221622886759511e-04         3.5985732956748831e-04         1.1466142673366046e-04         3.9659071603573664e-05         1.0153491064682484e-05         2.0159959924130345e-05        -2.4833893902409111e-06
52                                    -4.5470838835024096e-03         6.0973516286479308e-05        -3.6930090842828586e-04         2.0296688506087502e-04        -3.6553431869742856e-05        -7.3442608571262129e-07         1.3686166479343824e-05         2.2420768661036309e-07
53                                     1.0223923084530700e-04         5.5680020669365109e-03         1.9187507642961560e-05        -1.5343791849439648e-06        -2.6075005574060822e-04        -7.3502597227675312e-07         5.5779995126453973e-07         3.5012873910719970e-05
54                                     1.1886543120991183e-04        -1.1618721825920658e-06        -1.1416184049427253e-01        -1.0819584416337165e-01        -1.9485248371140670e-03         1.1617650877237340e-03        -1.4192402154477703e-03         1.0052736209740961e-04
55                                     4.1315822464559186e-05        -3.3996561992139782e-06        -1.0839058039804730e-01        -2.8209102382519580e-01        -2.3213781296373918e-03         8.6718845399130166e-04         1.3224953105648845e-03         5.6796585884539251e-06
56                                     2.8210075616607174e-06        -1.4728909565359926e-04        -1.9354799482960787e-03        -2.3528587258794722e-03        -3.6027744204686837e-02         1.0215562672183582e-04        -4.9465069666738580e-05        -2.2990239772205196e-03
57                                     1.3748900764147846e-05        -2.2267711250680445e-06        -1.1182985947840387e-02        -1.3643751253012218e-04        -4.4788734901457522e-04         1.1328785160966835e-02        -1.2291888422293194e-02         2.7437953851283279e-04
58                                    -5.7004771587114823e-05         2.7727239606840547e-06        -2.9679544859840878e-02         1.9354039949512486e-03        -9.1066473405735293e-04         1.6952248325859308e-02        -1.9240555794874062e-02         5.4974585691701361e-04
59                                     7.6817332493438991e-07         1.0770344719390346e-04        -3.5321921627204096e-04        -4.9180514721806532e-06         3.4117939834130795e-03         2.0248737698629529e-04        -3.0294061129235172e-04         3.0850671697475402e-03
60                                     8.7194894365188699e-06        -1.2630277506965919e-06         1.3784193528055683e-03         1.7287689295797737e-03         1.2741206893132303e-04        -1.0861930384297235e-01        -1.0468446976734616e-01        -1.7660249230220131e-03
61                                     7.5998899429373157e-06        -3.8146325335828146e-07        -1.3472922864453444e-03         1.1823580817763321e-03        -4.4481657790489087e-05        -1.0421393006964128e-01        -2.8674816901594219e-01        -2.4274331186707153e-03
62                                     2.1867487793092981e-07         1.7659547408477361e-05         1.3776107184226464e-04         4.2132610190702175e-05        -3.0903051143005718e-03        -1.7689370927978817e-03        -2.4533285438118786e-03        -3.9240271482541701e-02
63                                     6.5533660888218443e-06         2.8302260856830102e-07         1.5896564327093528e-04        -5.0280097969788496e-04         1.1680803473794357e-05        -8.5402430479972549e-03         1.8031266653911054e-04        -4.1770287288113634e-04
64                                    -7.7106827451287085e-06         2.0788031501872621e-07         2.5515621765807823e-04        -1.1733232767019604e-04         4.7470225911343504e-06        -3.0528926325108660e-02         2.1271699411561178e-03        -8.8287049602848880e-04
65                                     1.5564926541582216e-07        -1.4787348829742594e-05         1.4735907214633400e-05        -1.6185968570607251e-05        -3.2307806523511307e-04        -3.4581005882674675e-04         1.3618783590003177e-05         5.8146105432903437e-03
66                                    -2.1306151997830313e-07        -4.5176111183503613e-08         2.8928753086502858e-05        -2.4460048912364196e-07         1.2220321672592177e-06        -5.0135220097630227e-04        -4.7230896656723825e-05        -7.6653603078755716e-06
67                                    -3.0714672226853979e-07        -2.2004204220309420e-08         1.2125625001075616e-05        -1.9861826702043442e-05         2.0003742675825015e-07        -1.2092466167454877e-04         2.3056609351933743e-06        -4.3793951369102412e-06
68                                     2.3610529917294910e-08         3.2573095388009292e-07         1.0746976247926597e-06        -5.9149308778397811e-07        -1.9511453946623567e-05        -7.7988419453108168e-06        -2.3679632798278349e-06        -2.3368716805084364e-04
69                                    -1.0390783804561254e-06        -7.2405836561743285e-08        -4.6327264157067712e-05        -2.6323499218528846e-05         1.8108401465590644e-05         1.3274006652753268e-05        -3.7304845322147045e-05        -2.0664300313153849e-04
70                                    -6.2878516245012684e-07        -1.9576697830306771e-07         4.6433075065699473e-06        -9.8371907551744677e-06        -1.4168119855834889e-06         5.5399557910178481e-05        -6.7561505720061042e-06        -6.0768370198425156e-05
71                                    -2.5947763491043568e-07         1.8714378628844404e-07        -8.8974722013770053e-06        -4.0709261992060959e-06        -1.4709118829321099e-05        -4.6036714407705280e-05        -7.2220009687970705e-06         1.6853070855491944e-05
72                                    -1.0569569183262737e-06        -1.3254978830244813e-07        -4.5646385734529146e-05        -2.6641937374339734e-05        -2.0656110679103544e-05        -1.6342450186849930e-06        -3.6790721780820826e-05         2.0526279814185355e-04
73                                    -6.1694817125163942e-07         1.5202707235236437e-07         4.6870360272268063e-06        -9.7386828359905713e-06         1.4214942570940013e-06         5.2166524193799575e-05        -6.2998901119843656e-06         6.4040654657036226e-05
74                                     1.9557433629830844e-07         2.0952017762603961e-07         6.8517258530117895e-06         2.3737171234771500e-06        -1.5340894234520019e-05         4.4297020423982438e-05         4.9929570632083024e-06         3.1296691306848334e-05
75                                     4.4975562664171056e-06        -1.1161966993517690e-07         8.5682347891418348e-05        -1.1779985487512008e-04         3.4436728979624529e-05        -1.6519454965125771e-04         2.2186272846209660e-04        -8.4448315322322044e-06
76                                    -1.9631918272552062e-07        -2.5128576290234616e-07        -1.1441953165533215e-04        -5.1699628676582466e-05        -6.9074823931633489e-06         2.4178740026766182e-04        -3.3274701471229816e-04         8.6868022197467994e-06
77                                    -4.7309839896609961e-09        -5.5217457408298715e-06         3.5174506494488670e-05        -8.3158480799474035e-06        -1.0727036829123989e-03        -8.7613286802766750e-06         7.7128831923414198e-06         1.1128060177216662e-04
78                                    -1.3925685104739080e-05        -3.0597138276806901e-07         5.0885709846995944e-04        -7.7290917049051061e-04         2.1946706111770948e-06        -2.0259049778859024e-05         5.2132733775287312e-05        -1.8935204552743725e-06
79                                    -2.2496475785902399e-05         9.9280594933510183e-07         8.1842655083186723e-04        -8.7127765122895764e-04         2.9311765397108897e-05        -2.3929024362764309e-05         2.1992137539571938e-05        -7.6125834791144855e-07
80                                    -5.4033334452383861e-07         2.9929891913275289e-05        -4.3378264501407678e-06        -2.0056638329061700e-05         6.2607525910173673e-04        -2.0030450824958454e-06         2.2111629445346365e-06         4.0163640659771248e-05
81                                    -4.2392210955184212e-05        -4.9652325469064544e-06        -1.8205768464772273e-03        -7.0885925255834321e-05        -2.0476521547189614e-04        -8.3354812925341953e-06         6.2860105700209739e-07        -2.5562760896635440e-07
82                                    -1.9010935346512831e-05        -1.4870709481158087e-06         1.8555726192977717e-04         7.8844405266782812e-04        -4.5269473570629993e-05        -5.6629245331405028e-06        -8.7422612502570558e-07        -1.7880068482072265e-08
83                                    -2.3965022442303319e-06         2.1409902646704935e-04        -1.4786416265182047e-04        -6.8260952989892512e-05         7.8004218670262081e-04        -4.8355534274070650e-07        -2.1098578914967176e-07        -3.1285423493620498e-06
84                                    -9.3567641175688410e-05         4.5637492582237867e-06         2.5105107516094698e-05        -4.2092608645961189e-06         1.2980485319530096e-06         1.6349828075885452e-06         4.1181240402484538e-06        -4.7688313723897909e-08
85                                    -1.7542860689457885e-04         7.9115219876463639e-06        -1.6047054821730371e-05         6.5471474921748626e-06         1.9587511835658886e-08        -5.1585635991820340e-07        -9.3743913951577478e-07         3.1813590228063427e-08
86                                    -6.3060155699735639e-07         4.1059370151104105e-05         2.5980083829246217e-08         1.4268059980509037e-07         3.8997952042904428e-06        -5.7889987605152634e-08         1.2083756206435022e-07         2.6602725049088837e-06
87                                     9.2082103651638436e-02         9.7938712859533365e-03         2.1886181579065626e-06         2.6122267827625263e-06         3.5770861742311858e-07         4.6716630335507346e-07         5.4945971345531607e-07        -2.0096871676987659e-07
88                                     9.7488815620838484e-02         3.3272396482106987e-03        -5.4596755061222060e-06        -5.5092361381064146e-06        -4.0956951475289161e-07        -6.5159087560636873e-09        -5.0586098511578594e-07         3.6280720831485997e-09
89                                     3.3272396482106987e-03         2.7132304028044323e-02         3.6233471387192887e-07        -1.4807424242944047e-07        -1.0557335765398303e-05        -6.6128540517562404e-08         1.8974595241280309e-08         3.4343655689728844e-06
90                                    -5.4596755061222060e-06         3.6233471387192887e-07         1.2072951554434697e-01         1.1727892449829630e-01         2.5256622557220474e-03        -2.6295000128860862e-05         9.0294837175344507e-04        -8.2654296258010093e-06
91                                    -5.5092361381064146e-06        -1.4807424242944047e-07         1.1727892449829630e-01         2.9784468955590476e-01         2.6660567060819680e-03        -5.6858864244837539e-04         1.8083279777202522e-04        -1.8473338264469601e-05
92                                    -4.0956951475289161e-07        -1.0557335765398303e-05         2.5256622557220474e-03         2.6660567060819680e-03         2.3704188524862516e-02        -7.1306418956793992e-06         2.2009307407778851e-05         8.8706282080845960e-05
93                                    -6.5159087560636873e-09        -6.6128540517562404e-08        -2.6295000128860862e-05        -5.6858864244837539e-04        -7.1306418956793992e-06         1.1089704895266636e-01         1.1318042689343086e-01         2.2113219715286523e-03
94                                    -5.0586098511578594e-07         1.8974595241280309e-08         9.0294837175344507e-04         1.8083279777202522e-04         2.2009307407778851e-05         1.1318042689343086e-01         3.0216332974341881e-01         2.6271534116629504e-03
95                                     3.6280720831485997e-09         3.4343655689728844e-06        -8.2654296258010093e-06        -1.8473338264469601e-05         8.8706282080845960e-05         2.2113219715286523e-03         2.6271534116629504e-03         2.5671468932171523e-02
96                                     1.4165812762662576e-06        -1.1765541341790371e-07        -4.7066648520123033e-06        -3.2751083766619589e-05        -9.2044808554276858e-06         1.3492245093048617e-03        -2.8797266301811659e-04         1.9600032574253008e-04
97                                     9.2079726170837773e-07         5.2468551861268055e-08         3.2449230924253387e-05         1.6494782139926754e-05         2.1018481937917291e-06         4.8723580801914241e-04         7.9176412263279750e-04         6.7346588502950407e-07
98                                    -8.3708094543529681e-08        -1.1401387155221442e-06        -9.4204635298617408e-06         2.2226612105751163e-07         3.0093096496358547e-04         1.9524165556513085e-04        -2.3702949600782350e-05        -5.3393740413600621e-03
                                                        96                          97                          98

0                                      2.9882827394812385e-04         5.9589863674495286e-04         4.1981320430499575e-05
1                                     -6.0239680257189506e-04         7.6432005590418642e-04        -1.8945629572783807e-05
2                                      5.1065053955781723e-05         1.5530569069067079e-06        -9.1989319897125416e-04
3                                      1.1057619091331418e-02         1.9950494398572965e-02         2.4487996406544671e-04
4                                     -1.0462218089931297e-02        -1.6332022535817968e-02        -2.6156351269011468e-04
5                                      3.2565318836756609e-04         6.2198267516810565e-04         8.3205601434976385e-04
6                                      1.1315730539940001e-04        -2.5280679450894556e-03        -1.5324761668486237e-04
7                                     -4.2919731652014828e-03        -5.8686357386579513e-03        -9.7549626310825424e-05
8                                     -1.4655650645059042e-04        -4.5385270937021042e-05         5.4866340668448428e-03
9                                     -9.6517271536833080e-04        -1.8207890166176035e-03        -1.0218983554292132e-05
10                                    -2.5731996482000275e-04         4.0933482865373170e-04        -4.8358343835864511e-06
11                                    -1.8569495695538969e-05        -5.6003544880561066e-05        -2.9624509322759805e-04
12                                     3.1139011340591794e-04         4.1139533446223016e-04         4.6411734410238115e-05
13                                    -5.4814424822968938e-06         1.1809868335427970e-05        -4.0268666096608617e-06
14                                     4.3515746323777361e-05         8.8463123873519427e-06        -1.2147030960074721e-03
15                                    -1.2875035480102657e-04        -9.5727587407426452e-05        -6.5059246192668504e-06
16                                    -1.1483282210980459e-04        -1.1332400617377562e-04        -4.4688000806253887e-06
17                                    -4.8805483297363228e-06        -2.3856333705943006e-06         5.8098483012779640e-05
18                                    -5.6610856878456378e-04         9.5880974164961057e-05         1.0423726378242157e-06
19                                     4.7848388738184837e-05         1.0455996804902402e-04         2.5741487630252336e-07
20                                    -1.2383924723107701e-06         1.5554326195402633e-06        -6.1577509265781170e-04
21                                     1.8966755121600635e-04        -1.5572761416014400e-04         1.0156000108521081e-05
22                                     1.8910697760554781e-04        -1.9972388062345324e-05         5.6740398888671602e-06
23                                     1.0240193628762543e-05        -5.3652226928120806e-06        -1.2851181542337738e-04
24                                    -1.1310060024475520e-04         1.0236529838799670e-04        -3.5706560833560999e-06
25                                    -3.8492137254305520e-05         3.1949347957549359e-05        -8.5229732533225864e-07
26                                    -3.5184917181351230e-06         3.7380567828888840e-06         7.1207928857886868e-06
27                                     3.9919109911234162e-05        -4.3124881274550042e-05         1.5528707732104459e-06
28                                    -6.3907563027333153e-05         5.3334711326701136e-05        -1.9738554829090128e-06
29                                     1.2150349063898135e-06        -1.6815364509514465e-06        -7.2462800017021896e-06
30                                    -1.3353300697720768e-04         1.2832453747864164e-04        -4.6545771463821857e-06
31                                     1.3119320922679769e-04        -9.9887689021562463e-05         3.1339266345232152e-06
32                                    -4.3673027898225871e-06         3.7979154518347644e-06         1.9731412821463067e-05
33                                     5.5097082164335602e-05        -5.5613427213923781e-05         1.6054705871955768e-06
34                                    -1.6613911995259499e-04         1.4473109661022063e-04        -5.1307382326391927e-06
35                                     1.0806170681803290e-06        -9.9084424195668028e-07         5.9755579706264937e-07
36                                     5.0541982368584431e-06        -3.8858108813795064e-06        -3.9327777411113428e-09
37                                     1.1808599792093064e-04        -1.0555171348635334e-04         3.3272472517946224e-06
38                                     7.7402580936382738e-07        -7.0119795994682451e-07         1.0893721968661702e-07
39                                    -5.2929518700593281e-05         4.4045488084265105e-05         3.1826580405726793e-07
40                                    -2.5725284694746065e-05         2.0518831503817971e-05         2.8027758356319495e-07
41                                    -1.7989079276072001e-06         1.4989370448932016e-06         9.6677185585569373e-07
42                                     2.9412824319931469e-05        -2.3985098750801937e-05        -2.0283607574962721e-07
43                                     2.0930117406882723e-05        -1.8139343628911374e-05        -4.1027112955195028e-08
44                                     1.0355962337414419e-06        -7.9397144751225314e-07        -1.5944894775840114e-06
45                                     5.6457848935698586e-05        -4.8544508424308596e-05         2.4779187867114566e-07
46                                    -3.4831262897245456e-05         3.0250869854832102e-05         1.2287283138287026e-08
47                                     1.5758567900892491e-06        -1.3491892735006796e-06         1.4789869525878108e-07
48                                    -3.4625303321145153e-05         2.9990105133577329e-05        -1.5042639664455555e-07
49                                     2.3258143966169295e-05        -2.0171710598485362e-05         4.2101694712010380e-08
50                                    -9.1096845739848715e-07         7.6097844287582311e-07        -4.1088880647963474e-07
51                                    -5.8460883880264030e-05        -3.7498594498836599e-05        -1.8807886758420079e-06
52                                    -1.1754122269256781e-05         1.2218456288724182e-05        -3.4438296909947215e-07
53                                    -2.7657096344889214e-06        -1.2918537831222786e-06         1.9432399679816820e-05
54                                     1.4461284441638004e-05        -1.4849916513033303e-04        -5.1473200742128446e-06
55                                     1.4056899825936229e-03         2.0867976194016046e-04         3.9159324212094375e-05
56                                    -1.2506182943519263e-05        -5.4454275037366340e-06         3.0571807119879064e-04
57                                    -4.4656265599196023e-03        -1.7756885932285870e-03        -4.1399366792966826e-04
58                                    -2.5963940169293790e-03         1.1585734384620492e-03        -5.3384935888346790e-05
59                                    -4.0467907843803658e-04        -3.1688716422080540e-05         9.6614952792738549e-03
60                                    -1.5047842623608008e-02        -4.3517676510019150e-03        -5.3991214338123964e-04
61                                     2.7104250450837412e-02         7.9049345384345909e-03         7.7602523381772751e-04
62                                    -6.1328361662445121e-04        -1.3785900978572697e-04         3.5925864981934163e-03
63                                    -1.5865975383457992e-01         1.3310660928860157e-01        -3.8900212298833142e-03
64                                     1.3288579304089027e-01        -2.3815052584456070e-01         4.4026965811498047e-03
65                                    -3.8948093467444391e-03         4.4250433959860764e-03        -3.6822916253471290e-02
66                                     1.2950535974341933e-04         5.3479657861964388e-05         8.6500794717952235e-06
67                                     2.0819841394360193e-04         2.6781960022629128e-04         4.4958813572262574e-06
68                                     7.4478740268672888e-06         1.6223215357060354e-06        -1.5409260155055737e-04
69                                     8.8958309665442036e-05        -3.9219322183397213e-04        -1.8888020043818525e-04
70                                    -5.6699940219341518e-05        -9.5694326845267223e-05         1.9439793298474021e-04
71                                     1.4576552064185684e-05        -2.1637612872383390e-04        -2.2866878082470314e-04
72                                     7.7879159151532818e-05        -4.0746785959715502e-04         2.1155494246054437e-04
73                                    -4.6212237778602374e-05        -9.9739568776208479e-05        -1.9522032652155222e-04
74                                     2.7130131462183796e-06         1.9485641361267057e-04        -2.1878020297765965e-04
75                                    -2.2157845028612593e-05        -4.2444113551867089e-05        -1.6777122608326013e-06
76                                     6.6776543794405934e-05         4.4670463174070621e-05         1.7357082067668779e-06
77                                    -1.7784950105834180e-06        -1.2258601260636117e-06         3.7332965720486239e-05
78                                     6.4958716647508206e-07         2.8779174603390818e-05        -4.4273071343044421e-06
79                                     1.8383384970979753e-05        -2.0272097910840675e-06         1.5139637140999648e-06
80                                    -4.1981249969836154e-06         1.3805371362518252e-06         1.3102254245454570e-04
81                                     4.9014439946703066e-06        -5.8052979239779981e-06         1.6617851517287422e-07
82                                     7.2848003460933611e-06        -1.8047456689887931e-06         5.3699140366927922e-07
83                                     7.1436385669296661e-07        -4.9797506642962179e-07         7.1148277572021070e-07
84                                    -5.1629834809496626e-06         2.7562867666431181e-06         3.4335747951703356e-08
85                                     1.1495555880572893e-06         1.7671358647732200e-07         1.2661982815829957e-07
86                                    -1.6108657358379578e-07         1.1503086347130226e-07         7.7947163708498264e-07
87                                    -1.7614026078313226e-06        -3.7449867624350782e-07        -3.3088749255216429e-07
88                                     1.4165812762662576e-06         9.2079726170837773e-07        -8.3708094543529681e-08
89                                    -1.1765541341790371e-07         5.2468551861268055e-08        -1.1401387155221442e-06
90                                    -4.7066648520123033e-06         3.2449230924253387e-05        -9.4204635298617408e-06
91                                    -3.2751083766619589e-05         1.6494782139926754e-05         2.2226612105751163e-07
92                                    -9.2044808554276858e-06         2.1018481937917291e-06         3.0093096496358547e-04
93                                     1.3492245093048617e-03         4.8723580801914241e-04         1.9524165556513085e-04
94                                    -2.8797266301811659e-04         7.9176412263279750e-04        -2.3702949600782350e-05
95                                     1.9600032574253008e-04         6.7346588502950407e-07        -5.3393740413600621e-03
96                                     1.6643750981381786e-01        -1.4313338160236244e-01         4.4690703204189868e-03
97                                    -1.4313338160236244e-01         2.4895043456874733e-01        -4.7610253855179478e-03
98                                     4.4690703204189868e-03        -4.7610253855179478e-03         2.5493880364093273e-02
   &MODES [&Type "ArrayOfDoubles", &Dim (99,99)] "The modes of vibrations"
                                                         0                           1                           2                           3                           4                           5                           6                           7

0                                      0.0000000000000000e+00         0.0000000000000000e+00         0.0000000000000000e+00         0.0000000000000000e+00         0.0000000000000000e+00         0.0000000000000000e+00         1.7664099723921432e-04         1.5572579211430330e-03
1                                      0.0000000000000000e+00         0.0000000000000000e+00         0.0000000000000000e+00         0.0000000000000000e+00         0.0000000000000000e+00         0.0000000000000000e+00         4.3829562532663060e-04         3.6605806692959660e-03
2                                      0.0000000000000000e+00         0.0000000000000000e+00         0.0000000000000000e+00         0.0000000000000000e+00         0.0000000000000000e+00         0.0000000000000000e+00        -1.1404725392574696e-02        -7.9816694985676367e-02
3                                      0.0000000000000000e+00         0.0000000000000000e+00         0.0000000000000000e+00         0.0000000000000000e+00         0.0000000000000000e+00         0.0000000000000000e+00         4.5664252114546689e-04         5.0374672483185189e-04
4                                      0.0000000000000000e+00         0.0000000000000000e+00         0.0000000000000000e+00         0.0000000000000000e+00         0.0000000000000000e+00         0.0000000000000000e+00         3.6504742889354353e-04         2.4287488778320862e-03
5                                      0.0000000000000000e+00         0.0000000000000000e+00         0.0000000000000000e+00         0.0000000000000000e+00         0.0000000000000000e+00         0.0000000000000000e+00        -2.0780341608976228e-02        -3.9081757747419739e-02
6                                      0.0000000000000000e+00         0.0000000000000000e+00         0.0000000000000000e+00         0.0000000000000000e+00         0.0000000000000000e+00         0.0000000000000000e+00        -1.6079743313249871e-03        -5.6454950334634119e-04
7                                      0.0000000000000000e+00         0.0000000000000000e+00         0.0000000000000000e+00         0.0000000000000000e+00         0.0000000000000000e+00         0.0000000000000000e+00         4.9175218058442396e-04         1.8157015458214435e-03
8                                      0.0000000000000000e+00         0.0000000000000000e+00         0.0000000000000000e+00         0.0000000000000000e+00         0.0000000000000000e+00         0.0000000000000000e+00         4.7131540257785653e-02        -3.3747333177382224e-02
9                                      0.0000000000000000e+00         0.0000000000000000e+00         0.0000000000000000e+00         0.0000000000000000e+00         0.0000000000000000e+00         0.0000000000000000e+00        -1.4487447789648122e-03        -1.3479079210863972e-03
10                                     0.0000000000000000e+00         0.0000000000000000e+00         0.0000000000000000e+00         0.0000000000000000e+00         0.0000000000000000e+00         0.0000000000000000e+00         3.7246097918422721e-04         7.5160588039150603e-04
11                                     0.0000000000000000e+00         0.0000000000000000e+00         0.0000000000000000e+00         0.0000000000000000e+00         0.0000000000000000e+00         0.0000000000000000e+00         4.1580566469850415e-02        -3.3803640706252056e-03
12                                     0.0000000000000000e+00         0.0000000000000000e+00         0.0000000000000000e+00         0.0000000000000000e+00         0.0000000000000000e+00         0.0000000000000000e+00        -3.6739469342383251e-03        -2.3051344932626724e-03
13                                     0.0000000000000000e+00         0.0000000000000000e+00         0.0000000000000000e+00         0.0000000000000000e+00         0.0000000000000000e+00         0.0000000000000000e+00         4.5629391354356895e-04         1.5110221967256718e-04
14                                     0.0000000000000000e+00         0.0000000000000000e+00         0.0000000000000000e+00         0.0000000000000000e+00         0.0000000000000000e+00         0.0000000000000000e+00         1.1110768139052526e-01        -3.9715709441686694e-04
15                                     0.0000000000000000e+00         0.0000000000000000e+00         0.0000000000000000e+00         0.0000000000000000e+00         0.0000000000000000e+00         0.0000000000000000e+00        -3.5935994501913298e-03        -2.7808760641879720e-03
16                                     0.0000000000000000e+00         0.0000000000000000e+00         0.0000000000000000e+00         0.0000000000000000e+00         0.0000000000000000e+00         0.0000000000000000e+00         4.5504250726869966e-04        -9.1022425728464374e-04
17                                     0.0000000000000000e+00         0.0000000000000000e+00         0.0000000000000000e+00         0.0000000000000000e+00         0.0000000000000000e+00         0.0000000000000000e+00         1.0785926386148796e-01         1.8417320071085444e-02
18                                     0.0000000000000000e+00         0.0000000000000000e+00         0.0000000000000000e+00         0.0000000000000000e+00         0.0000000000000000e+00         0.0000000000000000e+00        -1.2961127639459862e-03        -2.3805506462013632e-03
19                                     0.0000000000000000e+00         0.0000000000000000e+00         0.0000000000000000e+00         0.0000000000000000e+00         0.0000000000000000e+00         0.0000000000000000e+00         2.2929043898758502e-04        -1.3751608146513317e-03
20                                     0.0000000000000000e+00         0.0000000000000000e+00         0.0000000000000000e+00         0.0000000000000000e+00         0.0000000000000000e+00         0.0000000000000000e+00         3.5639657639197936e-02         3.5849047262460680e-02
21                                     0.0000000000000000e+00         0.0000000000000000e+00         0.0000000000000000e+00         0.0000000000000000e+00         0.0000000000000000e+00         0.0000000000000000e+00        -1.2646684371992055e-03        -2.2367645154149265e-03
22                                     0.0000000000000000e+00         0.0000000000000000e+00         0.0000000000000000e+00         0.0000000000000000e+00         0.0000000000000000e+00         0.0000000000000000e+00        -1.5944108592104783e-04        -1.7362351858037142e-03
23                                     0.0000000000000000e+00         0.0000000000000000e+00         0.0000000000000000e+00         0.0000000000000000e+00         0.0000000000000000e+00         0.0000000000000000e+00         3.5683766549021202e-02         3.1672421338847678e-02
24                                     0.0000000000000000e+00         0.0000000000000000e+00         0.0000000000000000e+00         0.0000000000000000e+00         0.0000000000000000e+00         0.0000000000000000e+00        -1.6369725577485383e-03        -1.9620376961218462e-03
25                                     0.0000000000000000e+00         0.0000000000000000e+00         0.0000000000000000e+00         0.0000000000000000e+00         0.0000000000000000e+00         0.0000000000000000e+00        -4.6645744357035144e-04        -1.4264054374982958e-03
26                                     0.0000000000000000e+00         0.0000000000000000e+00         0.0000000000000000e+00         0.0000000000000000e+00         0.0000000000000000e+00         0.0000000000000000e+00         5.2017703693137796e-02         1.5917644257898992e-02
27                                     0.0000000000000000e+00         0.0000000000000000e+00         0.0000000000000000e+00         0.0000000000000000e+00         0.0000000000000000e+00         0.0000000000000000e+00        -1.5008477320434686e-03        -1.0520303245459828e-03
28                                     0.0000000000000000e+00         0.0000000000000000e+00         0.0000000000000000e+00         0.0000000000000000e+00         0.0000000000000000e+00         0.0000000000000000e+00        -6.0136190631240069e-04        -9.5732229275050931e-04
29                                     0.0000000000000000e+00         0.0000000000000000e+00         0.0000000000000000e+00         0.0000000000000000e+00         0.0000000000000000e+00         0.0000000000000000e+00         4.5093447307584439e-02        -9.4930453860819618e-03
30                                     0.0000000000000000e+00         0.0000000000000000e+00         0.0000000000000000e+00         0.0000000000000000e+00         0.0000000000000000e+00         0.0000000000000000e+00        -1.0886676124424552e-03        -8.7483147993436532e-04
31                                     0.0000000000000000e+00         0.0000000000000000e+00         0.0000000000000000e+00         0.0000000000000000e+00         0.0000000000000000e+00         0.0000000000000000e+00        -4.5192650887169723e-04        -1.0068706860013881e-03
32                                     0.0000000000000000e+00         0.0000000000000000e+00         0.0000000000000000e+00         0.0000000000000000e+00         0.0000000000000000e+00         0.0000000000000000e+00         2.4818800733331842e-02        -4.6493776087682421e-03
33                                     0.0000000000000000e+00         0.0000000000000000e+00         0.0000000000000000e+00         0.0000000000000000e+00         0.0000000000000000e+00         0.0000000000000000e+00        -4.2573719132905951e-04         9.1552949586240755e-04
34                                     0.0000000000000000e+00         0.0000000000000000e+00         0.0000000000000000e+00         0.0000000000000000e+00         0.0000000000000000e+00         0.0000000000000000e+00        -3.3331200789849023e-04        -2.0854238564455951e-05
35                                     0.0000000000000000e+00         0.0000000000000000e+00         0.0000000000000000e+00         0.0000000000000000e+00         0.0000000000000000e+00         0.0000000000000000e+00         4.8770470321566383e-03        -3.4078289081063896e-02
36                                     0.0000000000000000e+00         0.0000000000000000e+00         0.0000000000000000e+00         0.0000000000000000e+00         0.0000000000000000e+00         0.0000000000000000e+00         9.4172299306025261e-04         2.1411741634050738e-03
37                                     0.0000000000000000e+00         0.0000000000000000e+00         0.0000000000000000e+00         0.0000000000000000e+00         0.0000000000000000e+00         0.0000000000000000e+00        -2.5885014034237902e-04        -2.9860860927445143e-04
38                                     0.0000000000000000e+00         0.0000000000000000e+00         0.0000000000000000e+00         0.0000000000000000e+00         0.0000000000000000e+00         0.0000000000000000e+00        -2.4352677955473540e-02        -1.1671974708350913e-02
39                                     0.0000000000000000e+00         0.0000000000000000e+00         0.0000000000000000e+00         0.0000000000000000e+00         0.0000000000000000e+00         0.0000000000000000e+00         1.7257388652096672e-03         4.9269916897517227e-04
40                                     0.0000000000000000e+00         0.0000000000000000e+00         0.0000000000000000e+00         0.0000000000000000e+00         0.0000000000000000e+00         0.0000000000000000e+00        -7.8661580435614219e-04        -2.8451593912555695e-03
41                                     0.0000000000000000e+00         0.0000000000000000e+00         0.0000000000000000e+00         0.0000000000000000e+00         0.0000000000000000e+00         0.0000000000000000e+00        -3.9545032693179757e-02         7.9638384208508328e-02
42                                     0.0000000000000000e+00         0.0000000000000000e+00         0.0000000000000000e+00         0.0000000000000000e+00         0.0000000000000000e+00         0.0000000000000000e+00         2.4660541491812404e-03        -7.3537802249068951e-04
43                                     0.0000000000000000e+00         0.0000000000000000e+00         0.0000000000000000e+00         0.0000000000000000e+00         0.0000000000000000e+00         0.0000000000000000e+00        -1.3162023327549970e-03        -5.3482016853756958e-03
44                                     0.0000000000000000e+00         0.0000000000000000e+00         0.0000000000000000e+00         0.0000000000000000e+00         0.0000000000000000e+00         0.0000000000000000e+00        -5.2871229610059599e-02         1.6087402105501991e-01
45                                     0.0000000000000000e+00         0.0000000000000000e+00         0.0000000000000000e+00         0.0000000000000000e+00         0.0000000000000000e+00         0.0000000000000000e+00         1.9566309896229621e-03         5.5383702435790917e-03
46                                     0.0000000000000000e+00         0.0000000000000000e+00         0.0000000000000000e+00         0.0000000000000000e+00         0.0000000000000000e+00         0.0000000000000000e+00         4.1033732409016501e-04         1.8414032096470013e-03
47                                     0.0000000000000000e+00         0.0000000000000000e+00         0.0000000000000000e+00         0.0000000000000000e+00         0.0000000000000000e+00         0.0000000000000000e+00        -4.2597910176619673e-02        -7.5804277298395922e-02
48                                     0.0000000000000000e+00         0.0000000000000000e+00         0.0000000000000000e+00         0.0000000000000000e+00         0.0000000000000000e+00         0.0000000000000000e+00         2.8719578432487135e-03         8.5241697972095604e-03
49                                     0.0000000000000000e+00         0.0000000000000000e+00         0.0000000000000000e+00         0.0000000000000000e+00         0.0000000000000000e+00         0.0000000000000000e+00         1.0775849722385082e-03         3.7620021792924558e-03
50                                     0.0000000000000000e+00         0.0000000000000000e+00         0.0000000000000000e+00         0.0000000000000000e+00         0.0000000000000000e+00         0.0000000000000000e+00        -5.7728208602828346e-02        -1.3205675841706524e-01
51                                     0.0000000000000000e+00         0.0000000000000000e+00         0.0000000000000000e+00         0.0000000000000000e+00         0.0000000000000000e+00         0.0000000000000000e+00        -9.8540765567031274e-04        -1.7430130628304169e-03
52                                     0.0000000000000000e+00         0.0000000000000000e+00         0.0000000000000000e+00         0.0000000000000000e+00         0.0000000000000000e+00         0.0000000000000000e+00        -2.3758781011533748e-04        -1.5961681509196963e-03
53                                     0.0000000000000000e+00         0.0000000000000000e+00         0.0000000000000000e+00         0.0000000000000000e+00         0.0000000000000000e+00         0.0000000000000000e+00         1.9907884460374590e-02         2.3298603344984389e-02
54                                     0.0000000000000000e+00         0.0000000000000000e+00         0.0000000000000000e+00         0.0000000000000000e+00         0.0000000000000000e+00         0.0000000000000000e+00         9.5608552917104245e-04        -1.7256958860716490e-03
55                                     0.0000000000000000e+00         0.0000000000000000e+00         0.0000000000000000e+00         0.0000000000000000e+00         0.0000000000000000e+00         0.0000000000000000e+00         1.1609953638045934e-04        -8.0876781036905621e-04
56                                     0.0000000000000000e+00         0.0000000000000000e+00         0.0000000000000000e+00         0.0000000000000000e+00         0.0000000000000000e+00         0.0000000000000000e+00        -3.4137255978541621e-02         4.1705512123344966e-02
57                                     0.0000000000000000e+00         0.0000000000000000e+00         0.0000000000000000e+00         0.0000000000000000e+00         0.0000000000000000e+00         0.0000000000000000e+00         8.9544306762337196e-04        -1.1369979877843231e-03
58                                     0.0000000000000000e+00         0.0000000000000000e+00         0.0000000000000000e+00         0.0000000000000000e+00         0.0000000000000000e+00         0.0000000000000000e+00         1.2154185510023864e-04         2.9472771667632294e-04
59                                     0.0000000000000000e+00         0.0000000000000000e+00         0.0000000000000000e+00         0.0000000000000000e+00         0.0000000000000000e+00         0.0000000000000000e+00        -3.3080848973479245e-02         2.2414785608179517e-02
60                                     0.0000000000000000e+00         0.0000000000000000e+00         0.0000000000000000e+00         0.0000000000000000e+00         0.0000000000000000e+00         0.0000000000000000e+00         3.1136266842785466e-03        -8.4884968043571785e-05
61                                     0.0000000000000000e+00         0.0000000000000000e+00         0.0000000000000000e+00         0.0000000000000000e+00         0.0000000000000000e+00         0.0000000000000000e+00        -3.3205066022036252e-05         1.0025900492697283e-03
62                                     0.0000000000000000e+00         0.0000000000000000e+00         0.0000000000000000e+00         0.0000000000000000e+00         0.0000000000000000e+00         0.0000000000000000e+00        -1.0637810971725585e-01         2.0896401165765639e-02
63                                     0.0000000000000000e+00         0.0000000000000000e+00         0.0000000000000000e+00         0.0000000000000000e+00         0.0000000000000000e+00         0.0000000000000000e+00         2.9273888746706371e-03         7.0018142341208634e-04
64                                     0.0000000000000000e+00         0.0000000000000000e+00         0.0000000000000000e+00         0.0000000000000000e+00         0.0000000000000000e+00         0.0000000000000000e+00         9.6023450244263786e-05         2.0540915356504316e-03
65                                     0.0000000000000000e+00         0.0000000000000000e+00         0.0000000000000000e+00         0.0000000000000000e+00         0.0000000000000000e+00         0.0000000000000000e+00        -1.0091109647900626e-01        -9.5059179852354288e-03
66                                     0.0000000000000000e+00         0.0000000000000000e+00         0.0000000000000000e+00         0.0000000000000000e+00         0.0000000000000000e+00         0.0000000000000000e+00        -1.2786413754320779e-03         8.3150322770620864e-04
67                                     0.0000000000000000e+00         0.0000000000000000e+00         0.0000000000000000e+00         0.0000000000000000e+00         0.0000000000000000e+00         0.0000000000000000e+00         5.8731608633271783e-04         3.9035113843564808e-03
68                                     0.0000000000000000e+00         0.0000000000000000e+00         0.0000000000000000e+00         0.0000000000000000e+00         0.0000000000000000e+00         0.0000000000000000e+00         3.8241050428548494e-02        -9.0179941132512001e-02
69                                     0.0000000000000000e+00         0.0000000000000000e+00         0.0000000000000000e+00         0.0000000000000000e+00         0.0000000000000000e+00         0.0000000000000000e+00        -1.1115166955345608e-03         2.6727664089841834e-02
70                                     0.0000000000000000e+00         0.0000000000000000e+00         0.0000000000000000e+00         0.0000000000000000e+00         0.0000000000000000e+00         0.0000000000000000e+00        -4.0022521163093627e-02         5.8672445858495301e-03
71                                     0.0000000000000000e+00         0.0000000000000000e+00         0.0000000000000000e+00         0.0000000000000000e+00         0.0000000000000000e+00         0.0000000000000000e+00        -3.2384563540198530e-02        -9.0358291944428890e-02
72                                     0.0000000000000000e+00         0.0000000000000000e+00         0.0000000000000000e+00         0.0000000000000000e+00         0.0000000000000000e+00         0.0000000000000000e+00         2.6211368326862156e-03        -2.2002006057929954e-02
73                                     0.0000000000000000e+00         0.0000000000000000e+00         0.0000000000000000e+00         0.0000000000000000e+00         0.0000000000000000e+00         0.0000000000000000e+00         4.0734037830100787e-02         2.2805982402378396e-03
74                                     0.0000000000000000e+00         0.0000000000000000e+00         0.0000000000000000e+00         0.0000000000000000e+00         0.0000000000000000e+00         0.0000000000000000e+00        -3.2518124401846725e-02        -9.1778835097356098e-02
75                                     0.0000000000000000e+00         0.0000000000000000e+00         0.0000000000000000e+00         0.0000000000000000e+00         0.0000000000000000e+00         0.0000000000000000e+00        -5.4449655577395190e-03        -2.5542886400130040e-03
76                                     0.0000000000000000e+00         0.0000000000000000e+00         0.0000000000000000e+00         0.0000000000000000e+00         0.0000000000000000e+00         0.0000000000000000e+00         6.3017496469530525e-04         5.0005031676390312e-04
77                                     0.0000000000000000e+00         0.0000000000000000e+00         0.0000000000000000e+00         0.0000000000000000e+00         0.0000000000000000e+00         0.0000000000000000e+00         1.6752327101170184e-01        -1.6667212614323832e-02
78                                     0.0000000000000000e+00         0.0000000000000000e+00         0.0000000000000000e+00         0.0000000000000000e+00         0.0000000000000000e+00         0.0000000000000000e+00        -5.2077745762907938e-03        -3.4818701011610953e-03
79                                     0.0000000000000000e+00         0.0000000000000000e+00         0.0000000000000000e+00         0.0000000000000000e+00         0.0000000000000000e+00         0.0000000000000000e+00         6.5430763369764494e-04        -1.4237981627807034e-03
80                                     0.0000000000000000e+00         0.0000000000000000e+00         0.0000000000000000e+00         0.0000000000000000e+00         0.0000000000000000e+00         0.0000000000000000e+00         1.6237127130076093e-01         1.6606483352362259e-02
81                                     0.0000000000000000e+00         0.0000000000000000e+00         0.0000000000000000e+00         0.0000000000000000e+00         0.0000000000000000e+00         0.0000000000000000e+00        -2.5825236280777025e-03        -2.0758974795980615e-03
82                                     0.0000000000000000e+00         0.0000000000000000e+00         0.0000000000000000e+00         0.0000000000000000e+00         0.0000000000000000e+00         0.0000000000000000e+00        -6.9363341058706774e-04        -1.4589502708288451e-03
83                                     0.0000000000000000e+00         0.0000000000000000e+00         0.0000000000000000e+00         0.0000000000000000e+00         0.0000000000000000e+00         0.0000000000000000e+00         7.1849836015640170e-02         1.6612998057020906e-02
84                                     0.0000000000000000e+00         0.0000000000000000e+00         0.0000000000000000e+00         0.0000000000000000e+00         0.0000000000000000e+00         0.0000000000000000e+00        -1.7117266768472252e-03        -4.5152974947312987e-04
85                                     0.0000000000000000e+00         0.0000000000000000e+00         0.0000000000000000e+00         0.0000000000000000e+00         0.0000000000000000e+00         0.0000000000000000e+00        -8.5242943252064553e-04        -6.4584352819475714e-04
86                                     0.0000000000000000e+00         0.0000000000000000e+00         0.0000000000000000e+00         0.0000000000000000e+00         0.0000000000000000e+00         0.0000000000000000e+00         5.4696877286729464e-02        -3.0668712744533599e-02
87                                     0.0000000000000000e+00         0.0000000000000000e+00         0.0000000000000000e+00         0.0000000000000000e+00         0.0000000000000000e+00         0.0000000000000000e+00        -7.1860037676757201e-04         2.0407755476982061e-03
88                                     0.0000000000000000e+00         0.0000000000000000e+00         0.0000000000000000e+00         0.0000000000000000e+00         0.0000000000000000e+00         0.0000000000000000e+00        -1.7423133808822062e-04         1.5072175648545480e-03
89                                     0.0000000000000000e+00         0.0000000000000000e+00         0.0000000000000000e+00         0.0000000000000000e+00         0.0000000000000000e+00         0.0000000000000000e+00         1.2080548870260614e-02        -8.4366542875058764e-02
90                                     0.0000000000000000e+00         0.0000000000000000e+00         0.0000000000000000e+00         0.0000000000000000e+00         0.0000000000000000e+00         0.0000000000000000e+00         2.8372814292599276e-03        -1.4498396045791629e-03
91                                     0.0000000000000000e+00         0.0000000000000000e+00         0.0000000000000000e+00         0.0000000000000000e+00         0.0000000000000000e+00         0.0000000000000000e+00        -5.5603374878322947e-05        -1.1373973655189891e-03
92                                     0.0000000000000000e+00         0.0000000000000000e+00         0.0000000000000000e+00         0.0000000000000000e+00         0.0000000000000000e+00         0.0000000000000000e+00        -9.5910356133588018e-02         5.6634461488596410e-02
93                                     0.0000000000000000e+00         0.0000000000000000e+00         0.0000000000000000e+00         0.0000000000000000e+00         0.0000000000000000e+00         0.0000000000000000e+00         4.9099805151654437e-03         1.4540923175197464e-04
94                                     0.0000000000000000e+00         0.0000000000000000e+00         0.0000000000000000e+00         0.0000000000000000e+00         0.0000000000000000e+00         0.0000000000000000e+00        -2.0767990878480387e-04         6.5795434876199333e-04
95                                     0.0000000000000000e+00         0.0000000000000000e+00         0.0000000000000000e+00         0.0000000000000000e+00         0.0000000000000000e+00         0.0000000000000000e+00        -1.6599155082872652e-01         4.2056634711914072e-02
96                                     0.0000000000000000e+00         0.0000000000000000e+00         0.0000000000000000e+00         0.0000000000000000e+00         0.0000000000000000e+00         0.0000000000000000e+00         4.6139333866145466e-03         1.5041716743680340e-03
97                                     0.0000000000000000e+00         0.0000000000000000e+00         0.0000000000000000e+00         0.0000000000000000e+00         0.0000000000000000e+00         0.0000000000000000e+00         1.9993171253537931e-05         2.5712088194155087e-03
98                                     0.0000000000000000e+00         0.0000000000000000e+00         0.0000000000000000e+00         0.0000000000000000e+00         0.0000000000000000e+00         0.0000000000000000e+00        -1.5604061569516428e-01        -1.2886812007329513e-02
                                                         8                           9                          10                          11                          12                          13                          14                          15

0                                     -1.7942001266474071e-02         3.3226042641861654e-03        -2.2846667073444764e-04        -1.6382093775006959e-04         5.9124009555891746e-03        -3.0267924663615743e-03         1.3011233312204429e-02         3.1927864554021548e-03
1                                      7.5813591622986676e-02         9.6815866375788123e-04        -7.4643424990703683e-04         9.1782342113972890e-04         7.6076702293020604e-02         2.7589629259314934e-04        -1.2515167206749011e-02         3.0978077943326892e-03
2                                      5.5951917442713609e-03        -1.2557274893088036e-01         5.5899660003460409e-03         1.0604791741187733e-02         3.2763957126549391e-04         1.0121321854180347e-01         2.4453119599270098e-03         1.4215194943382478e-03
3                                     -1.5187966675172870e-02         5.7032840008427381e-04        -1.0268165465994652e-03         1.3558613602717516e-04         1.0769479152507314e-02         4.6489404445668089e-04         1.2003663417669558e-02         3.0617697735800808e-03
4                                      5.0143587652113485e-02         8.2056137569303704e-04         4.0072195327456756e-04         3.5094912299590570e-04         2.6850137344833710e-02         9.2723034818530844e-05        -5.2531664100004599e-03         2.7204504139305229e-04
5                                      2.0819342588815353e-03        -3.0084333176066461e-02         2.8572671087393510e-02         2.0397395547044222e-03         3.8523842997683976e-04        -1.8889364887029070e-02        -2.9684166836373811e-04         1.0667773948016218e-02
6                                     -3.2895200035302330e-02        -5.6418033474000076e-04        -5.2245970006275318e-04         5.7466570835645098e-05        -1.8723807903099996e-02         1.2927201488951068e-03         1.4786892394501754e-02         4.4714454807378594e-03
7                                      3.7967410312360630e-02         6.6627453193738196e-04         5.3866215580977640e-04         6.8898179854588664e-05         5.8159528475106035e-03        -5.2741094205656319e-05        -2.9794158125667249e-03        -1.1581885227521054e-03
8                                      2.0362082872345510e-04        -2.6546021708224437e-03         1.7377801430740827e-02        -7.5486819713407229e-03         2.6935059489035746e-05        -4.9963299933024209e-02        -7.1057558396572307e-04        -9.3302661285254662e-02
9                                     -3.0660356314950420e-02        -1.9096128188833311e-03         1.6422781442971954e-04         2.0988029699335579e-04        -1.4393742058039651e-02         1.4726808161083964e-03         1.3619131095171270e-02         4.1505507603392007e-03
10                                     1.6037613345805252e-02         3.1393339529277271e-04         5.8052093307894891e-04        -3.6157483502740278e-04        -2.9117396930738424e-02        -1.4960553732650848e-04         6.0037181956553549e-04        -2.7324659317489717e-03
11                                    -1.7667971706321595e-03         4.4241924335787372e-02        -8.1868001790011587e-03        -1.1383618415670498e-02        -9.9160386826726473e-05        -5.6088619920351739e-02        -6.7205116603932910e-04        -7.9104382275750770e-02
12                                    -4.7307406415487384e-02        -2.6915686798011113e-03         5.1750353409957641e-04         6.8952344063215567e-05        -3.1783364216334944e-02         1.8853650014636347e-03         1.2640807209461096e-02         4.4132487366629528e-04
13                                     4.3189710960833318e-03         9.9417999629224232e-05         5.1614112478436439e-04        -5.2486755535777164e-04        -4.3103807739511099e-02        -1.8705827359300295e-04         5.8348911759059814e-04        -3.0003318607497473e-03
14                                    -3.1450162373158406e-03         5.8914843333380776e-02        -2.2366685912481778e-02        -1.2912783494413667e-02        -7.5675120316362639e-04        -6.9331593189875917e-02        -1.1599523735205963e-03         2.6472706155797571e-02
15                                    -4.5489370280376945e-02        -2.7207640465164913e-03         7.8243461707454515e-04        -3.4420004952650024e-05        -2.7553845096813374e-02        -2.9935974439305145e-04         1.1265776398654019e-02        -1.9518217869042239e-03
16                                    -1.6418671526645282e-02        -3.3641258428810555e-04         4.5074129926212463e-04        -8.2443476513851426e-04        -6.7195064019709969e-02        -9.1006276227553244e-05         2.1756059410310961e-03        -2.9061559488197703e-03
17                                    -3.9605443974775984e-03         6.1353714020461733e-02        -3.2242881119007978e-02        -7.9591884207928839e-03        -8.2044750787308167e-04         2.9471541763895614e-03         3.9506390703065270e-04         1.0645916899222826e-01
18                                    -2.7004855997455907e-02        -2.1542900332185387e-03         6.4606756859679146e-04         5.8462988371677400e-05        -8.7478926469272029e-03        -2.7300311692828151e-03         7.9358306032123738e-03         4.1150496808391857e-04
19                                    -2.6524998282029560e-02        -5.6057327355685379e-04         4.4739299915211176e-04        -9.2208446101687809e-04        -7.6570817015326295e-02         7.5664148266653430e-05         3.7281581765300294e-03        -2.8306455934641174e-03
20                                    -3.6537687560479733e-03         5.4047841397916067e-02        -2.6559977581316067e-02        -3.7106575851790532e-03         1.4505889774468606e-04         8.3456174202609132e-02         2.3701326401523630e-03         1.0881879326603087e-02
21                                    -2.6437066792126439e-02        -6.8153347319026693e-04         1.6483578867720916e-04         2.9939373829595550e-05        -1.0569695608748288e-02        -2.8828918182225998e-03         5.8589637150268546e-03        -1.1291663610384409e-03
22                                    -3.5578335414896044e-02        -5.4658730967453457e-04         4.3991490830432612e-05        -4.4739695588042882e-04        -5.4799172290986256e-02         3.6472064462588958e-04        -6.4989013340154521e-03         1.3838436420913836e-05
23                                    -2.7769773621932740e-03         7.8312715997078848e-03        -1.0557631614595261e-02        -4.5362959442513092e-03         2.6913198943604203e-04         8.8716268197812018e-02         2.1195793940811496e-03         2.8781689822127747e-02
24                                    -3.1802271565473550e-02         1.4514345724892766e-03        -5.9612032794719740e-04         3.5935722629585102e-03        -4.4513568634098749e-02        -7.3853883752483091e-04         2.2691389169908940e-02        -2.4519334699116321e-03
25                                    -3.1220352339410021e-02        -1.0718151271037645e-04        -3.3293632131198254e-04         6.7347402979662607e-04        -2.5101722552599959e-02         8.8928744123079376e-04        -2.0574152475457037e-02         1.8026389653650584e-03
26                                    -1.4216632359871654e-03        -5.7351404266397635e-02         1.8660906779714263e-02        -1.2275461503572943e-01         2.6392409822238250e-04         2.1392058700351331e-02         1.7228732765649283e-03         1.1497838490368249e-02
27                                    -3.0099553009105402e-02         2.4131552187833354e-03        -1.1610481800346788e-03         1.3920087884155613e-03        -2.6831622627642070e-02         1.8449004180221495e-03         1.2688996227531777e-02        -1.0123044996303517e-03
28                                    -2.4155691358507512e-02         1.7309611586254970e-05        -6.3795735859151919e-04         5.1454615906439604e-04         1.8173507670351637e-02         1.4340311910540815e-03        -4.2599684675756401e-02         3.9011535242329393e-03
29                                     1.7377828073527653e-04        -8.7775980663365741e-02         3.2608202254287587e-02        -5.1190448967560476e-02        -4.0050049296136604e-04        -5.5817488709290666e-02        -1.0736272235499331e-03        -8.3567507153253315e-03
30                                    -2.2267741185798322e-02         9.9865615795404080e-04        -7.4556841450692005e-04        -2.7988745431378635e-03         1.7528107013413365e-02         9.0910536250087156e-04        -1.3162656078149844e-02        -3.9041942466510038e-07
31                                    -2.4882455187636415e-02        -2.5660020426300240e-04        -4.8879622206758817e-04        -4.0277538718638085e-04         1.4083896633456361e-02         1.1949662396674836e-03        -3.9296567421227585e-02         3.6098550255270452e-03
32                                    -3.0102649534420134e-04        -4.3806947805705231e-02         1.2466581432944124e-02         9.0891621114646937e-02        -5.3457451610951267e-04        -2.2657135672833575e-02        -1.9365421453912575e-03         3.2485441277348690e-03
33                                    -2.7154272456977372e-03         1.1129630771710638e-03        -7.1609688473871561e-04        -3.0931190879089220e-03         3.7075037796323977e-02         2.3425992931184044e-03        -3.0922312838888882e-02        -1.7545353624237180e-03
34                                    -5.7591428351563053e-03        -2.1544586995581366e-05        -4.2585747914382946e-04        -3.7932998743374808e-04         3.3881850128012821e-02         1.3166404898474634e-03        -5.0782330281016870e-02         2.1228983078455058e-03
35                                     1.8177122854555012e-03        -3.8084276117928910e-02         1.3786553306387615e-02         1.0168743458404080e-01        -9.4615134621678403e-05        -6.6662526915856474e-02        -3.1820318653254546e-03        -2.5742261923629387e-02
36                                     4.0915005588689615e-02         1.2039336887526961e-03         4.1625133154776609e-05        -1.8350647711843967e-03         2.5404900329895432e-02         1.6379764726975833e-03        -4.1577849791285731e-02        -5.8755337793348602e-03
37                                    -1.0743332205196996e-02        -2.1539316191804318e-04        -4.4369584712654353e-04        -2.2592201177815970e-04         3.5733938702955367e-02         1.2115775423422982e-03        -5.0200366085717957e-02         2.6081530183670251e-03
38                                     2.0131218773438609e-03        -1.6287762810620054e-02         5.1102902530817647e-03         5.9583299720669905e-02         2.4408591919134381e-04        -4.1219243938526752e-02        -2.0083168716251995e-03        -2.7862135414308476e-02
39                                     6.3807133039498184e-02         2.2686386197808459e-03         2.5256653463889606e-04        -3.1203911033554605e-04         3.7448791094977355e-03         1.4249136547574667e-03        -5.8833800397151637e-02        -5.1653620396733945e-03
40                                    -5.2790714948629476e-02        -9.3804837655717772e-04        -9.9984324191554493e-04         4.0990580063618470e-04         7.7139109058427385e-02        -9.1653184159655487e-05        -1.7497508974507192e-02        -2.1897874936437339e-04
41                                    -1.1446465431133889e-03        -3.7137553452351715e-02         8.0079517835890818e-03         4.1561850642266645e-03         3.0192977113886841e-04        -1.4888949922068065e-02        -1.6006947724008028e-03        -1.0639934434572229e-02
42                                     8.3505680937165150e-02         3.4719105951137846e-03         3.5603083375019146e-04         9.3023930179834719e-04        -3.2033677117249214e-02         2.7201876954405782e-03        -1.1566164793393738e-01        -4.9799644737447591e-04
43                                    -8.6770455257084891e-02        -1.5200145392584086e-03        -1.5249256960636918e-03         1.7548852898529403e-03         1.3980020200228185e-01        -3.1573855829861606e-03         8.0303256795788799e-02        -9.4960047220073937e-03
44                                    -3.7273019573892891e-03        -6.3541134649142267e-02         1.4054555874828793e-02        -5.7197082221429586e-02        -2.6103767394604566e-04        -4.1238638111650163e-04        -3.0655039231280391e-03         7.2969814916730774e-03
45                                     7.1977473578001258e-02         4.3699718775176021e-04         7.9287905162053610e-04         4.7072344737424831e-04         5.1344020868976260e-03        -1.4853207621887265e-04        -1.6634607437972181e-03        -6.0053406041516207e-03
46                                     3.1038558830771095e-02         3.0352712897631769e-04         1.5286506201642161e-04         2.6547418626589580e-04         1.0551834477822731e-02         3.5356381874298511e-05         5.6353069031816767e-03         3.5729322091052301e-03
47                                     5.8796999451318031e-03         2.5418108718081242e-02        -5.5800086846452693e-03        -1.0988479698820251e-02         2.2425106484273032e-05        -6.9429101446029425e-03         9.0085594317314169e-05        -1.0609386669567346e-02
48                                     1.0077973919738815e-01        -4.0193818261717579e-04         1.5752607006629931e-03         3.3371296777370651e-03        -1.4852663960993519e-02        -3.9031728272640735e-03         1.0666335123187683e-01        -4.2181054767407898e-03
49                                     7.0000934851342927e-02         7.2420289565366686e-04         7.7726456465931025e-04         1.1011471644782748e-03        -1.6495219256374906e-02        -3.0475246442377250e-03         1.5216746369139025e-01         7.3440758130754917e-03
50                                     9.4329545988369682e-03         6.6897164759664063e-02        -1.7079367154903220e-02        -9.2013249339594178e-02        -9.6702207195260864e-05         4.6045969722430066e-02         4.8203873901505436e-03         2.2340767708792127e-02
51                                    -2.1544209221902734e-02        -8.9382786324586263e-04         7.3989963553787675e-05        -3.8962658644528412e-03         2.5180681335969360e-02        -2.3531780304832037e-03        -1.5414786653884323e-02        -1.7013233094905007e-04
52                                    -3.3911180069846808e-02        -6.0523016760270602e-04        -1.1019121928419597e-04        -9.6697469979449839e-04        -3.0068246543599790e-02         5.2082292483879951e-04        -1.7150195509973702e-02         1.4880288498375839e-03
53                                    -2.2537081381174464e-03         1.3358877712370631e-02        -1.4156221435706972e-02         1.2615368007554428e-01        -2.5545614581107284e-04         7.7391321925459527e-02         1.8237781503416234e-04         3.5337746086195061e-02
54                                    -1.1258435979586985e-02        -2.3310482741868959e-03         6.0448920040607004e-04         2.2398111023800622e-04         7.3741523128478953e-03        -2.4805072556798725e-03         1.0425783672020291e-02         4.7612685590329284e-03
55                                    -1.5864459151875017e-02        -3.4274296021531047e-04         5.4277398203197351e-04        -9.0475379318565572e-04        -6.7934068916616158e-02         5.2946920064492615e-05         4.3694455489316922e-03        -3.2540908554709244e-03
56                                    -3.1986686171494682e-03         7.0136303742039149e-02        -2.3385111840059675e-02        -4.2675698367457852e-03         5.5723617065080774e-04         7.6303245175843040e-02         2.6150394141948754e-03        -1.0339856603069722e-01
57                                    -1.1455182949694442e-02        -2.1475773967609803e-03         3.0414038988367656e-04         4.1587318590634851e-04         1.0369479505618139e-02         1.1069015654497926e-04         1.0816223448014145e-02         5.0128629681465775e-03
58                                     5.8621242850213189e-03         1.6451324729790487e-04         5.9246774361894480e-04        -5.2224748379904639e-04        -4.2816825376299980e-02        -5.9343298790082212e-05         2.2450811534485021e-03        -3.0994479702864388e-03
59                                    -2.1120323237653143e-03         6.4523815633365483e-02        -1.5146162873875636e-02        -8.6264786733102512e-03         2.9058978649428821e-04        -8.8979420086311468e-03         5.6296022877932994e-04        -9.1514527214602140e-02
60                                     7.5441056563258883e-03        -1.5682015306415910e-03        -3.1348356057952402e-04         6.0986836608678703e-04         4.3290434519471808e-02         1.4079990816221893e-03         8.1603193490659750e-03         3.6101983417071671e-03
61                                     1.9442969205466530e-02         4.3660925013509088e-04         5.1997349336441309e-04        -2.2264247857898135e-04        -2.0955113463954556e-02        -1.0207184450054362e-04        -1.8938600247415632e-05        -1.7295959764281777e-03
62                                    -6.7500689955203434e-04         5.8390647785355965e-02        -9.5440625780607421e-04        -1.0412592615368316e-03         4.2297986148272639e-04        -4.8704063641688118e-02        -7.0178205990489178e-04         2.4716669650287727e-02
63                                     5.4268638637984760e-03        -2.4536072939285018e-04        -1.0479814368639002e-03         4.1338031754607546e-04         4.1355564691183282e-02         1.8289664833272094e-03         8.4594542726322466e-03         7.3964199052642475e-04
64                                     4.1200402156761989e-02         7.7297132087919497e-04         4.6068842417333730e-04         2.0117965393145519e-04         1.3458384660931931e-02        -6.2690076566091749e-05        -3.7882603799810921e-03         4.8522948951857002e-05
65                                     1.4208736387992819e-03         1.1583640616382016e-02         2.2878963417666272e-02         4.9093629448204454e-03         2.9141821256217445e-04        -6.3723261865606298e-02        -1.4808689216051951e-03         1.2633140804365961e-01
66                                    -3.6383773089289639e-02         1.8516163333111066e-04        -1.3964443450015521e-02        -1.1059439367264005e-03        -3.2156019963279749e-02        -6.3418308966544353e-03         1.9055847238686769e-02         1.0183898701072664e-03
67                                     8.0677458703232965e-02         1.3451140552406681e-03         4.2707086432314896e-04         1.0740597327061003e-03         8.6042079353658998e-02         5.3826103558942979e-04        -1.4108124771288508e-02         3.6857711409328158e-03
68                                    -4.7057484832152975e-04        -2.9785404834599766e-02         5.1738778834461396e-01         2.9572009492769006e-02         4.2416752651213575e-03         2.2693368949977957e-01         4.9099768613787027e-03        -2.8954722069617820e-03
69                                    -1.2577307953969436e-02         7.9029290612143560e-02         8.6559134026869780e-02        -2.9284087097375881e-03         2.3612372271681354e-02        -7.0928758895639252e-02         8.6248698615574645e-03         1.2297606374257137e-02
70                                     8.9223961859859272e-02        -1.0361245650211333e-01        -4.7083072592350522e-01        -1.4739566934642725e-02         8.7466766593947975e-02        -8.8448580172355087e-02        -1.6580684284912089e-02         1.9306774449601588e-03
71                                     1.0337444390264456e-02        -2.1753388375126120e-01        -2.8993775103313779e-01         3.3597130086946494e-03        -1.8171991688784796e-03         8.4723934351653249e-02         2.2963825499565144e-03        -3.9217114507123681e-03
72                                    -6.6709164803176579e-03        -6.6580387831840351e-02        -7.0844533597242340e-02         3.3708201883921522e-03         2.2612424541257399e-02         6.5347701616719989e-02         1.1875811726528178e-02        -3.4322915278220917e-03
73                                     7.7961086044586653e-02         1.0534348611424278e-01         4.6656136487760685e-01         1.6859032798096214e-02         9.6524340624890709e-02         8.8536156212032688e-02        -1.3626801094883808e-02         6.2427863901756706e-03
74                                     1.0497644240044918e-02        -2.2241524898001225e-01        -2.9728582989826513e-01         3.4496880034921274e-03        -2.1409644434589674e-03         8.8201306226178916e-02         2.4504973627139238e-03        -4.4144600584956019e-03
75                                    -6.1387305583834158e-02        -2.8623460237490747e-03         4.2982778793956367e-04         2.7553287205943082e-05        -4.6854105338202785e-02         3.4649051824577315e-03         1.2286528996348739e-02        -1.4315889507936286e-03
76                                     1.1686509084669963e-02         2.4750781878977681e-04         5.5497100740645503e-04        -4.4403019027221800e-04        -3.5339381768909862e-02        -3.0687055345236629e-04         8.4274692605106971e-04        -2.7173357341933068e-03
77                                    -3.1536597023271756e-03         5.4642283280316506e-02        -2.1696783972901285e-02        -1.7365488280311734e-02        -1.3291973338232636e-03        -1.2205671836912817e-01        -2.5717724678983186e-03         7.8472492826634849e-02
78                                    -5.9062738908396133e-02        -2.8892935429909745e-03         9.6783811679212832e-04        -1.5845983370426449e-04        -4.1769793107530130e-02        -1.0852250047061317e-04         1.3402667051401024e-02        -5.3421294464489994e-03
79                                    -2.5382740440093310e-02        -4.9169621252703462e-04         4.0992460997724746e-04        -9.4715204340676520e-04        -7.7263918504572704e-02        -1.6378374889295009e-04         3.7588091393586450e-03        -2.3817219460765754e-03
80                                    -4.5848618281325304e-03         5.8995313090281866e-02        -3.9420559903052578e-02        -1.0145402810170085e-02        -1.8487662826123929e-03        -6.0007855453383758e-03        -5.1533875835953556e-05         2.2672071392669016e-01
81                                    -3.6707746920809463e-02         2.7419452904923394e-03        -9.5620110168538966e-04         8.3029316120291716e-03        -7.6279641636279302e-02         6.7325250553162537e-05         3.9014489465405117e-02        -4.4313624684842422e-03
82                                    -3.2518323114974643e-02         1.9998911856573348e-04        -4.1836575674880031e-04         1.7873140708453282e-03        -3.3000751213535191e-02         1.0846037909504052e-03        -1.6647041066672558e-02         1.3040477211562723e-03
83                                    -1.2098424646466743e-03        -8.1951873676609388e-02         3.0203716980662512e-02        -2.5302008938017828e-01         9.3780628603909802e-04         6.5763636137232467e-03         2.7547576447758296e-03         8.6453137598045508e-03
84                                    -3.2518013667233760e-02         4.0491814412623797e-03        -1.8199676925134047e-03         3.3648701334432038e-03        -4.4260006541035471e-02         4.3266452106206508e-03         2.2808284045545479e-02        -9.5835552991189966e-04
85                                    -1.9907043087524987e-02         3.1840421084421708e-04        -9.6636189883780876e-04         1.2774382541800085e-03         4.9314506848393690e-02         2.0282404954706963e-03        -6.0740811448263897e-02         5.2833741669975785e-03
86                                     1.6562268485188971e-03        -1.3708282377037387e-01         5.5636139135100619e-02        -1.1677801309041055e-01        -4.6839791231190517e-04        -1.3272355217795745e-01        -2.2471534969705502e-03        -3.1198791016215817e-02
87                                    -1.2648334768287540e-02         1.2399363821682815e-03        -1.0439460135869664e-03        -3.1502856432505345e-03         3.5013769627717586e-02         3.7748122084682837e-03        -2.6892544164913001e-02        -6.5049980159822513e-06
88                                     2.2112246644612279e-02         5.0929297812482566e-04        -2.3055289853394795e-04        -4.9775883386228852e-04         3.8984453686613227e-02         1.6315781781184020e-03        -6.2268026653637926e-02        -1.1922226987411352e-03
89                                     3.8879032731824513e-03        -4.7571896370984135e-02         2.1645909303976869e-02         1.0450184017412439e-01        -5.1904252964116398e-04        -1.1312898934498436e-01        -4.3434419783172319e-03        -4.3753586159330476e-02
90                                     1.9787238051943122e-03        -2.1279704902038921e-03         6.0400867275120246e-04         4.4375703375923316e-05         2.0307489768131924e-02        -3.7834797319512680e-03         1.1619677819110505e-02         6.5700131089288178e-03
91                                    -2.2566228812095645e-02        -5.5819602456142078e-04         5.4968675115583151e-04        -1.0354764293165181e-03        -7.4849838975596827e-02         1.3050868423671863e-04         3.8669200773526311e-03        -3.5405735509825213e-03
92                                    -3.2500086600604637e-03         7.4819455704707952e-02        -2.1943350459135889e-02         7.1000824481587763e-03         9.0916044846914843e-04         1.2260022976781033e-01         3.8299625078523801e-03        -1.5621013712086204e-01
93                                     2.3718252060311269e-02        -1.9770461327757497e-03        -4.4143358028124870e-04         8.7410526542222231e-04         7.1120701045856258e-02         1.6219358069699634e-03         5.5783432881588123e-03         3.9163398102014333e-03
94                                     1.1879297766541301e-02         3.4032740701184244e-04         5.8693649341543344e-04        -3.7754790877359711e-04        -3.4007044948442568e-02        -1.4953857835649898e-04         1.1851919540499243e-03        -2.3869379646475749e-03
95                                    -1.1057051172159817e-03         8.4056566793560064e-02        -1.4770058117139888e-03         1.6949576573507196e-03         6.9409129890874452e-04        -5.3402831855211198e-02        -8.3140198273157261e-04         6.9708217627397762e-02
96                                     1.9042063706551551e-02         3.8801239465172289e-04        -1.5957507496658098e-03         4.3232116872122725e-04         6.1584496731846704e-02         2.3578085254751446e-03         6.1308013620720737e-03        -2.5233158201020474e-03
97                                     5.1467734042410354e-02         9.4969171844824156e-04         4.6948858659539585e-04         4.0053705423889074e-04         2.8607509063384599e-02        -7.3541750166965702e-05        -5.5642630662711499e-03         9.2113623905359227e-04
98                                     2.7018101550619691e-03        -3.2981419641145790e-04         3.9927691654385283e-02         1.2510455655910023e-02         2.7372270778643954e-04        -8.0789999863621717e-02        -2.2536372711369269e-03         2.6305874891868486e-01
                                                        16                          17                          18                          19                          20                          21                          22                          23

0                                     -3.8581626571920269e-02         1.2988251479775564e-03         1.6047877335072726e-03        -6.0758396832391252e-02         5.3053565642839702e-02        -1.0006985083103408e-03         9.5426219737680795e-03        -9.7763978653541729e-05
1                                     -3.9489643184340777e-02        -3.3955155502104833e-04        -5.4477877537086863e-04         1.2912997791545142e-01         5.8174651231450221e-02         1.1076023791749218e-03        -5.8884794157752482e-02         5.7559923043538170e-04
2                                     -5.9080257616534154e-04        -4.9355472306711348e-02        -5.1080148857428627e-02        -2.3192828522715001e-03         1.2194910957638797e-03         3.2367863078345313e-02         3.7515756106276172e-04        -2.5026054161714504e-03
3                                     -4.0419239027418695e-02        -1.2215769618276406e-03        -1.7034990091351306e-03        -4.1283752876780350e-02         5.3224695012571786e-02         2.7724766650504057e-03        -1.7073458117870743e-03        -8.7527133538965751e-04
4                                     -2.8370171561517459e-03        -2.3967139686005336e-05         8.7935209360328828e-05        -1.8122022969203400e-02        -2.3549662760222766e-02        -6.7278180936529615e-04         5.4957302553035353e-02        -5.7210976262638122e-04
5                                     -7.7255373699970306e-04         3.7068322524864174e-02         6.0922405565822832e-02        -6.3251633404395814e-04         2.1288504857223298e-03        -9.2327548709253193e-02        -2.3472596767050875e-04         2.8771741403493079e-02
6                                     -2.0171867661584214e-02        -2.3156513051984006e-03        -2.1157844561315543e-03        -6.2553492418678483e-02         3.1122222539191495e-02         1.0054122023545279e-03        -1.8528325509331426e-02         2.1697883551099798e-03
7                                      1.1705444455378435e-02         1.9665759257596726e-04         2.7915049825676997e-04        -4.1036044638528238e-02        -3.9755962518998163e-02        -6.0042099350671207e-04         4.1509541535606917e-02        -6.1475614585054350e-04
8                                     -8.7443271271765589e-03         7.9680115909119609e-02         8.0363645577238282e-02        -1.5319047417402319e-03         1.2587042611187050e-03        -3.3142721676760599e-02        -1.2607550168516506e-03        -6.7300436737056157e-02
9                                     -2.1398547933772293e-02        -1.1032582923178266e-03        -2.4907785096504626e-04        -4.4716599404582072e-02         2.9608426303314030e-02        -8.1418922766589947e-04        -2.2900698029238456e-02         1.1641867326740627e-04
10                                     3.1158101903652664e-02         2.6207172641158985e-04         2.8960617374693191e-04        -5.2076384400881852e-02        -3.9199184802488227e-02        -2.0247273327638211e-04        -1.3708422358758030e-02         2.8627426052468206e-04
11                                    -7.4103978270438587e-03         3.7853711679648509e-02         1.4688415016482943e-02        -1.5176986817225632e-03         8.2030482820653558e-04         3.2299439540250517e-02        -4.8604018521798171e-04         4.1783855678804802e-03
12                                    -1.6620257064976614e-02         5.2159835453328507e-04         1.3526627332459346e-03         1.0698990200845282e-02         4.3474422307811469e-02        -1.4708270731789161e-03        -3.2587780214460293e-02        -2.3120932227948779e-03
13                                     3.6522020526384057e-02         1.8566452801090002e-04         7.5548141936061621e-05        -2.1782825994162265e-02        -2.9368698540411211e-02         1.2902587371539924e-04        -2.8561684571325050e-02         7.0111519835981955e-04
14                                     1.3138369476166014e-03        -1.4906999487142891e-02        -4.4294341258814332e-02        -1.0757093307536604e-04         1.0946436831364989e-03         6.5897081429150128e-02         6.1081385252554959e-04         9.0501774148897568e-02
15                                    -1.7570329668987531e-02         2.1315673438510744e-03         1.3954314124533902e-03         1.8897575024830807e-02         3.5997817286694475e-02         1.7037264361026141e-03        -2.4545475810074543e-02         2.0402726866168464e-03
16                                     3.7934888642599182e-02         5.1455186595457958e-05        -2.3670350844215261e-05         2.2024077180106145e-02         1.5065725570207645e-02         4.7322897905687839e-04        -4.2320407158610518e-02         3.9831207902031140e-04
17                                     8.3163991756416197e-03        -6.8470416166131212e-02        -4.7781436794951761e-02         3.9939390444026254e-04         1.1361595749462181e-03        -4.0562853007153336e-02        -1.7058847171485658e-03        -5.4388682984455497e-02
18                                    -9.5823195975241887e-03         1.3886818110849213e-03        -3.4965360184462894e-04         2.0623030377479128e-02        -1.7550928952854313e-02         3.2295555142923681e-03        -1.0184624730819863e-02         1.0842029548087265e-03
19                                     3.3836855392543816e-02         1.0028092239007096e-04         7.2745326890012531e-05         2.7897257812357069e-02         3.7821207797197956e-02         3.9643976294502812e-04        -3.4756838096197167e-02         3.2142209814322795e-04
20                                     1.2638087247553479e-03        -4.2344173659014613e-02         9.8440471381611248e-03         8.2441333936747094e-04        -1.8423001955503732e-04        -9.8677254831248493e-02        -1.0451528339594767e-03        -2.7639728929282341e-02
21                                     2.6701096929644948e-03        -5.3522636231776051e-04        -2.7904972319974485e-03         4.0086178017983955e-02        -4.7081664889252264e-02        -2.8640448799595401e-04        -2.6891367768383644e-03         1.4523826846907762e-03
22                                    -3.1110931324948993e-03        -1.5171548590355610e-04        -3.7309919569161325e-04         4.9721077918456924e-02         5.1056713887411634e-02        -2.0904001802829128e-04         5.7628239273082069e-02        -7.9977864590095903e-04
23                                     3.0039742033282201e-03         1.9116004766910697e-02         8.5157578168192957e-02         1.4464234164374104e-03        -1.4323325562395294e-03         7.0306958407809726e-03        -5.2560051357442830e-04        -4.0628594698185062e-02
24                                     2.5942868896590972e-02         5.6922540533659060e-04        -2.5291393536089643e-03         7.0016436161210477e-02        -2.9665183792944975e-02        -1.4446588317067002e-03        -3.3382296711250612e-03         1.1533529986421315e-03
25                                    -2.4447058085876924e-02         3.5174604360642911e-07        -4.2207074447590500e-04         3.2245270808792963e-02         3.1578316610615643e-02        -3.7789165753537103e-04         7.4816074759783649e-02        -1.0260512456692493e-03
26                                     1.8830049185367267e-03        -1.1244608601376575e-02         7.8672881684943699e-02         2.5569046157592414e-03        -9.4879338495234482e-04         3.8222059852811512e-02        -1.6432032252639898e-04        -3.0493865340557487e-02
27                                     1.6446387362662816e-02        -6.8608048889921749e-04         2.0804517004267020e-03         6.5587493399956731e-02        -5.5546330626214183e-02        -3.5156539300623126e-04         5.7132975572714711e-03        -1.9742567170342278e-03
28                                    -4.8310389818412132e-02        -3.1086708816537571e-04         4.6858315014531600e-04         6.8265831669402487e-03        -1.9023022980071372e-02        -1.2529655214582609e-05         7.4365428072418943e-02        -1.5930541731121739e-03
29                                    -9.0014477798905856e-04         2.6659825250955033e-02        -6.2934804968778318e-02         2.3002965340951460e-03        -1.5735144228043595e-03         6.3410321824891314e-03         1.9548666040902635e-03         6.1388158811210174e-02
30                                    -1.1466488287070358e-03        -2.1331163208826126e-03         2.0939419441508007e-03         3.9431415866186349e-02        -9.6479114280159498e-02        -2.1544896419851202e-04         1.9440091486958733e-02        -1.1713125660580866e-03
31                                    -4.5421747696087388e-02        -5.4693325178431702e-04         4.8946373840369289e-04         8.8090483017160028e-03        -1.7374528226010592e-02         1.4128453513826266e-05         5.3880635969773084e-02        -1.0226036227721682e-03
32                                    -2.4555178738118049e-04         6.9179745611245957e-02        -6.7225354612737306e-02         1.1707355024235912e-03        -3.0236959349286322e-03         3.5036904956292927e-03         1.4489963480127292e-03         3.1984792440384345e-02
33                                     3.2124624153584969e-02         1.3305411326895052e-03         1.4583949642140615e-03         1.5488527682937733e-02        -7.2382847336388084e-02         2.4359943836809910e-03        -3.2707257843658487e-02         3.3073632072963422e-03
34                                    -2.5251513303801730e-02        -1.1761621877043666e-04         3.7234626951764156e-04        -2.2214975858865241e-02         3.8852520871359435e-03         4.6430918418247709e-04        -2.7286905002665719e-02         8.5280328483406862e-04
35                                    -1.5111287396467785e-03        -4.1806616153973276e-02        -4.8800351398708239e-02         3.4873144564826690e-04        -2.3946121728489582e-03        -7.9183481687089413e-02        -3.0505376094775629e-03        -8.3950527340980227e-02
36                                     8.2691457518825659e-02         3.9594250669169172e-03        -2.9189964817076994e-03        -9.7069570254153844e-04         2.5047807801536186e-02        -8.7293758838499769e-04         5.7452176653163926e-03        -6.6144020693586255e-04
37                                    -3.0788848079749777e-02         2.6442982639820426e-04        -2.1271295509717267e-04        -2.2005681275016675e-02        -9.1113325449784129e-03         5.7079148648392633e-05        -5.3161191522465581e-02         9.2956700041783120e-04
38                                     7.6954827404585610e-04        -1.2575787110576900e-01         8.8245354403963083e-02         2.4484168939883338e-05         6.6501959659701038e-04         2.4956084832304711e-02         2.0380444169323955e-04         1.5361766937649127e-02
39                                     6.5323462738567109e-02         1.6503987309109318e-03        -1.9580559570163232e-03        -6.0627169342859751e-03         4.2922736802512060e-02        -1.7573687982052561e-03         1.7155674139549305e-02        -2.6677745345943249e-03
40                                     6.6004401994986615e-03         3.0755004317278563e-04        -4.6952044284759260e-04        -1.5904679546664843e-02        -3.6460266070086234e-02        -3.9486820910188911e-04        -9.7035369676014532e-02         1.1076610607329404e-03
41                                     1.9334540473010396e-03        -5.7099518377531661e-02         6.3360792682788367e-02        -1.4257779202045542e-04         1.5229738457441131e-03         5.8739409828972695e-02         2.2771156792377365e-03         7.9457062674430326e-02
42                                    -2.7079032195892736e-03        -2.3080049581753470e-03         2.1202344989479532e-03        -1.1439246709250186e-02        -8.4650868880056145e-04         1.2543472329451975e-03        -4.8040175627087768e-02         2.1974258731021100e-03
43                                     1.2659830496935653e-01         6.4350176870995831e-04        -4.1831176295901713e-04        -7.0339787868274658e-03         4.0589606374292687e-02         4.3832304759159437e-06         1.1864613793823704e-02        -1.8856232070037977e-04
44                                     8.6002659575224122e-04         5.7421036088128520e-02        -6.1548853586026790e-02        -4.3086191705321868e-04         1.0612228363934222e-04        -3.9759775804290756e-02        -2.4831137587125987e-03        -4.4303437711973342e-02
45                                     7.7830937589850963e-02         2.1425733701408698e-03        -1.8011279189814003e-03         2.4483943568490386e-03         4.8606680016874668e-02        -3.6824376981202194e-04         4.4669841977690958e-02        -5.5773072093781627e-04
46                                    -4.3442675547582264e-02         1.1662082622939597e-04        -6.7335388845026034e-05        -2.2737170768666971e-02         1.6362353768389813e-02         1.8224648929648346e-04        -3.3561716860479068e-02         7.5587554208066804e-04
47                                     1.4181565242092197e-03        -6.3279523033651572e-02         5.0289717881572514e-02         7.9173767503878644e-05         1.3295930267526329e-03         7.8009493518014028e-03         7.5653865814201144e-04        -1.1105086035729531e-02
48                                     4.5341827107162079e-02        -2.0313410111268901e-03         1.0311572318274849e-03         2.1511622152265840e-02         1.7557035673750013e-03        -1.6516358227255221e-04         4.3684854333287032e-02        -1.1491493690228916e-03
49                                    -8.8817488261589195e-02        -9.2655988564859936e-05         2.4513386978363951e-04         2.6538953067783790e-03        -4.8977620761873425e-02         1.0326849776118763e-04        -4.0608188783313973e-02         7.8845938218868763e-04
50                                     2.4178738015872342e-03         8.2010498147592398e-02        -4.3984334703593878e-02         5.7228682244343570e-04        -2.8009988274654592e-05        -2.2120141677420438e-03         1.4428141767127603e-03         7.7410109571822419e-03
51                                    -1.2180183510753218e-02        -3.2576772931289925e-03        -1.3031592810015605e-03         3.3217475660155850e-02        -9.9897704741528093e-02        -2.1227308160029256e-03         1.6137086960998585e-02        -5.3530367967372528e-04
52                                    -2.2106479307035666e-02        -6.6836003788095131e-04        -1.2618662156966816e-04         4.1346271580177063e-02         2.7764553387045102e-02        -5.3836580546455732e-04         8.4743186110264046e-02        -1.4693899923537484e-03
53                                     2.9274331706074398e-03         1.0257725487683300e-01         3.8298332978644177e-02         8.7152752037948091e-04        -3.2216355894598473e-03         6.4770425401154380e-02         7.6422969329643247e-04         1.4649113404054467e-02
54                                    -1.8065352160175425e-02         1.4279231289497975e-03         1.6743313892277805e-03        -3.2282864097652984e-02        -1.4044618422602935e-02         2.3628788128925724e-03        -1.4569066195641269e-02        -2.8188194717743732e-03
55                                     3.5837936637016468e-02         9.9127149851703801e-05         1.1191454162566963e-04        -7.7254067639846288e-03         2.2961971722665904e-02         3.5191537677754168e-04        -4.7232262106889661e-02         7.5361167754834865e-04
56                                    -8.3202791493116671e-03        -4.6286727132085599e-02        -4.8828764390252105e-02        -1.0646690008968241e-03        -9.2924459944407532e-05        -7.7099426962452353e-02         2.7558695607270600e-04         9.5504217566509314e-02
57                                    -2.6456701593984531e-02         3.7250601568568082e-04         1.6040615457487205e-03        -3.6585574974913701e-02         5.4852565153048916e-03        -1.6384739420553902e-03        -8.6008039522837906e-03         7.4820617242869715e-04
58                                     3.4655293184388140e-02         1.5723448186652129e-04         1.4367329022686300e-04        -5.3689515644714109e-02        -2.4800091765201673e-02         2.2982408025496173e-05        -2.9300182120290019e-02         3.8998834916932330e-04
59                                    -8.1137729172181278e-03        -1.3022739363641537e-02        -4.8378080736506637e-02        -1.5894650612808894e-03        -9.4554206933374072e-05         5.5111980580976119e-02        -7.5324807571897968e-04        -2.3834961349674413e-02
60                                    -5.1870337116633053e-02         1.3564371877611219e-04         1.1046762806269405e-03        -2.3237117953145706e-02         3.1566257861313722e-02        -3.1499865792711454e-03         3.0790381101335123e-02         2.4830966335208072e-03
61                                     2.1670832531530720e-02         5.1236899367602393e-05         5.6194283826097056e-05        -4.8722230571747384e-02        -1.9785424491750456e-02        -9.6991474272586290e-07        -4.1827085729042339e-03        -7.7951161624200798e-05
62                                     2.3877994356026380e-04        -1.2042213395490043e-02        -3.8048489431039952e-02        -1.0146234798578419e-03         5.7504335487399284e-04         1.0193085977332812e-01         1.7158703397633009e-04        -9.9232244048126972e-02
63                                    -5.3455794194135944e-02        -6.1023258998886521e-04        -1.1692796543893420e-03        -1.9346195712581515e-02         4.2054801751584506e-02         1.6589590574656564e-03         2.1227579294881171e-02        -2.3427573531597115e-03
64                                     3.4131622130004666e-03        -3.7647714289445111e-05         8.5807719359640703e-05        -3.1305212127192776e-02        -2.2652473862761549e-02        -6.2308127717900430e-04         5.0048678125462057e-02        -3.6417194231897068e-04
65                                     8.0718997306686129e-03         1.3319664044881878e-02         3.9154007402743496e-02        -4.0390964103875087e-05         1.6559925627571217e-03        -5.8422516661226651e-02         1.2001838993960753e-03         6.9264377975893895e-02
66                                    -8.4024517940900073e-03         3.1929341203318093e-03         4.1440863081474216e-03        -2.0244661463920532e-01        -2.7033049678099115e-02        -4.8835975889286584e-03         1.3906344539944238e-01        -1.0256235691496452e-03
67                                    -4.7442295128274380e-02        -5.0408894496120442e-04        -8.0929588057906802e-04         1.6612707614887551e-01         7.9290095533551180e-02         1.7122327505124622e-03        -9.2679040875072213e-02         8.9509876443051833e-04
68                                    -2.6405255581398162e-04        -1.1759575666262005e-01        -1.3377524030891513e-01        -5.4794553928539909e-03        -1.0826185608473371e-03         1.1808099917588702e-01         3.7260911762599597e-03        -1.9770417266073544e-02
69                                    -5.2118639132536296e-02         5.9689341317892337e-02         8.3560557769732507e-02         3.2478383674802640e-03         8.9363135028496007e-02        -1.0655689139194509e-01        -4.7984415596306139e-02         2.3832612527807259e-02
70                                    -5.2086438934708955e-02         4.1195049266259692e-02         4.4634994206512804e-02         1.8831510904853824e-01         9.2627205172051294e-02        -3.5239135650448769e-02        -1.1476909925393311e-01         6.4904733785118643e-03
71                                    -1.0748188646441685e-03        -5.3993084258628164e-02        -6.4883647665627264e-02        -3.3405042013437175e-04         2.7470082173680212e-03         6.2322950561783920e-02        -2.8155990216396174e-03        -1.0645308200341179e-02
72                                    -5.2136110111130944e-02        -5.6634016062590956e-02        -7.9505925365189661e-02         1.6078033176490836e-03         8.8082175444322300e-02         1.0381764551409740e-01        -4.7710866252327525e-02        -2.2182884616435576e-02
73                                    -5.2553480735026234e-02        -4.1795476535483385e-02        -4.5879190916980249e-02         1.9084542982325672e-01         9.3290450420077942e-02         3.8775590423610291e-02        -1.1584773233390752e-01        -4.0921948688448159e-03
74                                    -6.3842803822703668e-04        -5.7161413447278313e-02        -6.9391564565431926e-02        -3.2560363456812617e-03         5.1440900681853669e-04         6.8222085926832460e-02         1.3542482614059268e-03        -1.2000758635305831e-02
75                                    -1.3864256961785719e-02         6.4510729228984664e-04         1.9377475637936364e-03         6.2244664400832657e-02         6.5346926935424127e-02        -2.4696015966764813e-03        -4.1862601566810598e-02        -4.6087972097752740e-03
76                                     3.5072188900438825e-02         1.6412248476562843e-04         9.3751588556563963e-05        -4.9647355194254492e-02        -4.0654776176354337e-02         1.6399311421439733e-05        -2.4315841294833000e-02         8.5476455541930467e-04
77                                     5.2089248882355417e-03        -1.8238201975934620e-02        -6.8466881653494918e-02         1.3950763744932744e-03         1.6791080045261196e-03         1.1344637101801766e-01         1.7150357086091854e-03         1.6966579430207623e-01
78                                    -2.0720324940328345e-02         3.2784178167048436e-03         2.2214185117368440e-03         2.7390049933845174e-02         7.3942880888411916e-02         1.9194132353377335e-03        -3.5290477595870055e-02         3.6998885962015752e-03
79                                     3.6132207897416689e-02        -1.1099342514018804e-04        -1.0664835279334986e-04         2.7095179773098627e-02         4.1260851751551766e-02         7.1880814575290208e-04        -5.0255896656865438e-02         2.7607368040884997e-04
80                                     1.7779057188430893e-02        -1.0845143479469627e-01        -7.5380787214815212e-02         6.7128908845900254e-04         2.3597561170153511e-03        -3.6381916481187868e-02        -2.9130522551992217e-03        -1.0805347063737958e-01
81                                     4.5965129543025972e-02         2.7783374878145887e-03        -4.3682230848959176e-03         9.3991942419060143e-02        -1.0034054907491180e-03        -1.9639310398097752e-03         2.5582922289773091e-03         3.1570838937870611e-03
82                                    -1.9411545888526022e-02         5.2179600841107808e-04        -8.6099938349625124e-04         3.8789538745391511e-02         3.8358717788811093e-02        -5.1028542466020042e-04         7.7073898682052694e-02        -5.5757348222098624e-04
83                                     2.2409313384732787e-03        -7.4516706449850409e-02         1.2218139127649286e-01         2.8866488432077748e-03        -1.8907279215196307e-04         3.6446664788273894e-02        -1.0133467366705258e-03        -7.0122574251249584e-02
84                                     2.5378605076541844e-02         4.7542115854514670e-04         4.4274700495621679e-03         7.4067537815839260e-02        -3.4314305251695175e-02         6.7223093643883674e-04        -5.7108556620131222e-03        -3.1458269273459071e-03
85                                    -6.3943680467628189e-02        -1.0942522542147287e-04         7.9606775384305300e-04        -7.8299294106418168e-03        -5.7416451688927277e-02         2.1258758754801491e-04         9.6194814779621926e-02        -2.1174789015340535e-03
86                                    -3.2033452875783212e-03        -8.1891085255707020e-03        -1.3212952800931940e-01         2.6651527811765306e-03        -8.6413255646092919e-04        -2.5171973404001145e-02         2.7514640489239850e-03         1.0102063584166604e-01
87                                     1.7517818309783294e-02         1.8791131385042584e-03         3.9968915068872238e-03         2.3381001293805156e-02        -9.3073785942017817e-02         6.0372878116933372e-03        -2.1567415963822646e-02         6.8422632155773358e-03
88                                     1.7047593582388040e-02        -5.0070583215311106e-06         8.3467343492972111e-04        -4.3526501826316254e-02         6.3021890084238183e-02         1.2478596209468710e-03        -5.3931765729894048e-02         1.9955765662574027e-03
89                                    -4.1949871900089052e-03        -5.9530670541593243e-02        -1.3032311921020356e-01         6.4012339280614084e-04        -3.2229239991270879e-03        -1.9618622476416359e-01        -5.2161986834892366e-03        -2.0351154452167233e-01
90                                    -2.0300999014503062e-02         1.4370507420265787e-03         2.2197390304255970e-03        -7.7074286766598651e-02        -3.1943349247556783e-02         2.7494059708109133e-03        -1.0185342991533635e-02        -6.5669394217835360e-03
91                                     3.7615321081526182e-02         1.3306262326829904e-04         6.9442787787908926e-05         1.5291150464724177e-02         3.1213527904552972e-02         5.4980211649237256e-04        -4.9697804547112430e-02         1.1064199452227570e-03
92                                    -1.2580572708915714e-02        -4.9507761384023595e-02        -6.3246979851679888e-02        -1.9843115696079982e-03        -2.1570532228848153e-04        -1.0622245384557352e-01         2.7655485664726778e-03         2.1974909670730197e-01
93                                    -7.1901132613688343e-02         8.2900840290015020e-04         2.1977851785079179e-03        -1.0432624359084486e-02         4.7987025593190638e-02        -6.1680664135853429e-03         7.3872791991786355e-02         4.9366982531875965e-03
94                                     3.1122133136952106e-02         5.6595076384410247e-05         2.9496047835185418e-05        -5.4824980995672248e-02        -2.7860425451090871e-02         3.0209905378150519e-04        -2.4224173430272656e-02        -7.4080765474428481e-05
95                                     3.3657868484660478e-03        -4.1369022459749549e-02        -8.1230369208839484e-02        -9.0363032375535986e-04         7.3353566188238061e-04         2.0061981362496506e-01         9.4038486738895607e-04        -2.0183377838041852e-01
96                                    -6.1911770844186712e-02        -1.6389625871180791e-04        -1.4241576132945899e-03        -8.8258060238724217e-03         3.0221899336092459e-02         1.9853834105804653e-03         5.1263433513000015e-02        -4.2936221565326657e-03
97                                    -2.4953222836513033e-03        -1.3157778361860844e-04         5.2266895750025739e-05        -2.3537075412314663e-02        -3.2160729440576831e-02        -7.9796021774043225e-04         7.2771698971674750e-02        -5.1020451312900066e-04
98                                     1.8708363144110625e-02        -4.1338532412585824e-03         4.5744968276039390e-02         5.8788776589038436e-04         1.4600230979889008e-03        -7.5590065790942962e-02         2.9513274877586539e-03         1.2327533216976969e-01
                                                        24                          25                          26                          27                          28                          29                          30                          31

0                                      4.8484286538444663e-05         1.9743899315154512e-03         1.8515452133872467e-04        -5.3036881956029035e-02         2.4740389990662174e-03        -2.5188020340555596e-02        -1.4191474813701410e-01         5.7329975165145890e-03
1                                     -3.6730287322997746e-05         4.9228494336869363e-02         3.2605284400495161e-04         7.1538338496517050e-03        -4.4310024203828734e-04        -1.9746987167530358e-02        -2.8833380454017215e-03         4.1665302546605477e-03
2                                     -7.3172509225249600e-03        -2.2092810556197910e-05        -3.8390358112009278e-03        -1.4991420648475487e-03         4.3936566743154665e-04        -8.0724022466412734e-04        -4.1074844258427636e-03         1.6490575292528343e-03
3                                     -8.6096991090730374e-04         1.0113203164800143e-02         8.8077540186767269e-04        -3.2311965953212111e-02         1.7883135942549102e-03        -1.9303726265236975e-02        -7.9166122314494436e-02        -5.7653650052541506e-04
4                                      3.9889607320795668e-05        -6.7057301180476855e-02        -6.9560678138999446e-04        -1.6216616219604702e-02         9.7309057865764700e-04         4.2201453405558961e-02         2.0449323064852535e-02         1.2663449601096442e-02
5                                      2.5391254189418910e-02         1.0074290748174829e-03        -2.6055964611133568e-02        -1.5330153465994139e-03        -1.1153099298286590e-02         2.3228702537823670e-05        -3.1692205006803717e-03         1.1042842886272421e-01
6                                     -1.7330010728837386e-03         3.8348491339565201e-02        -2.4204100024831439e-03         5.3368165793566879e-03        -6.4770274257439282e-04        -3.8414871605229918e-02         8.4163185510259687e-03         8.3379548619513764e-03
7                                      2.0438200684894453e-04        -3.9747101683280606e-02        -7.9594279604626218e-07         8.5189194798875999e-03        -3.5924156104304535e-04         1.7640370066526089e-02         6.0772300671051382e-02         1.2009423305929065e-02
8                                      5.8748170016247117e-02         7.8285584935966685e-04         1.0024010552818852e-01         1.4381887975160700e-04         3.8856183742355679e-03        -4.1555555641755983e-04         1.0345549973284396e-04        -1.3972082977801897e-02
9                                      9.5182622367914456e-04         3.6406571022699348e-02         3.4343821218749517e-03         1.3982745298092517e-02        -9.6264932390531814e-04        -2.6204821409404309e-02         4.0052689389660723e-02         1.3068842983626530e-02
10                                     5.4366141124858911e-05         4.1891476261638985e-02         3.7799686734820668e-04         3.2682491457257171e-02        -1.8661787959861522e-03        -4.8271428546511945e-02         1.4346865856081943e-02        -1.0539629729008406e-02
11                                    -3.1608209705531076e-02         9.2884112555838391e-04        -1.0210938675714096e-01         5.8171432328948838e-04         2.1291695838209935e-03        -2.2684907653138077e-03         1.8871846944555361e-03        -1.0219174280634027e-01
12                                     3.1689693950993467e-03         1.1650450840948484e-02        -1.5371723647445682e-03         2.6281050297265306e-03        -4.0220358561556744e-04         3.0251993161946940e-02         6.5701491875303775e-02         2.6036077602262616e-02
13                                    -1.3772901334759124e-04         3.6627885096502229e-02         4.1742693925974511e-04         2.0982571482715231e-02        -1.0336857575645030e-03        -8.8673655689637063e-03        -2.0539347921438088e-04        -1.5490624463239500e-02
14                                    -1.0685828991685238e-01        -6.3356699522017522e-05         4.8264219338838295e-02         7.7991179153542400e-04         1.2429164167910869e-02         7.1664433537799014e-04         2.1017058393900112e-03        -1.3716099850987054e-02
15                                    -2.9032054954197576e-03         4.2279007475310524e-03         7.3474750394344828e-04         7.9889070169734903e-03         1.5723829256193716e-04         2.4329491435331498e-02         7.0876036218891408e-02         2.5278563115695547e-02
16                                     1.2438504922672314e-04        -1.2104471955805803e-03        -8.2550910739045112e-04        -3.6963081403197914e-02         2.4159248227019485e-03         1.0676949085850654e-01        -2.8756493626396023e-02        -1.5334885956120290e-02
17                                     9.3187004776356538e-02         6.8153203933925364e-04        -2.6520912606666922e-02        -5.8379722947062105e-04        -1.5508705019830890e-02         1.1509595581819959e-03         1.8273587697130234e-03         4.7437806406311990e-02
18                                    -1.3112332559481110e-03        -6.8588928851884712e-03        -4.7280802123045774e-05         2.9926340955006143e-02        -1.5394090796719867e-03         1.9145278547235595e-02         4.4451303112605554e-02         4.3881474195281754e-03
19                                    -7.8531303425856093e-05        -1.0722728456005888e-02        -6.9006776724410239e-04        -4.2192892005954184e-02         2.5555294636899774e-03         8.3457555296573574e-02        -2.1136810937061289e-02        -3.8795458623665105e-03
20                                     4.5727073217891046e-02         3.1539599146999997e-06        -3.7102688659215325e-03         1.4026425967517027e-03         7.9041627276121174e-03        -3.7685337690876409e-04         2.4467104861631045e-03        -1.4041250760248619e-01
21                                     1.9396322017809630e-03        -1.5934051214640275e-02        -2.4240691001737016e-04         2.7476011075654925e-02        -1.9251611187434529e-03         5.7091936901629047e-03        -9.7011962471106085e-04         3.0534836738736851e-04
22                                    -4.8116284486670811e-05        -4.5112555529928523e-02         1.0930722042932464e-04        -1.0162954878081554e-02        -1.2324610935038487e-04        -6.3391704601851520e-02         1.0658039893682671e-02        -3.0710926438489439e-03
23                                    -5.4500345640219758e-02        -7.8225324209752519e-04         4.3064850339518245e-03         2.1136929760785170e-03         2.4737230471971520e-02        -7.4889318139287765e-04         2.9416295842760610e-04        -2.2355006761086985e-02
24                                     2.2905689280031658e-03        -9.0899567064778600e-02         3.2620031327210722e-04         4.1668553659433671e-02        -2.8559886014512645e-03        -5.9214249847625404e-02        -3.1047064309360491e-02        -4.1617308467660789e-03
25                                     1.7785482258834700e-05         3.4395952392033751e-03         2.1796686694381431e-04        -9.3363864165400528e-03        -2.4153129095507708e-04        -4.1820026663452033e-02         2.4982028377392270e-02        -4.0400994311634315e-03
26                                    -6.6679965368550517e-02        -2.9851979972585659e-03        -7.7237187150281271e-03         2.5584452189291434e-03         2.8426661308211351e-02        -1.8903042097941556e-03        -1.2519267236095271e-03         5.0539126966017540e-02
27                                    -2.5599764688829566e-03        -5.4963187401935190e-02        -3.4002027382180281e-04         3.3881823522603438e-02         3.6869318256440144e-04        -3.5845986736079721e-02        -4.4800849460034972e-02        -2.0082588426050647e-04
28                                    -8.3040383819655216e-04         8.5990529931023643e-02        -1.6242579999298736e-04        -1.5723213209956493e-02         9.3836432283049163e-04         2.9671036432386683e-02         6.7839456870620518e-03        -3.6311653427501591e-04
29                                     8.2443820019889161e-02        -1.5137794355646150e-03         9.3918976389515373e-03        -1.5879203559683338e-03        -5.6810750266863046e-02        -1.2399145936495058e-03        -1.2540450453978451e-03        -3.3563728348322684e-02
30                                    -1.5233113083396161e-03         4.5593176973444581e-02         3.7217510257951329e-05        -1.1864465241593642e-02         7.4752154635366534e-04         2.9937357519411335e-02        -3.9800548348580607e-02         2.2564048421047193e-03
31                                    -4.5957110471474001e-04         5.3084227200581702e-02        -6.2965962007010894e-05        -2.2382218631194269e-03         2.4275437566026507e-05         1.6304682073564766e-02        -1.7742797410692716e-03        -6.8397918909328566e-04
32                                     4.8730131850579575e-02         1.8442976787010569e-03        -2.8607129450201759e-03        -5.8037671398095331e-04        -1.9719445309186490e-04         1.0156111671980345e-03        -1.2267159441917660e-03        -7.2301740462738474e-03
33                                     2.9871417025625936e-03         7.9750799250572040e-03         2.6177930629811319e-04        -5.0174467834731791e-02        -3.7394208040944597e-04         1.2195113634225981e-02        -2.2284671727637428e-02         1.5254799834982327e-03
34                                     5.7714458661446092e-04        -1.4888162967973056e-02         1.1977598918923730e-05         1.0805610777400030e-02        -7.2985270246751137e-04         2.7911106144048255e-03         3.8814462065667262e-03        -1.0835481411075829e-04
35                                    -8.7034457303574717e-02         2.0572860024041712e-04        -6.0964807823729785e-03         2.8379002326726073e-03         8.9804074053853683e-02         2.8367351199795894e-05        -6.8157903197305742e-04         1.3365542056652750e-02
36                                    -5.1673736785876414e-04        -5.7595868381000884e-04         7.5001216826606185e-05        -2.0402217353555189e-02         4.8791507744951594e-04        -9.2338333346943871e-03         8.4400341050022473e-03        -6.5868087388058316e-04
37                                     3.8214598783604888e-04        -3.8736591771232655e-02        -2.0738917435787059e-05         1.9289014164166000e-02        -6.5261250791832221e-04        -7.8922574666095144e-04        -5.8471834966574432e-03         2.3991195900933162e-04
38                                     1.2725853310426159e-02        -3.4082833224511526e-04        -3.1580829843964652e-06        -6.2400409208191615e-04         7.2379726079117267e-03        -5.9079842613516439e-04         4.1154620902440867e-04         4.5855419689971857e-03
39                                    -3.0231838102507346e-03        -1.1016195129575207e-03         1.0480188169881399e-04         4.4716974412915299e-02        -5.6270603954404917e-03         1.1137094483720102e-02        -1.1040387742467676e-02         7.9862692044096789e-04
40                                    -1.8923173844265719e-04        -6.8015446320843720e-02         4.3445217232324004e-04        -1.1484071776655083e-01         4.4348788305365854e-03        -6.4906360849478123e-02         4.3484961655188614e-02        -2.9731242214984049e-03
41                                     9.9000638057130524e-02         1.9251507594240705e-04        -6.5500799295233449e-03         6.1068004063323331e-03         1.1852377242771449e-01        -7.5295750427415570e-04         1.0702807765378858e-04        -5.8031674389148868e-03
42                                     1.8072747225712329e-03        -4.2562293920770392e-02         9.3500924661321966e-05        -3.8596040732944710e-02         3.1117185996889160e-03        -3.2039694256344897e-02         1.8361437065348995e-02        -1.4695545228591482e-03
43                                     9.3052206833312280e-05        -1.9498687604097742e-03        -5.8906711774538623e-05         2.6784092076722721e-02        -1.1167181782011926e-03         4.9965443621415896e-03        -5.1143348166993955e-03         2.0985096025355962e-04
44                                    -5.2354438194159206e-02        -1.4702400533927388e-03         2.7410615038439287e-03        -3.0894415719854335e-03        -4.7355835847009378e-02        -5.5007126202416654e-04         4.1420730804558832e-04         2.2895512101662719e-03
45                                     5.1925199032298354e-04         1.8449520061139549e-02        -5.3679462657504678e-04         5.3204938459348011e-02         3.8287765738578110e-03         1.8626462751178227e-02        -1.4855493476368940e-02         1.0557304520794934e-03
46                                     6.0324867755710593e-04        -4.5071073822577780e-02        -4.4380787386091110e-04         1.6646331451553453e-01        -6.0153474399513808e-03         4.6384320534915625e-02        -6.3961797488652383e-02         3.6918279117810712e-03
47                                    -2.6957174550677872e-02        -1.0780397877289891e-04         1.2697329044874394e-02        -6.5202076243250310e-03        -2.0234487850568436e-01         2.1518560460594507e-03        -1.1841126164400804e-03        -1.2183223762705427e-02
48                                    -9.6685362795009453e-04         4.0076897653445173e-02         3.5682360949160913e-04        -8.2791836928805818e-02         7.0349602541795752e-04        -2.0144097463939897e-02         3.3704971976328317e-02        -2.1464077281921879e-03
49                                     2.4741407164472753e-04        -2.1543911730055584e-02         6.5727955197742005e-05        -8.0400899930255267e-03         1.3223383396126882e-04        -3.9580209810942610e-03        -3.8584758749700280e-03         3.1306339071467349e-04
50                                     1.5346453381534387e-02         1.3543335075199335e-03        -5.4291738037762155e-03         1.1258430833924863e-03         8.4473503206199285e-02        -1.1971454670515337e-03         1.2024439971123453e-03         4.5818217174062375e-03
51                                     4.4445562866165313e-04         4.6541880135664918e-02         2.6928517881475656e-05         9.1194114349771194e-03         1.0033986962479861e-03         3.4751272111126864e-02        -3.5259562719269923e-02         1.5477795220166094e-03
52                                    -3.9128948722540050e-04        -2.3903479071377908e-03         2.0506121905913564e-04        -7.3632744731019148e-03         5.3205574130361513e-06        -5.5779193980010550e-02         9.6386346230893684e-03        -4.3890998850799430e-03
53                                    -9.9776952766890067e-03         1.4133914192992047e-03        -4.7152305729353727e-03        -1.5722913104694969e-03        -3.6092470436060960e-02         1.6064563783068789e-03        -1.3569828161428647e-03         2.7904011003922400e-02
54                                     6.0685528042515229e-04         2.1396536919134162e-02        -1.8749903502252227e-03         4.5404919859739712e-02        -2.1303761627725947e-03        -1.1539195081361239e-03         7.7926834915983817e-02        -1.7295357866384021e-02
55                                    -2.1416094968830575e-04         2.3429254503612437e-02        -2.6556783084024174e-04        -2.9504445716377073e-02         1.8348632596676059e-03         6.6822937128422855e-02        -1.2951650929726029e-02        -8.0865744602168690e-03
56                                    -1.4641661002561477e-02         1.1405621427194152e-03         6.4796149636530409e-02         1.0841172124315317e-03        -2.7542537234252597e-03         1.5611342576986988e-03         2.1162187539089114e-03         3.6156348476918045e-02
57                                    -2.3296720451109832e-04         1.5119830786982882e-02         4.8520123251574940e-03         3.1482972194960913e-02        -1.1133208619121550e-03         4.4110057758643554e-03         6.9531249429253025e-02        -1.9920004459690711e-02
58                                     1.1991881743804432e-04         6.0230719644662513e-02         3.7747932296415321e-04         2.2914009215597140e-02        -1.4905368376399099e-03        -5.9579262057477052e-02        -6.2057368845510876e-03         1.1342944949395788e-03
59                                     1.1231478317634760e-02         8.4617429138969297e-04        -1.6158069426694793e-01         1.9138494064225179e-04        -1.4992502485780667e-02        -4.5986129769136152e-04         1.5947834255487085e-03         6.9620888964795166e-02
60                                    -1.0285477532340952e-03        -4.1616661387191736e-02        -2.6958878668591657e-03        -1.1408650599682388e-02         5.7148706092322130e-04         4.1380502226148981e-02         1.3869935153674840e-02        -2.3662705181765310e-02
61                                     1.2157106716699010e-04         3.1757828094527041e-02         8.0134643208732879e-04         2.1314876967951871e-03        -4.0361672446249995e-04        -5.7515655831403840e-02        -4.6288289584829195e-02         1.0487966421513782e-02
62                                     3.3266199512967824e-02        -1.9336318402003426e-03         7.4030790933796539e-02        -1.4384861178809099e-04         5.2197986521864371e-03         1.6322637457084864e-03         3.6297759333879374e-04         6.7337504388641917e-03
63                                     1.0053498393912570e-03        -3.0082378109363015e-02         8.9894503872531327e-04        -1.7326006937320323e-02         9.6731984614248660e-04         3.3978368377909435e-02        -7.8526694568381867e-03        -2.2998637595849792e-02
64                                    -1.2815487858248593e-04        -5.4793738344927748e-02        -5.5042581156293958e-04        -2.2399908858726888e-02         1.2036430848588779e-03         2.2726738128966851e-02        -6.1086890500902042e-03         2.3777799274882275e-02
65                                    -3.6959182734950920e-02        -4.9322636801681834e-04        -4.5604056203689777e-02        -3.7464358757141196e-04         3.0430640512312435e-04         4.8567744895081566e-04         9.7544547673447608e-05        -3.8938123320896093e-02
66                                     7.1504949400144938e-04        -1.3964937420058948e-01        -1.0643287868564277e-03        -8.8579013760648917e-02         4.4494107761956034e-03         6.1591658801312690e-02        -1.3023020010822556e-01         1.1649490818778025e-02
67                                    -8.4860174502853001e-05         8.6249174506915660e-02         6.7629847043543289e-04         1.6019455196260926e-02        -9.7358191249112221e-04        -4.2673873052954496e-02        -7.2509216844549793e-03         3.2009871472625170e-03
68                                    -3.3328896419577217e-02        -4.1210909847518165e-03        -7.2873156011987817e-03        -1.9993130762676198e-03         7.8074645391952094e-03         8.6199782011190198e-04        -3.1011354585028959e-03        -8.2327868836753249e-02
69                                     3.6407023136877784e-02         6.5378485287924046e-02        -7.7279827802919062e-03        -3.8650028575500144e-02        -1.0602642562563382e-02        -6.2862992880035426e-02        -1.5103890444912277e-01         1.3973694960069932e-01
70                                     1.0266443391432097e-02         1.1142238959992525e-01         6.3342290678420647e-03         2.1465881455369418e-02        -3.2676992070717050e-03        -5.9012413095736869e-02        -1.2703488467230814e-02         2.5000798867154308e-02
71                                    -1.8867135498157359e-02         3.7958526188676821e-03         3.3380804554415185e-03        -4.4411986431854814e-04         5.1184192298450448e-03        -4.2747149068808089e-03        -5.0527586594831088e-03        -5.1035330734041130e-02
72                                    -3.5529848448859154e-02         6.4373097877640756e-02         8.8117292676212159e-03        -3.7223039591286117e-02         1.3377704233099738e-02        -6.5036427916434741e-02        -1.4913740128235140e-01        -1.2815898694122665e-01
73                                    -1.0347555250793391e-02         1.1214785096850159e-01        -4.4683999548059232e-03         2.1952879211995995e-02         5.7665842723667114e-04        -5.9850611074254691e-02        -1.2251009077453821e-02        -1.8622854862222270e-02
74                                    -2.0919390689229427e-02        -1.5409376832510526e-03         3.7865929532539663e-03        -1.3119210139456259e-03         5.8753158217483932e-03         5.5514226338641403e-05        -2.8210206802482506e-03        -5.9160697357729490e-02
75                                     5.3663058990395538e-03        -2.5704747655007815e-02        -7.5685152235873271e-03        -3.0165357036779840e-02         1.5562231803765466e-03         1.3122126225702441e-01         6.9436187295478360e-02         2.4578620007404645e-02
76                                    -2.6818204980129791e-04         5.7242761615458257e-02         1.3086350931374383e-03         3.8156534627777933e-02        -2.1638498819893217e-03        -6.1993472397469482e-02        -2.6182561434131731e-03        -1.7296423697406037e-02
77                                    -1.8331547560893530e-01        -1.6313965407601266e-03         2.1801685136582680e-01         3.6920679846857147e-05         2.0178168602075396e-02         5.9245629992570551e-03         1.0736031364271112e-03         1.5260719942008485e-01
78                                    -5.0699247498234221e-03        -1.3213880141276805e-03        -1.1487040321838343e-03        -2.5764524347123195e-02         2.4741810999369851e-03         7.1803548506707462e-02         7.0602466321043958e-02         2.9853563106181823e-02
79                                     2.3857810530622035e-04        -4.8867875322613219e-03        -9.6001596258039272e-04        -5.9517865916683309e-02         3.6438078062887920e-03         1.3840991429117036e-01        -2.8760048469291723e-02        -7.5139243883848581e-03
80                                     1.5994001107721351e-01         7.7189152561642498e-04         2.1456904188853494e-02        -2.6209176447784662e-03        -2.9137964762869950e-02         4.7064558401003756e-03         3.7643792987561729e-04         2.6878538643574801e-01
81                                     3.3519705353274921e-03        -1.6340841804392908e-01         2.3161280459986452e-03         5.0234809405464577e-02        -4.6831703664327430e-03        -1.3803818246315488e-01        -3.6755758206533325e-02        -8.2384760434601485e-03
82                                     2.6153210068180971e-04        -1.4397419856956936e-02         7.0273299944923081e-04        -7.6391372184714031e-03        -6.6316990266184080e-04        -6.1586086580886656e-02         2.3058906665416375e-02        -5.0274406635594758e-03
83                                    -1.0222851040441519e-01        -4.1497634104519163e-03        -3.1254408038161409e-02         4.0883951159749656e-03         5.7709427765013407e-02        -3.0692743742742447e-03        -9.7177763890754910e-04         7.3524905226878504e-02
84                                    -5.1058307346695487e-03        -1.0399637164893598e-01        -5.5834247509570299e-04         5.0836717538604040e-02         1.0387652803207836e-03        -6.8523853598928777e-02        -4.0892915458323069e-02        -1.9728569796370671e-05
85                                    -1.3879857136900448e-03         1.7442092624588001e-01        -2.5535120282466794e-04        -4.6468653784147357e-02         2.7372831403149659e-03         8.7547342683051227e-02        -1.0831307553785979e-03         2.6944037268747060e-03
86                                     1.6044578450194216e-01        -2.4695958565329953e-03         1.6780535551225457e-02        -3.1567352059514997e-03        -1.0232603300759707e-01        -2.2234583126519848e-03        -7.5364581300334569e-04        -8.5932283144797839e-02
87                                     6.9889978264812275e-03         2.5623426918855975e-02         4.2844431947940786e-05        -4.8094230269512331e-02         3.3205094901181685e-04         2.4217900654758838e-02        -3.2761524185751026e-02         2.3738229219285073e-03
88                                     1.4886119956349117e-03        -6.0555746737149981e-02         1.1243543219400483e-04         2.7823675260006094e-03        -5.8802671566864095e-04        -3.0231976274311421e-02         3.3299364067199695e-02        -1.8865193291222769e-03
89                                    -2.1765226525249207e-01         6.3366702685034256e-04        -5.2483051723253805e-04         2.6835760861857296e-03         6.7669983454632418e-02         7.3123065866323076e-04        -1.2101990296605196e-03         6.5561232965950147e-03
90                                     2.8569086347923914e-03         5.3740954261814293e-02        -7.3173051419062737e-03         8.2285820437487833e-02        -4.5974828267136567e-03        -8.8564708296771752e-02         1.0322991085727334e-01        -1.8917486383432849e-02
91                                    -5.3595731339133262e-04         6.9081984211076019e-03        -8.8306688180048406e-05        -4.7526392643892683e-02         3.0017899554745024e-03         1.0968785490487051e-01        -2.6132404040035955e-02        -8.4457407352289161e-03
92                                    -8.4996484961099114e-02         1.1738284325301413e-03         2.7752343326659790e-01         2.6195672876201813e-03         2.6037565113451759e-03        -2.5931163433359696e-04         2.0907523644921682e-03         1.5224687467224463e-01
93                                    -1.9552238241719584e-03        -1.0851217294752818e-01        -1.0429908978854419e-02        -5.2659840381273824e-02         2.2102435736268814e-03         9.5222299707303226e-02        -1.1232075148345316e-02        -1.0077195375836619e-02
94                                     2.5146295356818610e-04         6.3014985659590753e-02         1.7579611737782999e-03         2.1717950939180528e-02        -1.4379979736188989e-03        -8.2865194526910227e-02        -3.4022031450544880e-02         5.3872194658730038e-03
95                                     6.0326006693586370e-02        -5.2209879822950637e-03         3.1218665251445687e-01        -4.9394760865285534e-04         2.7840079926714691e-02         4.5055390399272909e-03         2.0371116581908489e-04        -9.0021012385853277e-02
96                                     2.5906609841411170e-03        -7.9906091154839654e-02        -2.2237598315931568e-03        -1.2935690660267238e-02         5.0215380448813006e-04         9.1487049208334115e-02         6.2317017365415533e-02        -2.5385180424716748e-02
97                                    -2.6349452528726694e-04        -9.2326407758916471e-02        -7.9559697488696269e-04        -1.8487399096863259e-02         1.2686344544962974e-03         6.5847999552532427e-02         4.8045878854799065e-02         1.8227972511608639e-02
98                                    -9.1283838651909449e-02        -2.3568007967157750e-03         4.0154313160458859e-02         6.8042639318894151e-04         1.8458546752732872e-02         2.0009553599506015e-03         3.3675145737498903e-03        -2.0196411907600209e-01
                                                        32                          33                          34                          35                          36                          37                          38                          39

0                                     -2.5146552519433617e-02         3.1224500507818202e-04         1.1850474934308773e-04        -1.0416313464358716e-05        -1.0706403988237462e-02        -7.9333328218983385e-05         1.9075458668856355e-04        -1.0609424665079713e-01
1                                     -1.5866564233288943e-02        -3.4491583366068860e-06        -1.9422398674987190e-04        -1.9493889224217630e-05        -1.5192450260331102e-02        -2.1567399337611795e-05         2.9530418448211431e-06        -1.2861770766206706e-02
2                                     -2.7631035662379109e-04        -1.1921801037543622e-02        -4.5011838250426390e-03         1.9665282726617907e-03        -2.1936237610389105e-04         1.5469921675608856e-03        -4.5463933197535363e-03        -3.0920939235843754e-03
3                                     -1.2615579652038455e-02         3.1091603809084733e-03         1.0584298050382399e-03        -4.7388053461779414e-04        -6.2597878804649006e-04        -3.0554092473495536e-04         7.1849266807614361e-04        -2.1500510890385925e-03
4                                     -4.6609150532485474e-02        -3.3769194820217042e-04        -4.2554478137415123e-04         3.8339830536352386e-05        -1.4572906419945051e-02        -8.6835380885079174e-06        -4.5274622728545349e-06        -2.3872821539750264e-02
5                                      2.9103445554121209e-02        -1.0528717527679865e-01        -3.9676905079399222e-02         1.6565411682275617e-02         5.7457978567058271e-04         1.0442589737262507e-02        -2.4918252490872848e-02        -1.8502902932785698e-04
6                                     -2.8866011422605919e-02        -1.6246036827005500e-03        -1.3015985920362722e-03         1.6600975095292330e-04        -8.3742070801812576e-02        -5.8059563558140039e-06        -3.3600408935840494e-04         3.4791826408331708e-03
7                                     -4.3781425653835727e-02        -2.5313798154223655e-05        -8.0157069731921803e-04        -9.6563675505056476e-05        -7.8101892667951742e-02        -1.4239424000870543e-04         9.5089474513687902e-05        -4.5281181077787939e-02
8                                     -4.5653561752734715e-03         5.1161500085124711e-02         1.9315133130865244e-02        -8.5444902652472409e-03        -2.5849409083542082e-03        -4.4248343441032805e-03         1.1508509828567151e-02         3.7847437514762071e-04
9                                     -3.5557647356387889e-02        -2.1079452531709295e-03        -1.6894655480290512e-03         1.8710865260330583e-04        -6.3082332415978992e-02         1.7030561601363170e-04        -2.4008833554610176e-04         2.7186380237628132e-02
10                                     4.0236390592509712e-02         3.0252026247630547e-04         5.3381246933179732e-04        -2.5049657746621614e-05         2.5050848588172834e-02         3.7338372268674641e-05        -9.7458832682106386e-05        -3.5286632230257381e-02
11                                    -2.8327917700867150e-02         7.1483263622709223e-02         2.6785952627207833e-02        -9.6448809828853944e-03        -2.1692787795749634e-03        -9.1337326125253901e-03         9.7567917917169150e-03         6.9038125185591698e-04
12                                    -9.5789149809191676e-02         2.7746385938398257e-03         2.5528799821898277e-04        -3.5575192066667242e-04         7.0068298908982890e-02        -3.3426672521465114e-04         9.7782105692048506e-04        -4.3650464266171952e-04
13                                     5.8224947711759317e-02         3.4359467895246344e-04         5.6637449802683637e-04         9.0804335211385457e-05         1.1729773573114460e-01         1.7325256180301295e-04         8.4297760714417236e-05        -1.0722488313218995e-01
14                                    -6.7379378196477432e-03        -7.7117419633344189e-02        -2.9115154120484925e-02         1.1619649725353539e-02         2.1878220629508683e-03         1.2709241024306253e-02        -2.4252272156703031e-02         2.1087830529515933e-04
15                                    -9.9871034446247051e-02        -1.9005667875409157e-03        -1.3826602987526534e-03         3.2102463668518027e-04         8.1193849571824239e-02         4.0907796039461484e-04         1.3695438054381136e-04         2.7038952581168170e-03
16                                     5.4009380032099784e-02         2.3882776524387255e-04        -9.2964329623758618e-04         1.9457937266131969e-05         8.2109342995222382e-03        -1.2223638778209462e-04         6.0013295160920058e-04        -4.4046989593644767e-02
17                                     9.0128899752217797e-03         7.7954835912655424e-02         2.9393682628377802e-02        -1.0573639562651525e-02         2.0900967068661234e-03        -1.0147996147869206e-02        -2.6644841435551634e-04         1.0625099462487242e-04
18                                     2.3246341672426645e-03         3.3347675888941936e-03         1.8918654653883634e-03        -5.3138308103332324e-04         4.7366367051513737e-02        -9.9600416774109964e-04         2.4139195719686136e-03        -6.9344812676110770e-02
19                                     1.0077811102248240e-02        -4.2704691625747472e-04        -6.3512940741205831e-04         6.6848408467935224e-05        -2.8253607071369351e-02        -7.8168853288352107e-06        -2.4885411872444289e-05         1.9122301578764336e-02
20                                    -3.7405124863722980e-02        -1.0447636160693813e-01        -3.9799559527099237e-02         1.9318337430104041e-02         2.1894428955402572e-03         3.3502549062762066e-02        -7.5921559751849096e-02        -2.1693279511072008e-03
21                                     1.6203725112018941e-03         1.6378531168675778e-03         1.0044661764084094e-03         1.6273061582878985e-04         1.5645212018258765e-02         1.1039193463167796e-03        -6.6288685414606034e-03        -3.6895207932023943e-02
22                                     1.4842128592432648e-02         7.6163643342862106e-05         1.1062125930263772e-03        -5.9640159057918407e-06        -4.6522536473473557e-03         1.2854568609117458e-04        -1.3326256130339346e-03         1.5021270134432390e-02
23                                    -5.7255011733915425e-03        -5.3255195120430400e-02        -1.9219709064441055e-02        -3.0289137830312048e-03         8.9339950148838534e-04        -3.1760232891425010e-02         2.0070301485884179e-01        -1.0965134421936844e-03
24                                     1.0895017685272429e-02        -2.3825831556717777e-03         2.8850441093506880e-03         1.1649120305954270e-03        -1.6254752315757820e-02        -1.5482568571068248e-03         1.4492879349874129e-03         2.6729372143355378e-03
25                                     1.6391069041177288e-02        -9.4077472183451633e-04         2.2501810063334715e-03         3.8547161483631199e-04         5.6206039509152650e-03        -4.2787611693166497e-04         4.4361856682781830e-04        -1.2709091833742348e-02
26                                     1.3622672736293575e-02         3.8116416271129265e-02         1.6337729512758893e-02        -3.2015498911423773e-02        -5.1867414093503404e-04         4.8208557649276548e-02        -5.6220305024691865e-02         8.2899254149109154e-06
27                                     5.7318447280868033e-03         8.0189751813148063e-04        -1.0601974050631804e-04        -1.8429937860881711e-03        -2.1728676608921582e-02         2.5752887361364602e-03        -1.5390812612751531e-03         1.1194032498389031e-02
28                                     1.2271012348490167e-03        -5.1199569950615412e-05         4.3317874614339218e-04        -1.7517896849082127e-04         1.6721539410990633e-03         5.8559237139151705e-04        -3.3906426211804350e-04        -1.4438412385034124e-02
29                                    -8.5809894375368390e-03        -1.8294915431075427e-02        -1.0379029486077555e-02         5.2596846000878203e-02        -5.1398543926277861e-04        -7.3075507842632739e-02         3.2133019133282516e-02         3.1164227664274609e-04
30                                    -9.9455931573280889e-03         6.6537847211021529e-04        -2.1255969742660736e-03         2.8045710238350772e-03        -1.5172113278718256e-02        -6.3654918450583168e-03        -9.7075748936394568e-04         2.8751408632672917e-02
31                                     2.1923324516532421e-03         6.3402535107097023e-04        -1.7261213457434783e-03         4.2239134909855208e-04        -2.7191273784325917e-03        -1.0226014495291085e-03        -3.4917216531412781e-04        -7.8898917220306761e-03
32                                    -2.2106159482745661e-03        -3.4431963541572529e-03         4.1122175236800260e-03        -8.6618598812087083e-02        -8.3895516672293435e-04         1.9451757625389204e-01         3.4840549677567501e-02         9.0280027158773824e-04
33                                    -9.2109641760264090e-03        -2.0107154461284729e-03         5.0041545927507914e-03         1.1535093775004452e-03        -1.1827408071683065e-02         1.3809237736498142e-03         1.0278370009342494e-03         5.1413938602902769e-02
34                                     1.8716917836445360e-04        -3.6221124884172656e-03         9.8778877902098491e-03         7.3113510044549442e-04         2.9839119306567016e-03         5.9267164669367043e-05         9.5551744155317161e-06        -6.1202982902805892e-03
35                                     3.2076345560433143e-03        -2.7473091821101948e-03         1.5339535071270851e-03        -2.4595549828868326e-02        -2.3814749556637566e-04        -5.3011262850827676e-02        -1.8037709071464101e-02         1.5995745278468980e-03
36                                     2.3389360475100486e-03        -2.0891324904233071e-03         2.6686335618714588e-03        -5.4779408917838314e-03         2.1620272267760851e-04        -2.4797131213585466e-03        -6.1099257756658753e-04         3.1747781944499011e-03
37                                    -1.1048544020486851e-03        -3.6228463291679137e-03         9.3629414440086888e-03        -2.6628814132275308e-04         1.7967778294372956e-04        -4.4075433749972518e-04        -8.0667021946006676e-05         1.8471034634343628e-04
38                                     1.3587308548186055e-03         3.6326777524680609e-02        -7.0578658715305569e-04         1.8103219712564173e-01        -3.2238002041271144e-04         7.9662879035603026e-02         2.0727251113863039e-02         1.1604827572022756e-04
39                                    -2.9545615828547285e-03        -4.7900637337076037e-02         1.3357593367885864e-01         1.3902559667136336e-02        -1.1381974469910051e-03         2.8977897023090443e-03         5.2843134513012359e-04        -2.5184676331927213e-03
40                                     1.4241551064261067e-02         3.7566393572719375e-02        -1.0228043014613976e-01        -7.5056810391441577e-03         3.8940259836447218e-03        -2.0850249958789254e-04        -2.1600160085373299e-04        -1.2698759608484687e-02
41                                    -1.5129217919596528e-03        -2.9479517226015665e-02         2.8271030887619662e-03        -1.2245734164080065e-01         2.5284421303593775e-04        -6.8830966163690679e-02        -1.3377745597314984e-02        -1.6691836047353969e-04
42                                     6.4001731795361207e-03        -1.8431134171081220e-02         4.9828430950712557e-02         2.3943377617344393e-03         1.3802347801694650e-03        -2.4901714746580658e-04        -1.9112839540489520e-04        -1.0044036985629563e-02
43                                    -8.5363245673616885e-04        -2.4378323928767806e-02         6.6783911806998136e-02         4.9359978866936631e-03        -2.1880896474217376e-04         3.5606531576651355e-04         4.5960475626845472e-05        -3.6500129309251527e-03
44                                     7.8452151881687818e-04         8.5604877914963358e-03         2.1375949656082700e-03         4.0713212379516472e-02        -5.1529580829882855e-05         2.0339871983510577e-02         3.7145024265662682e-03        -3.0535937837897789e-04
45                                    -2.6838393282859474e-03         5.3460160842008178e-02        -1.4447478660581262e-01        -7.3597062405645645e-03        -5.2909275375628053e-05        -3.1571384764193995e-04        -2.1777657836703403e-05         3.3667862375203020e-04
46                                    -1.5812633722983752e-02         2.9980613136616305e-02        -8.1859397760536551e-02        -5.3776293276667749e-03        -6.7062276479792496e-03        -1.6798247184367639e-04         1.3941170699359793e-04         1.5428989323685352e-02
47                                    -3.4841052410896382e-03        -1.9580312478068625e-02        -4.3468424952930202e-03        -1.0940984746750422e-01         8.3949485080809686e-05        -1.2446514047116417e-02        -2.5656727288993842e-03         7.0105948305935480e-05
48                                     8.7765091086971347e-03         1.5805454145819034e-02        -4.3824798198227093e-02        -4.5742349397120139e-03         4.4848817620426881e-03        -5.2045919242254830e-04        -1.9123723432281449e-04        -1.0422624865582765e-02
49                                    -1.5831162502898883e-03        -2.7457946441282660e-02         7.5008541815675539e-02         5.4701406712570526e-03        -1.9430412866303576e-03         3.8070186628558325e-04         1.1512827234961920e-04         4.9927392908012090e-03
50                                     1.5354417934481492e-03         7.7395582666443235e-03        -1.1435235587686358e-03         3.6778881205068760e-02         8.5939716709386384e-05         5.3072765190080506e-03         9.8103261069300155e-04        -2.9789364254693111e-04
51                                    -1.1561267291039685e-02         3.2249599326808769e-04        -3.8415383395208995e-03        -1.3321405291559698e-03        -5.1504039740676699e-03         2.2741398248096508e-03         2.9500045792908388e-03         2.0926609940206549e-03
52                                     1.8655145001209451e-02         1.7179540556903545e-04        -4.2230421889288497e-04        -2.7279143554039963e-04        -1.3039740193510304e-02         4.0476225296611016e-04         2.9707662206746325e-04         1.4009227006340136e-02
53                                     6.9268050837747955e-03         2.8205919865692479e-02         7.7998892273552032e-03         3.6978450080755065e-02        -2.7855299193335446e-04        -6.9041749698285554e-02        -8.6756257569914869e-02         1.5141221702226636e-04
54                                     6.2564887214677956e-02        -2.1729127757252656e-03        -9.0589476345406665e-04         2.9679451769691563e-04        -4.7216850710763314e-02         1.2391969309187957e-05         3.8738175851096531e-04        -2.3627630721900186e-02
55                                     2.7804348660809202e-02        -2.8166109260695189e-04        -7.0751094481932538e-04        -4.9586940892270911e-05        -9.1078831127038073e-02        -1.5501522878389582e-04         8.7099901939995659e-05         6.2857550169527210e-02
56                                     1.1557508192357924e-02         6.3279407372551624e-02         2.3918826026016426e-02        -1.0578589801349981e-02        -1.7526585639692854e-03        -1.9882193618433017e-03        -1.3764984773214356e-02        -9.5603633990701839e-04
57                                     6.8202936099522229e-02         7.4409405978467314e-04         1.6716983748400166e-04        -1.5809542871905003e-04        -4.7698237575600815e-02         7.4543533443736863e-05        -8.1285027484719432e-04        -4.3304184378433622e-03
58                                    -2.5865621918442793e-03        -1.9505086327465203e-05         2.6102470774222707e-04         5.5879819912635305e-07         1.3623888002038041e-02         4.0980970726182851e-05        -6.0987812205718416e-05         5.8318827995350819e-02
59                                     2.0687662628864591e-02        -3.0348298543253757e-02        -1.1341704939710316e-02         3.8703853823241585e-03        -1.3663165615972490e-03        -4.6685382076908756e-03         2.7424065642698000e-02         1.4079481675604367e-05
60                                     8.8009782424720642e-02         1.5083949721789206e-03         1.1021403057234621e-03        -2.0500003359309889e-04         5.3709704868454396e-02        -4.0834415175287618e-05         1.7827166937775109e-04         6.8515595251582503e-02
61                                    -3.9229539570185303e-02         1.4472185625884353e-04         7.3545227408147013e-04         6.4970714099477639e-05         9.0801804813710751e-02         1.9176941361983069e-04        -2.0615852345027825e-04         1.2757675404159546e-01
62                                     4.7652940000442907e-03        -4.8447165574899635e-02        -1.8285305359650009e-02         7.9951270394436908e-03         1.7108305704587364e-03         4.9662362201906328e-03        -1.0223141360457190e-02         1.5886238635936262e-03
63                                     9.0403228689426907e-02        -1.5087796547367880e-03         3.1323931161017438e-05         2.9961910252909659e-04         6.1497593167327932e-02         3.2015911535859560e-04        -6.8139015311189733e-04         6.9902448915826795e-02
64                                    -9.0212092919185430e-02         1.8943926850938195e-04        -2.8669497986078620e-04        -1.9124571757523805e-05         9.1481292802213683e-03        -1.9396558617345139e-05         1.5387918576151551e-04         1.1500433160280528e-02
65                                    -7.3314599698043560e-03         5.5515122854836348e-02         2.0964713341266421e-02        -8.9647188156556819e-03         1.4594714021043719e-03        -6.9442822215463381e-03         1.9386634106205360e-02         2.1283001964307749e-03
66                                    -3.8500979146149930e-02        -2.0054464124258957e-03        -6.7460933519810870e-04         4.1260151269214911e-04         3.5642392367362295e-02         2.5391527888685416e-04        -4.6973327093511479e-04        -1.1410872991208150e-01
67                                    -1.2991477108799162e-02         2.1545275478146729e-04        -1.1652562898913636e-04        -6.9213788030961248e-05        -2.7670889036346489e-02        -6.5669909972511904e-05         6.5528175320358207e-05        -1.2878143205807147e-02
68                                    -2.2991960860525604e-02         6.9272694513106428e-02         2.6099099779307865e-02        -1.0721061167226365e-02         7.0669162842314974e-04        -7.8204559381486807e-03         1.9400588843480726e-02        -3.2274595641869699e-03
69                                     1.7327000648504991e-02        -1.3684468533667907e-01        -5.1495738596764623e-02         2.1531797959688150e-02        -3.0801377161135533e-02         1.5172036354818527e-02        -3.8700920203348393e-02        -1.1291782887831871e-01
70                                    -6.6861229680290450e-03        -1.6811642970684406e-02        -6.4576329203448078e-03         2.5321659248528374e-03        -3.9027128824295522e-02         1.8320078342016135e-03        -4.5753937572133923e-03        -2.1489186445432292e-02
71                                    -1.4950940756164858e-02         4.4565179646644172e-02         1.6798316892139082e-02        -6.9552025997952462e-03        -3.3837684432617061e-03        -4.7382865022830593e-03         1.1545851425040226e-02        -4.6871804285141651e-03
72                                    -5.4000156270103392e-02         1.3384872147294199e-01         5.0525023131449638e-02        -2.1029600374490642e-02        -3.2363917350361156e-02        -1.5002464865140184e-02         3.8079462821899036e-02        -1.1258793581630559e-01
73                                    -1.8191406304361425e-02         1.7009803003069323e-02         6.2797407678395244e-03        -2.6569938522544483e-03        -3.9272457105129818e-02        -1.9860920038908617e-03         4.6847615191004449e-03        -2.1331026843544324e-02
74                                    -1.5480691539048847e-02         5.2406218635184916e-02         1.9742702614435642e-02        -8.1839813796006945e-03         1.2691621473966007e-03        -5.6025701966100202e-03         1.3761926934799169e-02        -1.7125316196058699e-03
75                                    -1.1347355953895251e-01         3.3684719659715762e-03        -2.6560018352250037e-04        -1.0903354653106881e-04         9.9799798441654347e-02         1.3295474076007404e-04        -2.1001825275422667e-03        -1.6599499050965794e-02
76                                     6.8136223021041414e-02         2.9133911482924133e-04         9.3412806719697216e-04         4.1699680739128528e-05         1.0232783862445036e-01         1.5382038158456249e-04         1.3416911342267859e-04        -1.0097655402857200e-01
77                                     3.7070130949861953e-02        -9.7104279988988476e-02        -3.5966282154938300e-02         5.8565726831651451e-03         3.2868298478259841e-03        -4.0671581872423210e-03         9.2746897110749862e-02         4.3857564419045366e-05
78                                    -1.4631209370480833e-01        -4.3855172079116976e-03        -3.4451982102871766e-03         8.7497433525048909e-04         1.1216361853492833e-02         1.6238345644049028e-03        -5.1754815910658959e-03         9.7899031560343630e-02
79                                     2.5776512484340222e-02         2.5891950279916692e-04        -1.6516996949197129e-03        -8.3549192659847476e-05        -3.6513301401068420e-02        -3.1722959215909566e-04         1.2521124232663164e-03         1.6572335486359072e-02
80                                     6.6256484828346757e-02         1.4952170227022354e-01         5.7016066255521310e-02        -3.0818564506889207e-02        -2.1616389284224175e-04        -5.3187674085070046e-02         1.8010219806108535e-01         3.4889433113889281e-03
81                                     2.7446126265636268e-02        -4.2856460753887358e-03         4.6661297631255486e-03         1.6128982922797783e-03        -4.2413952469103178e-02        -4.1732475819781191e-03         1.4054763476931501e-02         4.5612092779431235e-02
82                                     2.0449888304940243e-02        -1.3953716624429361e-03         2.7175677315069281e-03         4.9118894648143754e-04        -8.5275678346613570e-04        -1.0479679002995475e-03         3.4184406961493947e-03        -2.0440601659177556e-03
83                                     2.0340190966238798e-02         8.0574053568112231e-02         3.2816593863579470e-02        -4.4044292249437955e-02        -2.4935104544471535e-03         1.0476059169449491e-01        -3.7715898914629142e-01         1.1038298826279429e-03
84                                     1.3608036120245855e-02         1.0936402925519814e-03         2.4876855586123069e-03        -6.1589416394064282e-03        -2.0219065022626471e-02         1.0311091086368133e-02         1.9179396532874462e-04         7.3804335160929243e-04
85                                    -1.1800255548132618e-02         1.2092406162201410e-03        -2.9644274431143060e-03        -1.0797585465586728e-03        -1.9205986902225585e-03         2.0929672117778646e-03         4.9625396248543726e-04         5.0318719561927927e-03
86                                    -2.2047535808497963e-02        -4.5642242847147088e-02        -2.9028118897256008e-02         1.8431919599393928e-01        -3.9456839593444238e-04        -3.0721164443310622e-01        -2.8363300336325978e-02         1.8797252288770593e-05
87                                    -1.2293363529706128e-02        -1.8820708338528659e-03         7.8046153918694830e-03         4.2423744820066578e-03        -1.5383010376444047e-02         7.0251583715769091e-03         1.6571820003612296e-03         5.9604666547669313e-02
88                                     9.0639575525521716e-03        -4.4494730524225856e-04         2.2257205431832029e-03         5.3056722869156451e-04         1.2211096193712133e-02         1.3145313747152773e-03         2.2526498040302813e-05        -2.6203894592297151e-02
89                                     1.2422535511325684e-03        -3.9769566763289785e-02        -3.8027322429773332e-03        -1.1580885392348930e-01         1.7847216294615374e-04        -2.3678997873810367e-01        -3.6852496176144688e-02         1.7382277340169041e-03
90                                     5.7426328693796852e-02        -4.1949033690400284e-03        -1.4290636406714911e-03         6.0806461124990330e-04        -5.5816480920747313e-02         1.3800766851642817e-03        -4.5742629592152410e-03         1.1558863125897770e-02
91                                     2.9327932746193906e-02        -9.6089494739525966e-05        -7.4969562409429630e-04        -6.4295088804562262e-05        -8.7747080062285390e-02        -2.9424036162444721e-04         6.5004123826092788e-04         4.6586186083779686e-02
92                                     4.2376391032971084e-02         1.3282392211244609e-01         5.0478505195900067e-02        -2.3426516410935384e-02        -2.0855672586484919e-03        -4.5253612654041972e-02         1.3900337604812629e-01         2.3418552947600818e-04
93                                     4.6774978245178150e-02         3.0756013383917836e-04         3.3913525404770395e-04         8.4235790090153640e-06         6.7723096100104019e-02        -3.9069915251555741e-04         1.8379256877081409e-03         6.9745927609052280e-02
94                                    -2.0252007840224014e-02         2.3762486511289075e-04         9.0379419116471370e-04         3.9929728333758142e-05         8.5198163440621283e-02         2.2572892466916227e-04        -3.9660179875529260e-04         1.2978100224637379e-01
95                                    -2.2157509602339559e-02        -5.6922629488250836e-03        -2.2511423457240998e-03         1.2314732614479627e-03         1.7117528750091357e-03         1.6609142102451079e-02        -6.2424718496846714e-02         1.5280241957270067e-03
96                                     1.1915348995757954e-01        -5.8521978293547888e-03        -1.8981408328816855e-03         9.2989963191421657e-04         2.4151145067157712e-02         2.9751329588830898e-04         2.4250618828648264e-05         3.0163594887319331e-02
97                                    -7.0479893978863381e-02         4.9257428146237496e-04        -4.1480387377420636e-04        -1.0410158664327051e-04        -1.8410535176248719e-02        -8.0171972512832704e-05         1.5995196306106005e-04        -1.6406258232278582e-02
98                                    -4.9771038493582831e-02         2.0096193239371676e-01         7.5705163724820917e-02        -3.1744389838722034e-02        -4.5315220008293971e-04        -8.7851285535392939e-03        -1.9482751880418093e-03         1.2257342608860999e-03
                                                        40                          41                          42                          43                          44                          45                          46                          47

0                                      7.5188163191669002e-04        -5.3009985349155107e-03         3.5414955884621215e-02        -8.9809920627442166e-04         4.6622121562307543e-02         1.0447844189666817e-03        -3.4387273103128655e-05        -1.5745197386026961e-03
1                                     -1.5598510228127816e-05        -1.6705684420751956e-06         5.0625834798501412e-03        -1.4482011435993229e-04         8.0508472867693564e-03         8.1642931369161131e-05         4.2053560366927792e-05        -8.7579105414693152e-04
2                                     -1.8424941787686458e-02        -1.8807764748938644e-04         1.0048728362609639e-03         2.3026573347569800e-03         1.5695699441222258e-03        -1.5433767134368299e-02         5.7488076998905568e-03         3.5381993649616452e-03
3                                      2.5850601593184657e-03        -2.1775181926948577e-03        -3.6857071457157033e-03         9.4818011220096032e-05        -8.2667365289207598e-03         8.6095361136304105e-04        -6.2962729364046124e-04         7.0829769509655354e-04
4                                     -2.1876183965558184e-04        -1.5530714946020675e-03         1.0942789575526288e-02        -3.0756291722606804e-04         1.6138567985726864e-02         1.3953990395120371e-04         9.3284687941963957e-05        -1.0539250073246546e-03
5                                     -8.8524590598784314e-02        -2.4487075900044393e-04        -7.2573067207346430e-05         2.2840530613038239e-03         1.7906665936590738e-04        -3.4179130881334105e-02         2.0559952941430579e-02         6.8552153364026328e-03
6                                     -2.8429387346306473e-03         3.5416652397207510e-02        -6.2212686810458426e-02         8.5245341171102213e-04        -7.4171710811595404e-02        -1.1720738710308957e-03         8.1776665610405861e-04         2.3193100287979464e-03
7                                      1.6510752210891066e-04         3.5344252575119812e-02        -4.0493667248790270e-02         5.0914902001551851e-04        -3.9904003014589268e-02        -5.6380721149316992e-04        -1.3426538990784814e-04        -1.0796791482682710e-04
8                                      9.1705419384170761e-02         1.1129999023608271e-03        -1.8904934355369232e-03         1.0410572365844549e-02        -1.7357304356462120e-03         3.5351257150706300e-03        -3.3824544871880413e-02        -5.6916578048126125e-03
9                                      4.2700891329410422e-03         1.5168371769169044e-02        -3.2457755879091339e-02         1.5632435889959084e-03        -3.7567129968800447e-02        -8.0157585773225762e-04        -2.6456804152624439e-03         2.5001509977635327e-04
10                                    -3.7026894762148647e-04         3.4333342443494549e-02        -3.1932130114657391e-02         9.1132484779312431e-05        -2.7117119941936160e-02        -4.8601685617729115e-04         1.6647017254403160e-04        -9.0358078909459172e-04
11                                    -1.4854611153342587e-01         5.2829530272463403e-05        -3.9529540279166270e-04        -3.1582350618739596e-02        -2.2615503873134758e-03         1.0106032214953740e-02         8.8269557789415726e-02         2.4500282533278187e-02
12                                    -4.4202829585653661e-04         1.3290562986833435e-02        -1.6426194940419549e-02        -8.8629688400857995e-04        -8.2985534016912638e-03         2.4637497889361422e-04         2.4774821146754176e-03        -1.0020849723599090e-03
13                                     1.2295206722526465e-04         5.7863005542748272e-02        -5.0497551320454741e-02        -1.6942203868557098e-05        -3.6157445264017547e-02        -8.2513186685172050e-04        -3.0390923641094837e-04        -1.0834964356520901e-03
14                                     1.1659883654691153e-02         3.7388185411530236e-04        -6.9392862429007213e-04         2.4320936906042090e-02         8.8156849258866788e-04        -1.5204452442856661e-02        -8.5825049331286832e-02        -9.8905534736395059e-03
15                                     1.6279949207381860e-03         7.6134456755138193e-03        -4.4810209739307430e-03        -9.8119045759826381e-04         4.6991915978669314e-03         2.0794857118964941e-04         2.6054530588314143e-03        -1.8278444837730226e-03
16                                    -6.2026568812575971e-05        -6.5520700538071056e-03        -9.8049696701486789e-04         2.2377347963020553e-04         3.7509151338404077e-04         2.3113900694348040e-04        -2.8733309417617453e-04         3.2852122981952476e-03
17                                    -5.4044668107679904e-02         1.8026906856754836e-04        -4.3074055025477868e-04         2.1345632008429479e-02         1.0032173007642584e-03        -8.3200368837615373e-03        -8.4587248789967179e-02        -1.4731562043858908e-03
18                                    -1.4531779342328800e-03        -2.3409310974704837e-02         4.8177470271844651e-02        -5.5841433531238042e-04         4.2198873783458331e-02        -5.7971949343158902e-04        -1.6999902280193115e-03         2.7810801757862958e-04
19                                     4.7591827697438089e-07        -2.2817998828999994e-03        -5.9141331152444453e-03         3.1057441887697622e-04        -1.0545176343508659e-02         3.8882894673395513e-05        -3.1157075382043964e-05         2.6672822300859042e-04
20                                     5.3011122954582782e-02        -1.8375556698929890e-04         1.2111680756036628e-03         7.5047905461914357e-03         9.8939507933909010e-04         3.7995392913492701e-02         5.5370817181212013e-02         5.2406040274277796e-02
21                                     8.1579668219622663e-04        -3.0610743644506659e-02         3.1436649960541525e-02         1.9601465745223718e-03         1.3379961555667121e-02         1.5950523044364602e-03         1.1895582603213977e-03         2.9571640015768276e-03
22                                     3.2987630818294167e-05         6.0325365758314313e-02        -9.1745678840788019e-04        -1.1278115987537044e-03         3.2606350261379410e-02         3.3875269737101884e-04         2.4647587751412307e-04         2.0726535544836560e-05
23                                    -1.9683315758977908e-02        -1.6872840474426159e-03         1.7415285354722928e-03        -5.3095013459337571e-02        -5.5588890653188714e-04        -4.0164356019835930e-02        -3.6133584895378254e-02        -3.2422460105744566e-02
24                                     2.8373264846636359e-04        -2.7272669641192990e-02         2.4378179911742074e-02        -1.5119569372568223e-03        -4.8580703425575099e-02        -1.6169610950698076e-03        -6.6058916567371276e-04        -5.8512568628636642e-04
25                                    -8.5274410095006887e-06         4.0828138737461259e-02         2.3707180118926661e-02        -2.2978479869644767e-03         6.2838839518500861e-02         4.1113464070904356e-04        -9.8743699894239339e-05         2.1180614369381351e-03
26                                    -4.5623027479834528e-03         3.7354215321341486e-04        -5.1915593292152853e-04         9.7004727193524834e-02         1.0890551528608353e-03         3.1436765315517701e-02         1.9045978355078454e-02         1.0117645577348131e-02
27                                     3.0304629051852299e-04        -5.6048433347240398e-02        -6.0258950040608748e-03        -2.3898683843609611e-04        -8.1154314767736768e-02        -1.6025756828613432e-03        -7.0807527167101713e-04        -1.3632011192398175e-03
28                                     1.7677786564346742e-04        -5.6012976249377372e-02        -2.5128543312913729e-03         7.6529096878229100e-04        -3.0590899929122988e-02        -2.3967445701797058e-04        -7.7917136890128701e-05         2.8779910427352985e-04
29                                    -3.4458292681032710e-03        -2.0144998449455535e-03        -1.0807654011349183e-03         6.9862422815463412e-02        -1.1143131571667670e-03         1.6751580211295313e-02         1.9816566304887907e-02        -7.9881426485787707e-03
30                                    -1.3915259100376172e-04         3.1632760918530983e-02        -4.6220789109606926e-02        -3.4832659510263030e-04         3.2227919714309772e-02         6.6719683448840373e-04         4.4799184564952611e-04        -5.0863588101645576e-04
31                                     1.2387569353943919e-04        -4.8825348923222649e-02         1.3411151341481128e-02         2.3408758149180081e-03        -5.7094890555764534e-02        -4.2439187401909238e-04         1.9811914281503361e-06        -3.1784519359963088e-04
32                                    -5.2700049304424098e-04         7.1419997144024747e-04        -7.1617579641408702e-04        -4.0992514841743447e-02        -2.8239475999289700e-04        -1.0671447298228815e-02        -1.0296899758147477e-02         1.7239885766067991e-03
33                                    -4.3630263330344203e-04         1.8147658802755631e-01         4.7336716890009102e-02        -1.4920399633254764e-03         4.4519135628649259e-02         1.3668292959288691e-04         1.2830057456804993e-04        -6.8400430773977289e-04
34                                     4.0092027938982347e-05         2.2153296931733499e-02         1.2307277844114248e-01         4.3833599722109531e-03        -9.7848902626783141e-02        -1.0576237227453073e-03        -2.0271901751412800e-04        -1.0885428611197279e-04
35                                     5.9907509011147711e-04         5.9449544701191325e-03         2.2768147292218928e-03        -5.3173829917512148e-03         7.1929490215129506e-04        -1.5312329884194769e-03        -2.7297569385461287e-03         7.3516949627182868e-04
36                                    -2.2558810014208728e-06         2.2931828341253974e-02         2.0341117594311005e-02         7.8815334445034814e-05        -3.7356483272745259e-03        -1.4008150807827351e-04        -6.0226502984536782e-05        -1.3027466581719160e-04
37                                    -3.3959097808916677e-07         2.3548250885224473e-02         7.5885883208252292e-02         2.5879807331796365e-03        -6.0046895848674259e-02        -6.9845627788802929e-04        -1.5930502075349503e-04        -1.5455066465280717e-04
38                                    -8.0336429305089962e-04         8.0902937659525331e-04         9.8276160186355223e-04         4.2557115924121208e-03        -3.5152699502954027e-04         1.0346115444140208e-03         1.6293180817568132e-03        -5.2475911169272676e-04
39                                     2.7805370076652390e-05        -2.0758104560073039e-02        -2.7274706839439933e-02        -7.0213487554095797e-04         1.2201230538871620e-02         1.3761248225949697e-04         3.2386526271723735e-05         5.3197629071535368e-05
40                                     9.9129149639270436e-05        -5.8009324412578202e-02        -6.5638322731312815e-02        -1.5678675788352353e-03         3.3859485421723623e-02         4.6479574768163194e-04         8.0898057526875282e-05         1.8759185118403751e-04
41                                     4.2305900111869074e-04        -1.0220976871060353e-03        -1.4205719394427287e-03         2.9994932848741670e-03         7.4774664632456763e-04         1.1696174742072897e-03         1.1304742050783688e-03         1.9404560998498969e-04
42                                     9.5541837465233295e-05        -5.6686052618739297e-02        -7.1874335546691343e-02        -1.6865724244380027e-03         3.6455853268999604e-02         5.0497571248087753e-04         1.0702278236155052e-04         1.8583590524274077e-04
43                                     5.6080636871682261e-05        -2.3420829520845395e-02        -3.0205314489094533e-02        -7.0183755615274882e-04         1.4306489397595414e-02         2.0541427590092242e-04         9.7618594322907429e-05         9.7709271189219649e-05
44                                    -2.4491159436162903e-04        -1.7747698213315336e-03        -2.2319008811157609e-03        -6.4757758147523231e-04         1.1232198926489055e-03        -2.6816567833775836e-04        -4.1837990197096366e-04        -4.5526307644937300e-05
45                                    -1.2663740685909535e-05        -1.9096013979757430e-03        -5.2951217419914664e-04         2.0557478445768423e-04        -1.4123669340176421e-03         4.4326923068241955e-05         2.6383581533995158e-05         2.9743795523142687e-05
46                                    -1.1582480833604962e-04         2.1344526750170387e-02        -5.2839564105686222e-02        -2.3880386597275893e-03         5.5104283621184490e-02         5.4705288976805927e-04         1.0546261711135730e-04        -1.7679905963122428e-05
47                                     1.7287632524023836e-04        -1.6742996781782172e-07        -2.1431783385753104e-04        -4.4556754341046091e-03         1.0891043552398492e-04        -1.4332509875055082e-03        -1.3701571715023946e-03        -5.5603130908903681e-05
48                                     7.7326508794724151e-05        -1.5673340022330583e-02         4.0675798141600703e-02         1.8627304308917732e-03        -4.3168935132277715e-02        -4.2242454060666275e-04        -1.0181457947898358e-04         3.7608910158989635e-05
49                                    -3.4849595884960093e-05         9.7120963024211748e-03        -1.8523594860595301e-02        -9.3408036841751264e-04         2.1364972128965227e-02         1.9794527500733046e-04         4.4226691021715706e-05        -2.9236428587194627e-05
50                                    -6.7258694257210937e-05        -4.3651752067546561e-04         1.1674825394345010e-03         1.0521258171166733e-03        -1.2263957231812964e-03         3.0708682732600434e-04         2.9322466270823716e-04         5.7459815082342164e-06
51                                    -2.6202585822097826e-04        -2.9921863476953289e-02        -2.7605376311990015e-02        -1.4513792452367245e-04         1.5898902137641364e-03        -6.8756713831887647e-05        -2.7210738330858106e-04         4.7211284611160646e-04
52                                    -9.4775138042512574e-05         1.4574521090517982e-02        -3.7466823570310344e-02        -1.6787308389236120e-03         3.2086777247312834e-02         7.8832175031559565e-05         1.3567537955516358e-05        -1.8836705196790746e-03
53                                     7.7080897153119594e-03        -7.4137405804592098e-04        -1.2195642470993278e-03         1.5321793997237056e-03         2.8936477449406146e-04         5.6136241643598627e-03         6.3293635193848105e-03         4.5131359718491252e-03
54                                     7.6016274926946417e-04        -4.2070663919554920e-02         8.0926602218080762e-02        -1.1204293331648868e-03         9.2016833810983564e-02         2.3317385775405747e-03        -3.5768985501136559e-04         3.8498011441735836e-03
55                                    -1.7411312943881583e-04        -3.2751730611303632e-02         2.2667627292434392e-02        -2.3787298895712287e-04         2.3008634645895459e-02         2.7938321998528890e-04         1.1197219893931179e-04        -2.7351497846495845e-03
56                                    -1.9729635401381063e-02        -1.7390605384508787e-03         2.5814089810381954e-03         2.8071546466732991e-04         3.0645564132122981e-03        -2.8339651109263096e-02         1.8517209362489215e-02        -1.3719403465544433e-01
57                                    -3.8509289022469629e-03        -1.1342415323700606e-02         3.1571126383888266e-02        -1.1525119463622197e-03         4.0604313634889595e-02         2.2364677168690210e-03         7.5097516033378203e-04        -1.6711944517798962e-03
58                                     2.8336535607397157e-04        -2.0950371485434036e-02         1.9693658168082745e-02        -3.0389365032913398e-05         1.8273453885102351e-02         1.5335216328038383e-04         9.6135620825477754e-06        -5.6900178917476565e-04
59                                     1.2904609304472228e-01         8.6411187093113093e-05         4.8538070290975860e-04         2.3199406177278885e-02         2.4368167918915268e-03        -5.0523429241700737e-02        -1.9041459777577301e-02         4.6405600430641729e-02
60                                     1.6237709593389903e-03         6.5136840919240001e-03        -2.2189458280253687e-02         1.1212259602488570e-03        -2.5931597331558403e-02        -2.8858276742142800e-03        -3.0635400186679558e-05         8.1291878279396987e-04
61                                    -1.8245289237711604e-04        -5.4046821544361801e-02         3.8496588027832672e-02         4.4547784413719931e-05         2.3278256656886868e-02         6.6933925938242875e-04        -2.7554495457171031e-06         1.5783047891218250e-03
62                                    -5.8093299991598388e-02         3.0198062016905254e-04        -5.4174052002561195e-04        -2.5179959975797427e-02        -2.6463635845874150e-03         8.6326229831046791e-02        -2.4966616027761123e-03        -2.3673831153127725e-02
63                                    -1.9840035294322205e-03         1.2192247209910585e-02        -3.2439193078802525e-02         8.8024816554711739e-04        -3.6228338139492083e-02        -2.9085342306436508e-03         7.7795586770307995e-04         3.0523035019850781e-04
64                                     1.7824028300995480e-04        -2.4906986726572107e-02         2.4011643772750731e-02        -2.1109153273180892e-04         1.9568865483684941e-02         5.1339142155934763e-04        -3.1458289350090765e-05         1.8206130991672855e-03
65                                     6.5179644012938978e-02         5.9100372039313771e-04        -9.5914838360506140e-04        -1.3792472914460271e-02        -2.4403085013740456e-03         8.0999583318009577e-02        -3.0143512060478661e-02        -2.9467771904517704e-02
66                                    -1.1285347296199012e-03        -2.3325234896110221e-02         7.8140854485938299e-02        -1.5472774391555540e-03         1.0640820918878043e-01        -2.1402762935159578e-04         6.6861843580125647e-04        -6.5601419231479897e-03
67                                     1.7814949570750169e-04         4.6467255576118586e-03        -5.4536721072362395e-03         8.0464215152691935e-05        -6.7306184055174051e-03         6.8614270420317070e-05        -5.3720871963811797e-05         4.8566091483479105e-04
68                                     4.6592187984965595e-02        -5.2563406580840146e-04         2.3319920038841523e-03        -1.2300589272760306e-02         2.0402098272794653e-03         5.8913685508410411e-02        -1.2603893194236363e-02        -1.0219849732194013e-02
69                                    -1.1654333908761562e-01         3.1417272201558683e-03         1.9253927895723947e-02         1.9848924032476258e-02         2.6890269176723543e-02        -1.1234021671027410e-01         3.2773234576778693e-02         2.3417621686945420e-02
70                                    -9.8357039052053702e-03         9.3613627962159003e-03        -1.3052642679599630e-02         3.1855993866860186e-03        -1.6771382700043424e-02        -1.3583877270440999e-02         2.5561187605046332e-03         4.2166013541328267e-03
71                                     3.2363549817383118e-02         9.4178588236733880e-04        -1.0265162505186398e-03        -5.6990727500502219e-03        -2.2607898868721213e-03         3.0856334847144676e-02        -8.4358774121213523e-03        -5.4193356577593131e-03
72                                     1.1490892972828835e-01         3.7779784018321079e-03         1.9301710449994017e-02        -2.0395570120651661e-02         2.2967367405783635e-02         1.1091341767574889e-01        -3.2073128140082341e-02        -2.2019002000693157e-02
73                                     1.0118430573092351e-02         9.4515159479933789e-03        -1.3091906108320379e-02        -2.6474579279142730e-03        -1.7357799523565098e-02         1.3270471137342060e-02        -2.6880683691727584e-03        -8.8159976580207188e-04
74                                     3.9076011592023140e-02        -6.0771308719482847e-04         2.2991274026875801e-03        -6.9502576493946679e-03         2.6848802059931702e-03         3.7391774015796533e-02        -1.0303407433402710e-02        -7.4604346647466025e-03
75                                    -6.9743947946214260e-03        -2.6620998156367554e-02         3.3670292491719989e-02         3.5384102296508271e-03         4.7806894913232652e-02        -2.0051898452130693e-03        -1.6412625958266383e-02         8.8353878874049740e-04
76                                     6.0382845468316985e-04         8.0725368819101972e-02        -7.9441945776070583e-02        -1.0749299296944479e-04        -6.7964960979607247e-02        -1.1640338664197897e-03         1.2350158191940408e-03        -2.1812434506124252e-03
77                                     2.3097994880991576e-01        -1.0180285060569173e-03         2.8417602710449933e-03        -1.3982504834320378e-01        -4.6003735542320583e-03         9.5056026844602001e-02         5.3588429067456222e-01         2.0539547473446954e-03
78                                    -4.2591170502080536e-03        -1.5856611306584476e-02        -4.3193278792760630e-03         4.5106750104155005e-03         8.0731899675618984e-03        -1.2211488583438266e-03        -1.5503555539519950e-02        -4.5278629540380904e-03
79                                     3.4559579530410591e-04        -2.0161135316088485e-02        -2.0661310616198712e-03        -1.6635088732022294e-04         1.4808515045881688e-03         5.4530498027305883e-04         1.3480840855425293e-03         3.1621903243359891e-03
80                                     1.3275677554787418e-01        -8.0770418884722856e-04         1.9627799433460792e-03        -1.5326819218616691e-01        -5.6733172526500977e-03         4.6625986338604444e-02         5.0574772932796508e-01         6.5427667070771300e-02
81                                    -3.3707545214024860e-03         6.2332852239738612e-02         2.2319156512624179e-02         2.2858624951499644e-02         2.4738172303917015e-03         5.5546849763178242e-03         2.6319565299669358e-03         1.9463009798861084e-03
82                                    -8.8238924720267817e-04         6.3852133940198327e-02         2.3165841729124045e-02         3.3921454107437728e-03         7.6191416796764055e-02         2.1199032575981180e-03         6.7011609023086814e-04         2.8290687002885317e-03
83                                     7.3915146987968111e-02        -3.5976397080250591e-04         1.0136987172811170e-02        -6.3530604328838236e-01        -1.3852846614645921e-02        -1.3656209867556679e-01        -9.2566184918651123e-02         2.1824415279448534e-02
84                                    -6.0702452765073567e-04        -5.6269393875441998e-02         3.9370332933136236e-02         1.8821793913824839e-02        -1.0303573804038661e-01         3.0592901231432097e-03         4.2429174485063784e-03        -1.9000257615923975e-03
85                                    -2.3786384213715252e-04        -5.7567456314917380e-02        -8.5144295022951538e-02         2.6405101008828936e-03         6.0508347527227762e-03         1.4944429617783828e-03         1.0524286348533181e-03        -8.4197720803417240e-04
86                                     2.7939442322385769e-02        -5.1385238998342027e-03         6.7116791642170106e-03        -4.7908669232952511e-01        -1.5480173568669840e-02        -1.3796993694081353e-01        -1.3275417144303736e-01         2.2721765434707549e-02
87                                    -4.4036342255541485e-04         1.8964407789361254e-01         1.9504584939511533e-02        -5.6687925661313265e-03         6.7002721522484529e-02        -6.0035522914941299e-04        -8.8128901100223433e-04        -6.6876113249201446e-04
88                                     1.5894060886510554e-04         1.0969720804054971e-02         2.0829381134364364e-01         6.7008349808186391e-03        -1.6199334837173246e-01        -1.9813329179857882e-03        -6.2279904758941358e-04        -4.8293284007572078e-05
89                                    -8.0217472291863880e-04         5.5909260039728364e-03        -1.1654756962139168e-03         9.6335848143271147e-02         4.4795435785774020e-03         3.0282296006140901e-02         3.2308943292874343e-02        -1.4971240889006380e-03
90                                     3.9038829626310448e-03        -5.2158656462901479e-02         1.1463578700076668e-01        -5.8105367638405076e-04         1.3748752453212032e-01        -3.8913411079841563e-03         5.0119465132339568e-03        -2.4340740509641006e-02
91                                    -4.6262166068664805e-04        -2.9576590580848241e-02         8.2826735105604489e-03        -1.9387817675329066e-05         2.4638930425660553e-03         6.6014013296936862e-04        -5.1533217060865250e-04         5.1296394643080001e-04
92                                    -1.2550620745541882e-01        -2.6647482193214224e-04         3.5727385772667251e-03        -5.7023284017916169e-02         1.8334065477268162e-04         2.0288312814866952e-01        -1.5785408793875003e-01         7.8204495796812235e-01
93                                     2.5893040135984901e-03         2.1235272565349197e-02        -6.0260440588237263e-02        -2.4575087520742563e-03        -7.3942220270121872e-02         1.3753540702063341e-02        -3.5046209347290320e-03         3.1478775806012150e-05
94                                    -2.5710256454591668e-04        -6.2994284283535776e-02         5.8492816986494230e-02         1.4002074405585933e-04         4.7484913270184149e-02        -4.0528180827059879e-04         3.6237894820620632e-04         8.8979031502197075e-04
95                                    -9.2169672597980812e-02         1.0174491591195547e-04        -2.7225236324437793e-03         1.1472090475150394e-01         7.0643266823199073e-03        -5.0874469042026915e-01         1.0981879677303745e-01         8.1095458197999473e-02
96                                    -3.1640190331765775e-03         4.9237273310881499e-02        -6.8886693236026197e-02        -3.4183739762777272e-03        -6.4417665268752172e-02         1.5449584921067393e-02        -3.2497786009732434e-03        -7.8692199785763556e-03
97                                     2.5830197750398260e-04         1.4403717442581622e-03        -1.8328244486337504e-03         2.9971400997910226e-04         4.5005568415892426e-05        -1.6798017494455281e-03         3.5171308652332119e-04         1.5085308216063115e-03
98                                     1.0486682674151283e-01         1.1366708394388930e-03        -3.1257247639954557e-03         1.3928214598334213e-01         8.9978282641018960e-03        -5.7266400477451995e-01         1.0889837367616596e-01         2.0389524084486804e-01
                                                        48                          49                          50                          51                          52                          53                          54                          55

0                                     -5.3747657467327500e-02         1.1453354034416862e-04        -1.8058192448455627e-02        -2.7269786741018905e-04         2.9881973447151955e-04        -5.9186864633425833e-03        -2.1509107355720506e-03        -2.1135887679802351e-05
1                                     -3.2222030510169884e-02         5.7659844239123161e-05        -4.2602029159192645e-02        -6.7891663497918599e-04         6.0775968538561581e-04        -2.0243572410974426e-02        -3.8003833572293581e-03         4.7152517398704940e-05
2                                     -1.5214139325825057e-03        -1.1009797965647030e-04        -3.7140521254324532e-04         4.5012945717127780e-05        -7.8337103572649971e-04        -1.4293437266682150e-04        -6.2254141909666558e-05         8.7516493991249668e-04
3                                      3.2535486399775534e-02        -8.1482938013956144e-05         2.1121723525325025e-02         3.2238135811890920e-04        -3.3504603137803985e-04         8.3966331046791548e-03         2.8072513218644433e-03         1.2885669142445944e-04
4                                     -3.8999456426895750e-02         6.4435983815568090e-05        -2.9402365091985766e-02        -4.5430435504102961e-04         3.4812311334810574e-04        -1.1588924676770718e-02        -3.1549628373576887e-03        -2.4272908416986288e-05
5                                      8.4483439173369662e-04         1.6316615516041448e-04         6.6215774885433707e-04         4.9642610099661319e-05        -2.8710022155052384e-04         2.5430575503537073e-04         9.5346749054947319e-05        -2.7223788321880105e-03
6                                      7.9218806921085655e-02        -1.3773185774741247e-04        -6.0484850563426755e-03        -1.2091191937664024e-04         3.7276719808009283e-04        -1.7074280099054685e-02        -5.6741803951386883e-03        -2.7505509104855901e-04
7                                      1.4323044804999670e-04        -1.7361109733158260e-07        -7.8060957201863693e-02        -1.2852356858028863e-03         1.9489227151115198e-03        -5.7440521013489704e-02        -1.4935154165718089e-02        -1.2462752961716540e-04
8                                      2.4530637720042788e-03        -7.9406133974092635e-04         1.8878376907806514e-05        -2.6836491747074721e-04         3.5728458716805505e-03        -2.5522472315999691e-04        -1.2549166685120312e-04         9.7209704651997145e-03
9                                      3.4656838163699404e-02        -1.0192207480909634e-04         2.3334947539444009e-02         3.4918165022289154e-04        -3.8318375592223832e-04         1.1150859727693887e-02         5.4283857268921896e-03         4.3680828081207158e-04
10                                    -2.7659382730959137e-02        -6.2438016488099922e-05        -1.3467062539211557e-02        -2.1167717613979989e-04        -6.9204528294497286e-04         2.2503663376593468e-02         9.7039565999145084e-03         3.4083078961974208e-06
11                                     5.0843377085238483e-04         1.5001644853405794e-03         6.7987444054860141e-04         1.3282647516012387e-04        -6.2017335869945622e-04         2.4502013570941960e-04         1.7081315211427288e-04        -1.3345914213712021e-02
12                                    -4.7614661693820205e-02         1.4939826919794423e-04         6.7001576950156535e-03         2.2892109221197274e-04        -2.6632281418307951e-03        -4.1039245754604745e-03        -3.1393392601463408e-03        -7.6229944884606150e-05
13                                    -3.0771986341615168e-02        -1.8072721503497953e-04         5.2416912975921742e-02         7.8818352019150990e-04        -1.1744693944266851e-03         4.1707060489584717e-02         1.5830782322148709e-02         7.1453747113927238e-05
14                                    -1.0803398294451469e-03        -4.9963531749573058e-03         1.7654783194056200e-04        -4.3417061618314361e-03         9.0532096751736318e-02         2.6443995512176049e-03         3.5328507779321821e-04         2.0537734737783729e-03
15                                    -6.2707834192462272e-02         6.7703617803530744e-05        -1.2898917593484561e-02        -3.3308777761246165e-04         2.3012822622206931e-03         1.8460708122352464e-02         1.1429765340926318e-02        -1.4563954114302863e-05
16                                     9.3511268455219329e-02         1.7884912983483006e-04         3.2194720220860978e-02         4.5236156580096736e-04         3.5613496169448039e-03        -1.1176272022382827e-01        -4.4279943111299166e-02        -1.6172801015538994e-04
17                                    -2.2276911390016209e-03        -2.2817557805160532e-03        -4.8265277838823584e-04         3.5410628687066485e-03        -9.3824876970035082e-02        -2.1252777933540401e-03        -1.3704465465441004e-04         9.3701420939507421e-04
18                                     7.6599514310790998e-02        -3.0573399159913032e-04        -1.9680362533926334e-02        -2.0187254568387614e-04         2.1568244274736207e-04        -1.1995139269223448e-02        -1.1744614336760120e-02         9.6438322920879544e-05
19                                     2.1104915799782836e-03         3.3397674526458007e-06        -2.3854333713990802e-02        -3.3742465054359763e-04        -7.3632229845051753e-04         1.8997353787249344e-02         4.7833818936389837e-03         2.3076605931286643e-05
20                                     9.2616288514371431e-04         1.1455542061029557e-02        -5.4202392890977623e-04        -4.4777019672559057e-04         4.5460701120786694e-03        -2.3027709402688014e-04        -1.1453053438857040e-04        -3.2631431337791028e-03
21                                     7.2052207352524045e-02         5.6439356264392250e-04        -5.2231222251909938e-02        -6.3550988346896251e-04        -6.6092341574175114e-04         2.5637437592317014e-02         1.2392622466590376e-02        -1.5231084945831927e-05
22                                     6.3553624027306074e-03        -1.3072839727466227e-05        -1.0879687853854377e-02        -1.4793621066766226e-04        -3.1598912832649486e-04         9.5825606602477249e-03         1.1234778186832470e-02         1.5897861530270434e-05
23                                     3.1736852930695494e-03        -2.1850780428046303e-02        -1.7432998639551791e-03        -5.5714514250236229e-03        -9.4674752921185788e-03         5.5312035375726170e-04         3.4655061372706054e-04         1.9005595004120237e-03
24                                    -8.0302115787582867e-03        -3.0935826547102601e-03        -4.6896259320030253e-03        -8.7341485762597120e-04        -6.7014554500769666e-04         2.2594658023924359e-02        -3.7198850226348182e-02        -3.9580995525437996e-05
25                                     8.8474536103378604e-02        -9.0487994687540147e-04        -9.2366694205623837e-02        -1.4858278146039528e-03        -2.9472933392234888e-03         8.6371361072009406e-02         2.1312795427131860e-02         6.8495125182449029e-05
26                                     8.0332438127737692e-05         9.2922004670148356e-02        -1.2711483667728059e-03         3.6852375732996615e-02         6.2408895533638455e-03         1.5694506000364901e-03        -9.6059356527683785e-04        -3.5392125765463676e-04
27                                    -4.8959277484750721e-02         2.9468735013158153e-03         2.3091802071831643e-02         2.6174519513420761e-03         2.9715164059051461e-04         1.0624210218990696e-02        -7.5098198742507893e-02        -2.8343296517976574e-05
28                                    -1.3922983863433650e-04         6.4195317528644650e-04        -2.0028029867386894e-02         6.3699398277537852e-04        -1.1147027219667969e-03         5.5491987554036198e-02        -9.9062798073177957e-02        -1.0360613806914112e-04
29                                    -1.5430639114048068e-03        -1.0385841212308752e-01         1.6954879671428399e-03        -6.5875046352732919e-02        -4.5687192934776343e-03         5.8604367409010726e-04        -3.3638960826024656e-03        -3.4779762288428459e-05
30                                    -1.8775619228328211e-02        -3.2841241140323758e-04         1.2642207575792170e-02        -1.1673327054948818e-03         5.7210380305200569e-05         5.6718801594289343e-03        -4.3055098332057354e-02        -6.1075135030618137e-05
31                                    -2.1310480293641645e-02        -6.7445454902102792e-05         8.3280302669379979e-03         6.3234911342869061e-05         3.9696013913264483e-05         4.8346915738137998e-03        -2.8335577559586350e-02        -4.6094356710209042e-05
32                                    -7.4501353510169526e-04         1.1293089016643691e-02        -2.3740313478159587e-04         4.5760101636890961e-02         1.8525902861460169e-03         1.2296700531679966e-04        -1.2827053954729522e-03         1.5216384045481376e-04
33                                    -5.9712768573111840e-03        -1.9529286265896699e-03         1.4618555739760406e-02         4.5619855141601565e-03         3.1961230464228648e-04         3.8109146336248322e-03        -5.5050779908421374e-02        -2.0209903521350926e-05
34                                    -6.7078006090752918e-03        -3.5966038787678368e-04         6.1500175705840035e-03         9.6088938785981581e-04         3.1601703076245794e-04        -1.4611015323812883e-02         2.8258877600490211e-02         1.6496778144266625e-05
35                                    -1.7251404597202376e-04         5.5095144015833680e-02         2.4243857106856881e-03        -1.2754388887079104e-01        -4.3993309276508389e-03         3.5408280604418103e-04        -2.2987587723489349e-03        -2.2238333420458297e-04
36                                    -1.1108758313251887e-03         6.0535694286076899e-04         6.0078991959621941e-03        -1.1570410545674952e-03         1.7786825737616598e-04        -6.1529263246375664e-03        -4.3653795824222085e-03         1.9072490631894420e-06
37                                    -7.1829024943969354e-03        -8.7073433968732502e-06         9.1196121370694869e-03         1.4320752688372563e-04         4.5893544970316213e-04        -2.0924810385075168e-02         3.3755291728538667e-02         2.2814899303514658e-05
38                                    -9.1278828200422674e-05        -1.9170675909876485e-02        -3.2438163181721112e-04         3.6797439422092335e-02         1.3363627229035205e-03        -3.7363726968816515e-04         2.1868401087570403e-04         6.7661324910915380e-05
39                                     4.6002671422802144e-04         2.3975017405313798e-04        -1.9782037747962033e-03        -4.3330526037532350e-04        -5.1985657587994763e-05         2.3358608201773032e-03         1.0982335887444471e-04        -3.4899910518416059e-06
40                                     4.6120990014587547e-03         8.1633922573585028e-05        -6.1589668938571429e-03        -1.9576740636240064e-04        -2.2078994035016911e-04         8.3678840195505859e-03        -6.9061947438391544e-03        -7.6836069654164372e-06
41                                     2.3594379122583047e-05        -7.5547390340541185e-03        -2.9617392619576266e-04         1.3369762534024301e-02         3.7506703907454268e-04         8.8464974480716862e-05         7.5926975477630851e-06         1.0736763237140413e-05
42                                     3.6346613168718985e-03        -8.1851800046248787e-07        -6.4270949152062671e-03        -5.4749046174595161e-05        -2.3006863478058155e-04         8.4680261806508849e-03        -5.1967090329777992e-03        -7.3479552764654876e-06
43                                     1.6049067443698699e-03         1.5596042659011927e-05        -3.1239296127804415e-03        -5.7922285926780318e-05        -5.3300997806608356e-05         3.6119802856411955e-03        -1.0195920433009684e-03        -3.6418150294100247e-06
44                                     1.2589277182873917e-04         1.5126595780983047e-03        -1.7092395922230596e-04        -2.7429082277548966e-03        -1.2774007297560854e-04         2.6007475684765589e-04        -1.7517537491159593e-04         7.0715746346062768e-06
45                                    -3.9406136531634504e-05        -3.8139277898966583e-04        -1.2940393724181246e-03         6.3556234001521000e-04        -4.2365854975256674e-05         1.6626637414582672e-03         5.1664236899828976e-05        -2.0277771736927925e-06
46                                     2.8772150219714453e-03        -3.8133283402549098e-05        -1.6814377852302827e-03         2.7506321885350829e-05        -1.4117927050473220e-04         7.5613816192306726e-03        -1.7205863665925233e-02        -1.1368396256466135e-05
47                                     3.7458532680826687e-05         1.1796667563299600e-02         2.2501257306180552e-04        -1.8973573068741891e-02        -5.5958024178909011e-04         1.5013099211977371e-04        -1.7639411112601642e-04        -1.1857099963669932e-05
48                                    -2.3330990788232573e-03         5.2066247646825666e-05         1.6075425717617737e-04        -1.7071707197044096e-05         5.1199679439819953e-05        -4.3620382270487821e-03         1.4098751629822374e-02         4.4580949054116328e-06
49                                     1.0640706536956140e-03         3.4003976770729430e-05         5.9214158540197702e-04        -8.8148788378479074e-05        -3.1583016293228083e-06         1.4182238195956051e-03        -7.3986402130353781e-03        -3.7992416203672377e-06
50                                    -7.1833999213119799e-05        -2.4988252436562003e-03        -5.1600545658824325e-05         3.8637677572205850e-03         1.0121713910762347e-04        -1.3911578601552731e-04         4.2555330340564979e-04         7.3681719045268712e-06
51                                     1.3334995583065057e-02         4.2217282326425474e-04        -1.7468885594995397e-02        -1.4474718765833056e-03         2.5096736495434106e-05        -3.3552675772749833e-02         1.6740197533780993e-01         1.5674480692360002e-04
52                                    -4.8989592993697005e-02         1.2341274783934174e-04         8.9080812698609957e-02         5.8874245036815711e-04         3.1047111984695698e-03        -1.0756378189014386e-01         4.2630581520162671e-02         5.8405200850088603e-05
53                                     2.8273621878248846e-05        -2.2103196055873542e-03        -1.0684771818692593e-04         5.9521073731416217e-03         1.3922547530605741e-03        -1.7394465221092740e-03         5.7645432570641629e-03        -2.3939853688236285e-04
54                                    -1.9621067353406650e-02         1.3071501100722201e-04         4.7100205888092384e-02         7.9995361909015778e-04        -1.4398692685464116e-04        -4.4360152562604666e-03        -1.5038662958315097e-02        -3.5685343572944034e-04
55                                    -7.6930878005951706e-02        -1.5172637178096357e-05        -3.8192132044311713e-03        -8.0545511035146826e-05        -3.3439717670331777e-03         9.4909590416808409e-02         5.5543313685326105e-02         1.8660952692332056e-04
56                                     3.5341614510499986e-03         4.3378262742389045e-03         1.4957576742225722e-03         1.5264703723963670e-03         1.2272197934446403e-02        -2.2045020505606460e-04        -6.4264778550273880e-04         1.1144378923669623e-02
57                                    -1.7019437091331538e-02         2.9018609335071383e-04         3.2820119376161638e-02         5.7742489397660769e-04         8.6127869360100816e-04        -8.7959065279514560e-03        -1.1102756215089125e-02         1.8687080894609108e-04
58                                    -2.8341932818064214e-02         1.0525078533936958e-04        -3.6047780564237616e-02        -5.6124752972094209e-04         4.4584517153871953e-04        -1.3956129297919929e-02        -2.4999699867496923e-03        -2.9840902184256168e-05
59                                    -1.8018256805681868e-03        -1.9752168737096521e-03         1.0291228152310686e-03         2.9772117833440408e-04        -1.4780596926921083e-02        -6.2942053833272172e-04        -4.0661400736200881e-04        -7.0625520793698923e-03
60                                     6.8400305095964592e-03        -8.8770274622936024e-05        -5.2799385001467483e-03        -8.4216977172796450e-05        -2.3226394054058069e-04         3.8686617086890794e-03         1.5494043170636547e-03        -3.0855644457040291e-03
61                                     5.5807684212839291e-02         6.6021432845728454e-05        -2.1651330077660295e-02        -3.3277863886018713e-04         1.6274709576659238e-03        -4.8731564953745525e-02        -2.0896417036780669e-02         1.5485091711089972e-04
62                                     7.3172019038005812e-04         9.7327431389370312e-04        -1.1469872112403618e-04        -9.2411556494880823e-05         2.7691521795001881e-03         2.6262771497121925e-04         8.0622189584783915e-06         1.0334042739425110e-01
63                                    -1.5237970132781340e-02        -7.8831163526017507e-05        -4.5091413113522633e-02        -7.6015405180414504e-04         6.8398839545929932e-05        -5.3104324451245426e-03         6.1693790724030965e-03         2.6660036701247765e-03
64                                     6.4724934963321504e-02        -1.0577762033924224e-04         1.4524722435152371e-01         2.3538900226276406e-03        -2.4816701399764216e-03         7.5697321132347284e-02         1.7237404051932068e-02        -1.2988742432806707e-04
65                                     1.6144382535555671e-04         4.2870078263315431e-04        -1.6647859230139611e-03         1.1759209934810585e-04         2.6445980252930994e-03        -2.0551845194067349e-04         2.6886623207279087e-04        -9.1660928616525250e-02
66                                    -2.4869876042880110e-01         4.5706996022388288e-04        -2.3973524814703018e-01        -3.8245098215411348e-03         3.1295549196526710e-03        -1.0281694722512121e-01        -1.8310600235770427e-02         3.3969921373096414e-04
67                                     1.8483364819089583e-02        -3.2637618669014760e-05         1.6355795772600223e-02         2.6770284340957632e-04        -1.5124261175631249e-04         5.4395284912602216e-03         3.3264943286180593e-04        -5.5407094523181288e-06
68                                    -6.9902364723148725e-03         4.4217941873518803e-04        -6.9825159389905085e-03        -1.7583816404995902e-04         2.1937445067035269e-03        -2.9099245831583648e-03        -4.8882969281852627e-04        -8.5728427869881975e-03
69                                     1.7517845338719834e-02        -7.8442603116419185e-04         6.6184810538400168e-02         1.2228711733176113e-03        -4.6219583536467835e-03         2.9320801233505361e-02         2.7785709866383099e-03         1.0339208953364496e-02
70                                     6.1222223804416359e-02        -1.9035702881486669e-04         7.4365828888691657e-02         1.1986291091837748e-03        -1.0662975051179279e-03         3.0886918672088790e-02         3.9420372155312506e-03        -3.4020818952320512e-04
71                                     1.3687211681399256e-02         1.8620276729604634e-04         2.0871249351896499e-02         3.1291039101407242e-04         6.9903799000219980e-04         9.8530856135486348e-03         1.5724768243703417e-03        -3.6283635630927785e-03
72                                     1.9500313139355654e-02         7.4330447512971777e-04         6.7404826490106443e-02         9.6994695721107122e-04         3.0565834776670516e-03         3.0232030309069229e-02         3.0236202027669030e-03        -1.0329347351861464e-02
73                                     6.1519477838134815e-02        -2.1216012127791394e-05         7.4462466482907982e-02         1.2158542616721288e-03        -6.9856802762690749e-04         3.0933959376153779e-02         3.9535711566090551e-03         1.4604455828467214e-04
74                                    -1.2655329147260620e-02         2.7839651826175766e-04        -1.7404072876771821e-02        -3.1403150522094927e-04         1.4631756204670629e-03        -8.2101634100657586e-03        -1.3780517782358143e-03        -4.2038987048241142e-03
75                                     2.6211152264163664e-03        -7.5763700447492653e-04         1.7705313911949710e-02        -6.6608791707834544e-04         2.5153282814674802e-02        -1.9320921155416801e-01        -8.9136015951640793e-02        -1.0161947688371456e-04
76                                    -5.5675955506197680e-02        -2.8386723869455299e-04         5.0257687777780551e-02         8.4506983914456042e-04        -6.2361181666778292e-03         1.4029948442799381e-01         6.0522042123393675e-02         2.2232508266953707e-04
77                                     1.0415226732480975e-04         3.7692445574167045e-02        -2.6438467582816182e-05         3.0373260553202042e-02        -6.1486858988370197e-01        -2.5667694484965378e-02        -6.1072725423159764e-03        -8.0800029376118486e-03
78                                    -1.0249517167326869e-01         2.1491933467119670e-04        -4.1436898803015293e-02        -7.4837346746580574e-05        -1.8136897491763931e-02        -3.1257571457314400e-02         1.3293829787347574e-02         2.1944401149187164e-04
79                                     7.0393524968791199e-02         3.3398984774872471e-04         1.6883343603018651e-02         3.7721720344359798e-05         6.9464004098005695e-03        -1.4813658556869144e-01        -4.6489363333499997e-02        -2.4895767488883076e-04
80                                    -4.8052744061858254e-03         1.8777283918621469e-04        -1.3086000045526875e-03        -2.4662869738319139e-02         6.3267373362662116e-01         1.9558031563978093e-02         4.6400434826538951e-03        -9.0971803977927864e-03
81                                    -4.7263974613758024e-02         1.8262776251655465e-02         3.8614399685201389e-02         6.9949088450818242e-03         1.0975274793023940e-03        -1.1572916712188417e-02         4.5058644581332276e-02        -4.3954876684635242e-04
82                                     8.2281195763074827e-02         4.1114357319862573e-03        -8.7222569310088191e-02         3.0641622255040416e-04        -2.7229076513653680e-03         8.4343504558761398e-02         4.1135962111714101e-02        -2.6291418117990503e-05
83                                    -8.5038647968944047e-04        -4.6922185401020039e-01         2.6788363849099459e-03        -1.4898311031506048e-01        -2.2264770558921732e-02        -1.4536212587578127e-03         1.6683474149635754e-03        -1.2567572620100014e-03
84                                    -7.2264063374000822e-03        -2.0428211437796068e-02        -2.8979390324902973e-02        -1.0934214824042299e-02        -1.9664979949978092e-03         4.1251667541042598e-02         5.9861805234527827e-03         1.7517117756663800e-04
85                                    -7.6534103443131316e-02        -2.5144809476263146e-03         7.1352237438543867e-02         4.5295806234678230e-04         1.2421646380200520e-03         9.8112633313250826e-03        -2.6146940179950673e-01        -5.1009348030407709e-04
86                                    -7.5438253630539631e-04         5.8232407432534616e-01        -5.4212672114541862e-03         3.0780869405803218e-01         1.8477784098632738e-02         2.0121957420756384e-03        -3.5301938003079849e-04         4.7461684310102186e-04
87                                    -8.7083012693312343e-03         1.1348565638872161e-02         1.1838941441045123e-02        -2.2067503980229781e-02        -8.6839300767941956e-04         2.0564551795923619e-02        -8.8355944768298528e-02        -8.6830661142308849e-05
88                                    -1.2641728709548343e-03         2.7442918811433664e-03         1.8071636073495743e-02        -5.7563521301147984e-03         1.0161178186999836e-03        -6.0264733407727325e-02         1.0922513690879909e-01         9.2370001787739239e-05
89                                    -8.4691514495745051e-04        -3.8008476986791995e-01        -1.0646257857784619e-02         7.4909308043435885e-01         2.4258149224233184e-02        -1.7327640409077658e-03         1.7785645839418680e-03         8.8461617577748313e-04
90                                    -8.1039007580872249e-02         1.4443066364437781e-03         9.9717831618441041e-02         2.0804627812409941e-03         2.8906189645905339e-03        -7.3135158274945405e-02        -6.1668527838520143e-02         1.1990385959925543e-03
91                                    -4.7292274613136301e-02        -2.5965276508612838e-04        -3.0931999988992331e-02        -5.7376872697539134e-04        -4.8064279505817126e-03         1.3282899284486624e-01         8.0862989740578109e-02         1.1218861171001309e-04
92                                    -2.5075485638683351e-02        -4.1455458208087673e-02         2.9812163566671113e-03        -1.5052013092033554e-02        -4.3785990239282643e-03        -1.3827770621949837e-03        -1.7661555706823748e-03        -4.8932801009609256e-02
93                                     9.1669403361810467e-02        -4.6448360518569145e-04         1.5857400599657295e-01         2.4436425118286218e-03        -4.4476455957521326e-03         1.3932386357220963e-01         4.8381381634630453e-02         1.8857856445363145e-02
94                                     1.9550172728778743e-02         2.7207404968869210e-04        -9.5253294966681570e-02        -1.4831255526346445e-03         3.7649920030057827e-03        -1.1258580130057594e-01        -4.3591436814033324e-02        -1.6896236616265928e-03
95                                     3.8902014733285253e-04        -1.4700482007769175e-03         4.9196389877582836e-03         1.6315296360310363e-03        -1.0625029878117837e-02         4.4519163646256008e-03         2.2275325356982956e-03        -6.4874398750232287e-01
96                                    -6.4516442928382614e-02         4.6294833770308706e-06        -1.4113359628064153e-02        -2.3094889316702325e-04        -1.3983922054231681e-03         5.9727589032551251e-02         3.4778953760208633e-02        -1.6327093628148916e-02
97                                     3.1377538891400131e-02        -1.6972100117539315e-04         1.7560841963138121e-01         2.8347171030664196e-03        -4.1906714898352487e-03         1.2704323736368578e-01         3.8833604132722202e-02         2.0147629092979111e-03
98                                    -7.4832034081650217e-03        -4.6942947345572526e-03        -1.1075183257310149e-03        -1.1929878302623924e-03        -1.8906104994555771e-02         3.6361751148186147e-04         1.8257740200385368e-05         5.7817856307918158e-01
                                                        56                          57                          58                          59                          60                          61                          62                          63

0                                     -6.0261014000579205e-02        -3.8049169338556987e-03        -1.4811858216211154e-03         9.4340474428297374e-03         1.5954787995987908e-02         3.2288719113261841e-03         8.3743473444243925e-03         8.1868863069218586e-03
1                                      1.1091130591014411e-01         4.5056598637828135e-04        -8.4753100582897207e-04        -4.8908658294710234e-03         1.0228038346596972e-02         4.4413564247982205e-03         7.4960813120634236e-03        -2.9574815184902526e-03
2                                     -2.3122209476344373e-03         1.2657512247121339e-01        -1.9713627137262911e-04         2.7821145649770986e-04         4.8105002890006443e-04         8.8862710054706903e-05         2.2228309908091243e-04         2.4973164778867817e-04
3                                      6.4492349657170017e-02         3.8253535205309002e-03         1.0061670580071209e-03        -1.3262848451605259e-02        -3.6418260907492346e-02        -5.9470945093485720e-03        -1.1165301664685318e-02        -1.5996235628827255e-02
4                                      2.3574026887671285e-02        -1.4843254446373572e-04         1.4782224374360765e-03         3.1003768673556927e-03        -1.7546207700522860e-02        -8.3204699535716388e-03        -1.5657478219587923e-02         1.9554633307235177e-02
5                                      2.0630371693463778e-03        -1.2516909219011185e-01         1.8505315833708118e-04        -3.7499031454579616e-04        -1.0606709529284485e-03        -1.5776201778824699e-04        -2.8643119749205989e-04        -5.2489792742975569e-04
6                                      4.9304881709838287e-02        -3.2700762432383285e-04         4.9314110151637775e-03        -1.9299846259181210e-02        -3.4490494753519702e-02        -9.3597835195671861e-03        -2.1245747371383811e-02         4.2101819752545032e-02
7                                     -9.2353918367710439e-02        -1.2101531563470906e-04         1.8806903842043126e-03        -1.3724356895039286e-02        -4.2816762412703172e-02         3.6627838984635154e-04         2.2287888888687032e-02        -4.4608863471735448e-02
8                                      1.6920521645159296e-03         1.3923314766537449e-02         1.3861770132531494e-04        -5.2424777451022433e-04        -8.9893161876321097e-04        -2.7060362786934089e-04        -6.7009889997053066e-04         1.3390829273090673e-03
9                                      4.6027845835593460e-02        -1.6580492493406705e-04        -4.4359696686185474e-03         1.2713196457979463e-02         6.9896165334622368e-02         1.1650456761333682e-02        -4.3138975163952795e-03        -5.9707037522948571e-02
10                                    -9.8676542855348284e-03        -2.2880534496425978e-05        -1.9811524549841566e-03        -6.0533515941408834e-03         3.7724204831854513e-02         1.2322305490069650e-02         3.2490072557211938e-02         8.2006000224931777e-02
11                                     1.3719330857363203e-03         6.7141864753596505e-03        -2.1696877869834075e-04         3.4012693118266256e-04         1.9724509492183083e-03         3.0715228890576280e-04        -2.1981711091502589e-04        -1.9336597151403995e-03
12                                     2.2361650312710066e-03         9.7374018617878797e-05         4.8082633877711339e-03         3.4837210501343224e-02        -4.5876022826506518e-02        -2.5093529696703122e-02        -3.0186043243493270e-02         1.3411326671686810e-02
13                                     2.8144757422555254e-02         7.0582327154830525e-05         2.4246842188606439e-03         1.4192141423549692e-02        -4.7402443168329339e-02        -1.5780589281964404e-02        -1.5498147917322659e-02        -5.8348185752048934e-02
14                                     8.9710389791096474e-05        -2.0866783559779570e-03         1.6217190691552165e-04         1.0130907590877578e-03        -1.3177348691852614e-03        -7.3798286289878485e-04        -9.2109118204884548e-04         5.0898796052714905e-04
15                                    -3.3220311790342703e-02        -2.7007647976764904e-05        -4.1389984579751444e-03        -8.7788588986077842e-03         3.0968950732930659e-02         2.0095655488998984e-02         4.1908690474977937e-02        -2.0815481091422186e-02
16                                     1.8725827828150490e-02         1.8425587599373171e-05         4.9268570405100586e-03         6.9364817099210649e-02         3.4608592835968885e-02        -1.7993867592724859e-03         1.0601287426282059e-02        -1.3917510206402670e-02
17                                    -1.1157587602982338e-03        -1.1650796545445046e-03        -1.5115859010179952e-04        -3.5902325228747063e-04         8.9899650992175575e-04         6.0784280750043841e-04         1.2701796957351088e-03        -6.3226340682335136e-04
18                                    -2.4211024440482197e-03        -6.4167017835999331e-05        -3.0190557348337560e-03        -1.2421484529449589e-01         9.1015443455965735e-03         3.3025805339819719e-02        -2.0517693255597283e-02         2.9395039113690115e-03
19                                    -5.6955659135856079e-03        -1.1241432033734205e-05        -5.8551382919860200e-04        -4.4640165783184242e-02         6.8100467111447578e-03         1.9564258151174345e-02         1.8946276583573368e-02         4.3204111363258857e-02
20                                    -7.4053192748888645e-05         8.9725481054871864e-04        -2.4094552208752112e-04        -3.9590350901609530e-03         2.2105156524013131e-04         9.7313793794633258e-04        -7.4434248319517695e-04        -8.8269512186656509e-05
21                                     6.0096102919733607e-04        -2.0972116042514951e-05        -1.4661429432497531e-02        -7.9532554762886454e-02         2.6520627380558593e-02         4.4777694569821521e-03        -1.5928729153872494e-02         4.4793030627193815e-02
22                                    -1.5693191359687254e-03         1.4166335045857767e-05         7.0592087850738236e-03         2.8935813008583125e-02         9.2887181910477463e-04         1.2184264240870730e-02         2.2528746678753733e-02         1.4743938213452830e-02
23                                    -3.6980655592150867e-05        -4.2158701485464297e-04        -3.3669233400229959e-04        -2.5209422390615574e-03         9.3152801591226168e-04         2.6813085023307930e-04        -3.5076758470256272e-04         1.6062290415449522e-03
24                                     7.4556995288653895e-04         8.0682199943881463e-05         7.1950539991442922e-02        -1.4131970389692418e-02         8.7990119256539483e-03        -1.5265627753533342e-02        -7.0989869182483401e-03         9.3566145386461234e-03
25                                     5.0808886999854277e-03        -5.2163622708549886e-06        -1.8915287305766540e-02         7.1307837483051029e-02        -5.3048110128995967e-03        -2.3779104617045750e-02        -1.3533121019276791e-03        -7.4496413071428007e-03
26                                     6.3099759753380556e-05         1.3563257661593551e-04         1.7586743741668050e-03        -3.1228474761823435e-05         2.2025954409553113e-04        -6.9485119843643592e-04        -2.4676777425934268e-04         3.2230752067314710e-04
27                                     5.7386970866460331e-04        -1.0345915369984680e-04        -8.7189099744273788e-02         3.5650589136577163e-02        -2.8419330624786495e-03        -2.4610081329489861e-02         1.6127417876109263e-02        -8.9535521508485941e-03
28                                     4.3591977323188022e-04         3.5379379185106801e-06         2.5691889369154784e-03         5.2414619744088056e-03         4.3874468404894772e-03        -4.3680442981677836e-02         7.6899376414265282e-03        -1.1039129421351816e-02
29                                     1.1943980455027580e-05        -1.0490870613825025e-05        -2.5595198098717405e-03         1.2373499787489608e-03        -7.7593893974162398e-05        -1.0231401962392042e-03         5.6918806355007122e-04        -3.7391795960905398e-04
30                                    -3.4289816201712265e-04         2.1293835307615084e-05         1.7857305027346709e-02         4.0802828616514128e-05        -8.6320005462819389e-03         4.6550811222993774e-02        -1.4858850991024223e-02        -9.2219522220589204e-04
31                                     4.4404835161199874e-04        -4.3520824336321487e-06        -1.0791984943757098e-02         3.0381073108324712e-02        -1.6606893849259619e-02         4.2593107097843565e-02        -3.3644842312234723e-03        -2.1927728535140346e-02
32                                    -1.1490368687109400e-05        -1.1685016852425323e-05         5.0507544499468423e-04         1.4651236080488565e-04        -3.7980534815846466e-04         1.7752221911489759e-03        -5.1798347660479075e-04        -1.4767511708271982e-04
33                                     5.2898132011557184e-04        -4.6357091861399127e-05        -3.2052869447425601e-02        -1.0110430039823310e-02        -2.7765636338626292e-03         3.2697470189780413e-03        -3.2878839563267640e-03        -1.3137992235862333e-03
34                                    -5.9092216196413299e-04         2.0171470045534055e-05         1.9079159653506542e-02        -5.4609838653584958e-03        -1.9365543600750360e-03         1.8284226431088676e-02        -7.5430610319484450e-03         4.1021626310829484e-03
35                                     1.2032350321498487e-05         3.0877445134980873e-05        -8.8144828984856015e-04        -2.8005400563991102e-04        -1.5061824117402852e-04         4.0993890607841080e-04        -1.9116455927427339e-04        -2.9265177004917896e-05
36                                     9.1342766892982424e-06        -1.8963865204145214e-05        -9.5166705297999032e-03        -2.6542936148538167e-02         3.3422466496074804e-02        -1.8034887471675112e-01         4.3175573726184760e-02        -2.7199173379919093e-02
37                                     7.5475555369693476e-05         1.0108281034126145e-05         6.9299664283898983e-03         5.5459689714293554e-03        -1.0535706713467532e-02         7.8022498624848169e-02        -1.4902437943376472e-02         1.6348652910272092e-02
38                                    -9.7652447433046031e-07        -4.7073680248642905e-06        -2.6684637588328153e-04        -8.1202819579930723e-04         9.9300829743380315e-04        -5.2551083979159186e-03         1.2741007148559698e-03        -7.6672721783075314e-04
39                                    -9.2447033395018316e-06         3.3963536894174181e-06         1.5585442215979577e-03         6.0426840444067200e-03        -6.1192224541358198e-03         3.1452630395385789e-02        -7.3175733660353331e-03         4.0736022979872989e-03
40                                    -6.0090282196633278e-05         6.7015725964113123e-07         9.9065012462799199e-04         9.9658012849780197e-04         1.1436110689701708e-03        -9.8509617669898901e-03         1.8169958148684538e-03        -2.3513858168501835e-03
41                                     1.9119219994488899e-06        -4.4809364899784860e-06         3.5976513762252572e-05         1.7736477224163376e-04        -1.7258939907300932e-04         8.5348486367823706e-04        -2.0213736323359489e-04         1.0209781371138965e-04
42                                     4.8994025320231025e-05         2.6566204929508575e-06         7.3098122437841907e-04         9.6869719322355066e-03        -8.0525189774474891e-03         3.8585657306458909e-02        -8.8249373627989538e-03         4.2037833982786193e-03
43                                     8.9905443187054479e-05         2.7444848601960020e-06         6.5310132464326681e-04         6.7971599826101717e-03        -5.6734780846981235e-03         2.7813595628400495e-02        -6.2014564114032068e-03         3.3556093612753224e-03
44                                     5.3161433239428429e-06         4.2295990665971658e-06         3.2751683221110646e-05         3.3540901464267905e-04        -2.6001412538098346e-04         1.3140456059094570e-03        -2.8411391714460403e-04         1.4525480689138313e-04
45                                     1.8419794217954513e-05         2.2448416521484760e-06         1.0460875918647634e-03         5.8575720627427920e-03        -6.1601529647535421e-03         3.1783880741194918e-02        -7.1175443465352718e-03         3.8862450495586909e-03
46                                     2.0623690139677339e-05        -8.9831784901169061e-06        -4.9394805081405813e-03        -2.7976376466825178e-03         2.2785795196597026e-03        -1.6370707120569636e-02         2.8010678766885047e-03        -2.6157003044289771e-03
47                                     2.1939431665738338e-07        -4.6852840474266108e-06         1.9571181571953280e-05         1.8279391142301800e-04        -2.0043797504185970e-04         9.9698243001387389e-04        -2.3015158440517738e-04         1.1386412932607515e-04
48                                    -8.9732675297033232e-05         1.0684327237628730e-05         7.4154047222885757e-03         7.9562430479201748e-03        -1.0066984846366931e-02         5.7753658114070669e-02        -1.3287644043012484e-02         8.9372523486129802e-03
49                                     6.6769521943177722e-05        -9.5303039961477858e-06        -4.9951571481158946e-03        -6.2819704438818545e-03         7.9259773030303706e-03        -4.4350694144575736e-02         1.0393242533657043e-02        -6.6954952756095127e-03
50                                    -2.8706740034333049e-06        -9.7367573339743405e-07         2.0476931270844995e-04         2.1176452061144138e-04        -2.7632569485595403e-04         1.5853674883679820e-03        -3.6538900507460185e-04         2.4526240883994486e-04
51                                    -1.9678443369099493e-04         4.0237284249249045e-05         1.8979009813158393e-02         4.4514847238229328e-02         6.0994861282290915e-05        -3.5058753262874394e-02         1.7456667969458162e-02        -2.0685961277056369e-04
52                                    -4.0623116995920080e-04        -6.8742186284602585e-05        -3.6979141811420611e-02        -8.4199860137773738e-02         4.2531945503096018e-03         2.0143189258962683e-03        -1.8664316427794720e-02         5.7146678673374177e-03
53                                    -1.0510590304163836e-05         9.7699998653783919e-06         4.0554861311691145e-04         9.6486001721144961e-04         4.4976233656530353e-05        -1.1401548811293433e-03         4.7313549382266789e-04         1.8643087397043918e-05
54                                     5.4208842952906729e-03         3.8376463464208614e-05        -4.0653985081006679e-03         6.5251832549829214e-03        -4.3744048622037381e-02         8.0434796791105931e-04         2.2840732057946966e-02         1.1247183119444804e-02
55                                    -1.0477520486650198e-02        -2.2368907925465051e-07        -1.5620687618892962e-03        -3.9499805802320570e-02        -5.3069920083140043e-02        -1.8026785509799151e-02        -3.1831307123698027e-02        -2.7465856792119547e-02
56                                     2.4083742334119845e-04        -5.0234043637707693e-04         3.1616667488403933e-04         6.9129133523420717e-04        -1.1706657517471654e-03         9.2448495426963634e-05         8.5760590384518739e-04         4.4390932129337714e-04
57                                    -5.6868447639766111e-03        -1.6741955296119639e-05        -6.4460527649387849e-03         3.6965352829666141e-02         3.2258689416493153e-02         8.0621387845236005e-03         1.1854633763473623e-02        -8.7027650512520496e-02
58                                    -3.7015775094582930e-03         8.0992863585433449e-06         2.4316603822610523e-04         2.3851411002256177e-02         3.2353217558992418e-02        -1.3216608300598039e-02        -3.1968510544149016e-02         1.1292559016253401e-01
59                                    -1.7690241635506397e-04        -1.3285171304897478e-04        -2.8306744414656308e-04         9.6352922107098451e-04         8.7449575738486878e-04         2.7074515246576633e-04         4.2265831425961786e-04        -2.8757502901399054e-03
60                                    -2.2458317753428145e-02        -1.1741603330941968e-04         1.3205985374763821e-03        -6.1967999064835846e-03        -4.0205557796003419e-02         5.4560589188435836e-04         4.1315596968147419e-02         2.4323511342774932e-02
61                                    -2.6538802689813203e-02        -5.8164458968430787e-05        -1.1349813761821106e-03        -2.2021143435059360e-02        -2.9052293510570856e-02         8.0884269212381510e-03         1.8057408083743603e-02        -6.3685873228537943e-02
62                                    -6.5185848255401417e-04         2.9039040168168965e-03         1.2612800356154584e-04        -8.9860014113168937e-05        -1.1316579473917626e-03        -3.4270351092988084e-06         1.1936214222855056e-03         8.7875223370794894e-04
63                                    -2.7681931016135228e-02        -9.8174144190017634e-04         8.9076287984828756e-04        -3.4498985754016147e-03         3.2791734525242006e-02        -3.8007836729920799e-03        -4.6022301589086691e-02        -2.1674354273758151e-02
64                                     2.2982813939723842e-02         7.9787218206776975e-05        -2.4020452559595858e-03         1.5220502620986615e-02         2.8978194430018568e-02         2.8775141528200382e-03        -6.0698610428555812e-03        -1.0640711156399576e-02
65                                    -8.3661647123986949e-04         3.1679252313985343e-02        -1.6504190800994060e-05        -1.2143538755274516e-04         9.5039976176895823e-04        -1.2175175806342519e-04        -1.3880883259428758e-03        -5.7977297275978786e-04
66                                     4.4374409761928535e-01         8.8075688086361355e-03        -5.5413345358859695e-03        -7.7445864082470121e-03         8.0226099009393953e-02         2.4233871171832129e-02         3.5392758428125864e-02        -2.8637667082576444e-02
67                                    -2.9310696972812120e-02        -9.3795150832309230e-04         2.8631291187568259e-04         2.2272256126508574e-04        -6.9317852356512973e-03        -1.1799677502589050e-03         8.2022566027232624e-04         6.7491458067829180e-03
68                                     1.3115749535854189e-02        -2.7797135595229489e-01         1.9709813976229919e-04        -1.6554796449831671e-04         2.2381416177542578e-03         6.9253176435496889e-04         1.0533849645969098e-03        -8.8280315614468240e-04
69                                    -3.0202481740320208e-01         4.9066472220624829e-01        -5.4738837596703409e-04         2.0116507598084862e-02         5.4309271675404619e-03        -1.1091642203549118e-03         6.6994898037669734e-03         9.4775380844574156e-03
70                                    -2.1575873889118113e-01        -1.2323317757784259e-02         1.7006282727020196e-03         1.1275502670405037e-02        -1.3518236865816994e-02        -7.0543090986030866e-03        -1.0219716164408754e-02         1.0867889029998296e-02
71                                    -6.2088705180088424e-02        -1.2331769740911078e-01         7.2246137441077331e-04         3.7646178093961578e-03        -6.8126457487943772e-03        -3.7227203761216634e-03        -7.4457579796580152e-03         7.2908492301023359e-03
72                                    -3.0366243109548408e-01        -4.8359680942273270e-01         7.3281247054087330e-04         2.0462525870042540e-02         4.7000060320428637e-03        -1.3911018676973446e-03         6.1789910787567017e-03         9.9768440106009857e-03
73                                    -2.1555694266865172e-01         1.1067500142137881e-02         1.6762651382860904e-03         1.1259771867676415e-02        -1.3455651857820581e-02        -7.0420487232253559e-03        -1.0232799915664496e-02         1.0900510554361012e-02
74                                     4.6028134745229578e-02        -1.5187071257125287e-01        -3.6748278913063066e-04        -2.5838532746386284e-03         7.0885435551336371e-03         3.6750475461220992e-03         7.8753830484862824e-03        -6.7806598082648245e-03
75                                    -4.0575614103341096e-02        -7.6977799350718258e-05         2.7129932462095399e-02         2.0281377170576143e-01        -3.4314481134517816e-01        -2.0343364734452857e-01        -3.3992441240893967e-01         1.5130281804926637e-01
76                                     5.4443001886001013e-02         9.2494968373852445e-05        -8.7200816640614943e-03        -6.9327141254825198e-02         1.0407917834864756e-01         7.4548656157901058e-02         1.4240352647617485e-01        -1.3491308306605457e-01
77                                    -1.6813732060292292e-03         3.6835007238009217e-03         9.7695191237356081e-04         6.5602940723201338e-03        -1.0550681536364456e-02        -6.2992268549233073e-03        -1.0544401814768187e-02         4.9884700674099917e-03
78                                    -8.2295354822833885e-02        -4.4317910811065729e-04        -1.0494418070704210e-02         1.0346764090310376e-01         3.0500612671093280e-01         1.1208010218318279e-01         3.8157715842424006e-01         5.9077260260980632e-02
79                                    -1.0430718273948295e-02        -3.7513102113954375e-05         1.5665645129280775e-03         1.5055655200338949e-01         2.1180179379140110e-01         5.6060691903839339e-02         2.3013772872716121e-01         3.5764726302595286e-02
80                                    -2.1328657127286598e-03         7.9782605442723070e-03        -5.0130569329683776e-04         2.2339324179781418e-03         8.2488833857766366e-03         3.1567800833758983e-03         1.0771237980528207e-02         1.9276100430200755e-03
81                                     7.9465642223381771e-03         9.0035567080325326e-04         6.4545653167919936e-01         1.5946603157970571e-01        -5.7760973296147364e-02         7.1105324081676635e-02        -5.7319835932329441e-03        -1.7981571440095243e-01
82                                     7.1707284269446657e-03         1.9041624861563169e-04         1.1584804053659969e-01         1.2216344956836185e-01        -2.2402872379042253e-02        -6.2622715596872226e-03        -9.9169127994781249e-05        -5.5320914982074289e-02
83                                     3.2696087531335684e-04        -4.5999888439592372e-04         2.6730102447537235e-02         7.1811216399632694e-03        -1.7949768439072360e-03         2.7434855492348346e-03        -1.5905592540632006e-04        -7.2148319295631778e-03
84                                     5.0670581616600267e-03        -4.0377468984078733e-04        -3.5344067935388102e-01         1.6255149528824173e-01        -5.7179300914352714e-02         9.8719982976270288e-03        -5.0049137518545913e-03        -7.2050747251487593e-02
85                                    -7.3534160120413798e-03         5.1731740930559852e-04         4.6294148034997062e-01        -2.1288039540761994e-01         1.0073878899594299e-01        -1.1476234384804966e-01         4.8666823172606517e-02         9.7938527411947404e-02
86                                     1.0969366938394246e-04         6.1482258615501090e-05        -1.0203678467884201e-02         3.8598840831853198e-03        -1.2300924352885217e-03        -5.1491596148868935e-04         1.7586905653166826e-04        -1.6613077932123327e-03
87                                     9.1381377906014298e-04        -4.5264023522433159e-05        -4.3197932940518699e-02         2.0490930378742351e-02        -3.3935445431931777e-02         1.3675737010096140e-01        -3.1966729396510817e-02        -7.6879117727632253e-04
88                                    -1.6084209701265734e-03         3.2853727874195323e-05         4.5681276052200723e-02        -9.4445339610681273e-02         8.6076905698040967e-02        -3.6386204476135020e-01         7.3595795032912345e-02        -7.7149051569316374e-04
89                                     4.6173312211928875e-06        -2.0882436620675226e-04        -1.5959560208671968e-03        -3.4302722410499160e-04        -1.9904990707171513e-04         7.1133025308227067e-04        -2.1525660561624900e-04        -6.1010673414401560e-05
90                                     2.1056568945802604e-02         6.4747392387219485e-06         4.1134991654414026e-02         2.5824727055597946e-01        -6.4332281106401698e-02        -6.1223973944879564e-02         7.6798089282323151e-02         2.7002465606160986e-01
91                                    -1.9007323338876045e-02        -5.4997510495686219e-05        -2.2662452923518324e-02        -1.7000935429197084e-01        -4.7448356487347944e-02         1.2384783407348160e-02        -6.1216563722571955e-02        -1.5436596990950127e-01
92                                     3.9895274710175253e-04         5.4771330654490189e-03        -3.4156261389405801e-03         5.5368325293152906e-03        -1.7738367039755556e-03        -2.2034338265629898e-03         2.2121820566563455e-03         8.8771539887410773e-03
93                                     3.8319408007853467e-02         2.0594308407592358e-03         8.1930173798531476e-03        -4.9233052713094222e-02        -2.7631297258517412e-01         1.2783644158207548e-02         3.9655923435151597e-01         3.0886426255997662e-01
94                                    -5.6192123242738146e-02        -2.7302302424202967e-04        -4.7244356057923364e-03        -2.9185187630699446e-03         7.7416301178044059e-02         3.4167298055027247e-03        -1.4298366054260664e-01        -2.0193974403207793e-01
95                                     1.6405909684313426e-03        -6.9387443853773628e-02        -1.0492545863457158e-05        -1.5613546910529697e-03        -8.0383887462326126e-03         3.6891135970310392e-04         1.1753871773366127e-02         9.4998037211279831e-03
96                                    -9.5452577607324091e-02         1.3238647910613524e-03         8.2041009834447171e-04         7.2045135682700448e-02         3.6975646191308137e-01        -3.5524383465777798e-02        -4.0703696617559643e-01         1.5464981764739391e-01
97                                    -2.8712396454825862e-02        -3.7111069199455494e-04        -2.7354772972291159e-03         7.2828443514019250e-02         2.8212334599367950e-01        -2.0137069798053610e-02        -2.7394592688182573e-01         1.2078802187429856e-01
98                                    -2.8706623538513024e-03        -5.7407011382083442e-02         1.2978627750064804e-04         1.8074776003401132e-03         9.6355949729130582e-03        -9.5366992729424484e-04        -1.0737760861272256e-02         4.0881996100836059e-03
                                                        64                          65                          66                          67                          68                          69                          70                          71

0                                      2.3460216092403949e-03        -4.9359770975330057e-02        -5.4678533832003169e-03         1.0714315436034415e-02        -3.5823807002732470e-03        -5.5619520271618693e-03        -1.0187415742104656e-02        -1.4150452730426635e-02
1                                      1.3791837251004295e-03        -4.0887272375971784e-02        -3.8353614989820625e-03         1.4879980776669742e-02        -1.9578518976364506e-02        -2.6551785356904542e-02         1.3734048055466829e-02         4.6721695665109687e-03
2                                      7.0307365370389722e-05        -1.3757681738923524e-03        -1.5879338605293355e-04         2.8928483079232643e-04        -7.6584940114496190e-05        -1.2584666830358523e-04        -3.2054399209491122e-04        -4.1119039028525092e-04
3                                     -8.6292841162475577e-03         1.5177435082494398e-01         1.3799348425400747e-02        -6.1629457893194503e-02         2.4051811807286039e-02         3.7590315154959815e-02         3.3114699594147146e-02         5.9735569916360490e-02
4                                     -3.8092557998428735e-03         9.0083525273151083e-02        -3.9530994398544019e-03        -3.9828392317896900e-02         3.7852685628997157e-02         5.0809844033818448e-02        -5.4322402035912216e-02        -3.6678668562336612e-02
5                                     -2.4554781335440248e-04         4.2418970709578738e-03         4.1156174177910533e-04        -1.7034370023177670e-03         6.1388366092195840e-04         9.7634480774921862e-04         1.0895616177643054e-03         1.8317345013025225e-03
6                                      1.9879385434145038e-03         2.4581495392578222e-02        -3.3836616701414531e-02         2.0039024287549900e-02        -6.6452520953442951e-02        -8.6439475296512427e-02        -2.8972245224147515e-03        -2.6839290457207132e-02
7                                      2.6354096144205821e-03        -6.1764118653791231e-03         2.4799959013189526e-02         3.5332475064049254e-02        -3.1872232609786700e-03        -1.5280842611461467e-03         3.2539717228701991e-02         3.7662648170362530e-02
8                                      5.2432127284830966e-05         7.3830866393015154e-04        -1.0562150050547334e-03         4.9631549236619935e-04        -1.9428696058160263e-03        -2.5353494883689743e-03        -1.6168065437636747e-04        -8.6856545455675602e-04
9                                     -1.3931410733071345e-03        -8.9185525270514265e-02         3.9804681261096833e-02         2.2113201640611667e-02         7.9956396208425221e-02         1.0237304828114036e-01        -1.5792740722960736e-02         4.7458896633071615e-03
10                                     8.9188109976809319e-03        -3.5942351052019858e-02        -4.3697691602641593e-02        -1.0794557835094459e-01         4.7691878974385777e-03         3.7391213539589717e-03        -5.1795166423072936e-03        -1.3934055246213129e-02
11                                    -6.5364636520589607e-05        -2.5514429184497877e-03         1.2867808394643949e-03         9.2437465473464448e-04         2.3428534798858717e-03         3.0080856199207278e-03        -4.4758864976626202e-04         1.8233424686561558e-04
12                                     5.6940524111473104e-03        -1.2650450483994994e-02         6.8466813615515971e-03         1.6541318179017064e-02         9.9352721210156855e-03         7.4726976769514467e-03        -4.2715473466637996e-02        -5.4518823866845291e-02
13                                    -3.6279598075771372e-03         1.8643236750577011e-02         3.9413573041007545e-02         2.6310818651779103e-02        -1.8288775701957780e-02        -3.0461823225408240e-02         2.3283690227593697e-02        -5.0409082045785999e-03
14                                     1.5976405936884140e-04        -4.3917071027008890e-04         1.1948779306796955e-04         4.6582121131956140e-04         3.6040977523299538e-04         3.2262911321480516e-04        -1.3628431134505067e-03        -1.6460619741283970e-03
15                                     5.6394203994483017e-03         2.5531747307888042e-02        -3.6154079325051008e-04         1.1588221566270077e-02        -3.0151286743691792e-03         4.4463754841663639e-03         1.7110914740873426e-02         4.4849492782433137e-02
16                                     1.2239846816576453e-02        -8.4198724765711871e-03         2.1383888248802045e-02         2.0101794426250864e-02         1.0265498900517539e-02         2.8657271582103225e-02        -2.0264230336324886e-03         2.9676162636427059e-02
17                                     1.5732792958373667e-04         7.8790205164361749e-04        -1.9338660130224508e-05         2.8171199717410693e-04        -1.3153158377682804e-04         6.3193122061124110e-05         5.4754088857507626e-04         1.3285125534310883e-03
18                                    -1.7289633827267659e-02        -2.7370233351566137e-03        -9.3448316782119997e-02         8.3237962151077073e-03        -5.4803448396632554e-03         2.2986021980645741e-02        -7.7405284887838415e-03         8.0897434949460320e-02
19                                    -2.4258501598227435e-02         1.4358830122434761e-02        -6.7140385780855849e-02         2.5332468885159203e-02         2.7529431510874901e-02         9.2836446507132912e-03        -6.8004075342625980e-02        -8.8492279079191868e-02
20                                    -4.0987717125391915e-04        -1.5363982229723428e-04        -2.8251470517837822e-03         1.7452808978484714e-04        -2.8296817255904890e-04         7.0963883531986369e-04        -1.3442447089817946e-04         2.8126969333418222e-03
21                                     4.6695102277835333e-02         3.4208837372978096e-03         7.5832968641655160e-02         6.3746915365806489e-03         3.3647505033044804e-02         5.9875259987496260e-03         4.0863712439118870e-02        -3.9332225246179971e-02
22                                    -1.6468948738158912e-01         2.0091018689278252e-03        -5.5361958777213664e-02         1.6280321628015303e-02         3.5009539036357520e-02        -7.7012518531426660e-03         1.0411891025972503e-02         4.9263282454181092e-04
23                                     5.1994511943408172e-04         1.4004248501202905e-04         2.0508505983362194e-03         3.1190900923347930e-04         1.3401359046002501e-03         1.8794407233373297e-04         1.3338133307949787e-03        -1.3581390016271840e-03
24                                     2.6001973696827777e-02        -4.9733982228053466e-03         6.2301338675504754e-02        -1.4233204961403276e-02        -4.7400774740571326e-02         3.9072714448482378e-02         2.6072831802297910e-02        -9.8863932977434482e-02
25                                     3.7608743014963544e-02        -3.1871635435433868e-03         6.6407461873970244e-02        -1.1802826552061269e-02         1.1748204840570275e-02        -4.1182488302390498e-02        -7.6775420285835980e-03         1.8105865792996841e-02
26                                     1.0675143285190753e-03        -1.5337539331622296e-04         2.5607029102641277e-03        -4.7632334480024100e-04        -1.4381063768602593e-03         9.7490384965065837e-04         8.1685886708043399e-04        -3.0951376952861073e-03
27                                    -6.8853270402053496e-02        -5.9779742862934681e-04        -1.8288211849717066e-03         3.1875679212761401e-03         6.0264819467850343e-03        -3.2469573440330010e-02        -1.5313398472497720e-02         8.8420070695704053e-02
28                                     2.1710610757771569e-02         2.1579081627887635e-04        -7.5299025273745284e-03        -2.2968310262248956e-03        -8.2816694397699633e-02         6.0146786835001576e-02        -1.7512658094440390e-02        -1.2823071777845833e-02
29                                    -2.1145377491695303e-03        -1.9894291785607764e-05        -1.7110311879800770e-04         9.2031145514866907e-05        -3.3814763857108768e-04        -6.5475972134745799e-04        -5.7658917460245919e-04         2.7906420496445457e-03
30                                     6.3614631722590576e-02         1.3303653058782299e-03         3.4913328025120748e-03        -6.6558686088383657e-03         1.4409418653267414e-01        -1.1820572108832873e-01        -5.1779782886292869e-02         3.2181742731349941e-03
31                                     3.6120748811608171e-02         4.3330790396559843e-03        -9.8451406079911374e-02         1.0762871858575532e-02         2.6930256363670874e-02         1.8909632253174193e-02         3.0248248721672272e-02        -1.9583524808279889e-02
32                                     2.3032122784238836e-03         6.3442944649809961e-05        -4.2134567485523100e-04        -1.6447458318569080e-04         4.8269760481269037e-03        -3.7324706502431019e-03        -1.5160664734145514e-03        -2.6717371752818245e-05
33                                    -7.9246544978328476e-03        -1.4179955190490455e-03         6.6435893282091535e-03        -8.6502575334761113e-04        -8.5078463643913971e-02         5.6794664712965320e-02        -2.8598341302365392e-02         1.3936209087275501e-02
34                                     1.1329565397110988e-02        -1.2617561916499493e-03         1.4672924358576273e-02        -4.3959267223241437e-03        -6.0084734061293960e-03         1.6996457203808925e-04        -1.7804086161298440e-02        -9.8757850537251283e-03
35                                    -1.9070525491848367e-04        -5.5563996068251903e-05         2.3974876236378085e-04        -4.1356391570790571e-05        -2.6975381478665989e-03         1.8280219748051875e-03        -7.9921705526187165e-04         3.3389175156425138e-04
36                                     3.1137560380661969e-02         5.5220784975938686e-03        -8.0802200994661552e-02         1.1063789205996549e-02         7.3598353325715432e-02        -1.6399354873745747e-02         1.0401025110729857e-01        -3.8304604444035488e-02
37                                    -2.9161779703048795e-02        -7.0742366943627843e-04         2.6629731513865416e-02         2.4338254033966569e-03         6.0589472134441366e-02        -4.1584129507565612e-02         7.6795254744528849e-02        -4.6625241523128207e-03
38                                     8.3252764188727804e-04         1.6786849936551346e-04        -2.3791520062634961e-03         3.5196089127503144e-04         2.5721782778130287e-03        -7.1248283585028771e-04         3.5627365530923206e-03        -1.2081528123148197e-03
39                                    -4.5475363810379673e-03        -8.3182914995325724e-04         1.1010997810481635e-02        -1.5230767233493819e-03        -8.4531944988455628e-03         1.5028191643950890e-03        -1.1110546376556112e-02         3.8005081513031369e-03
40                                     5.1623476393477512e-03         1.5964164340259162e-04        -4.5338188751513206e-03        -1.4827987530309817e-04        -3.1207933830596480e-03         3.3087541385693835e-03        -1.8150346131514906e-03        -2.4563573477064636e-03
41                                    -1.0874032183737075e-04        -2.4445402864797817e-05         3.0037290581483425e-04        -4.8881195572157070e-05        -2.9187097541709368e-04         7.1663598821160919e-05        -3.8567110989512113e-04         1.1812737807058734e-04
42                                    -5.1590473454132448e-03        -1.0062335643792324e-03         1.2329334783474559e-02        -2.0872218458175417e-03        -2.1301109395658713e-02         8.6060547603195800e-03        -2.6942310504028417e-02         8.0777498873739351e-03
43                                    -5.1470123942232038e-03        -7.2959976777455080e-04         8.7085883736793962e-03        -1.1880322736215415e-03        -1.1593783315738466e-02         4.0247141647267665e-03        -1.5567025246441222e-02         5.3814420505378848e-03
44                                    -1.7454028454707388e-04        -2.7860843711574046e-05         4.1949991538931143e-04        -7.6249295303373884e-05        -7.0646744193562081e-04         2.7213692276591871e-04        -8.8586342272526481e-04         2.7324583095285023e-04
45                                    -5.5199437664551973e-03        -7.1205100648262390e-04         9.0084783106174279e-03        -9.7826757065616306e-04        -9.6791683368881755e-03         3.6979483023848354e-03        -9.1082640320066469e-03         3.8395976368385842e-03
46                                     3.6779166213674070e-03        -3.6823020079964678e-05        -2.2745493577855389e-03        -5.0141651164832643e-04        -1.1710103809250609e-02         7.3619113235687808e-03        -9.5970775064837636e-03         1.3208434311219087e-03
47                                    -1.5592718284923409e-04        -2.5021031819017734e-05         2.7894913628181029e-04        -3.5448789093028072e-05        -3.6403492919652995e-04         1.5802310098939095e-04        -3.1355566998139819e-04         1.1483158411402344e-04
48                                    -9.5332863345341523e-03        -1.3726786886064176e-03         2.1668048689593336e-02        -2.2217695493677151e-03        -3.0961064388419228e-03        -4.6591741908952903e-03        -7.9245218539586732e-03         4.7713362229929385e-03
49                                     6.9840562291803897e-03         1.1333103680294225e-03        -1.7044710326578560e-02         1.9395351284630050e-03         5.9888389938736785e-03         1.5920124876015148e-03         9.6111122966056062e-03        -4.3768804369081005e-03
50                                    -2.6858873792571814e-04        -3.9036613631595545e-05         5.9574246200030446e-04        -6.2319598017453222e-05        -6.7765805167730204e-05        -1.3830060246333210e-04        -2.0238561030263479e-04         1.2895114788262146e-04
51                                    -5.6528428961159283e-02        -7.4952262916143104e-04        -9.8448915777830971e-03         2.0829537833262223e-03        -3.7796832495892531e-02         2.6744539511237293e-02        -1.5710128218364805e-03        -8.5522562180177300e-03
52                                     6.0522308610264128e-02        -1.7193866363277195e-03         3.2491427958711974e-02        -4.9726092772815530e-03        -1.9252924212519194e-02         1.0408609625261049e-02         6.2577303029424762e-04        -1.3884651898426403e-03
53                                    -1.4810809749805857e-03        -3.2449865845860179e-05        -1.2446017996252084e-04         3.8750091462364809e-05        -1.3477233911608534e-03         9.3565275701935511e-04        -4.1290663154223388e-05        -2.7112400218908076e-04
54                                    -9.8617795544396151e-03         3.3462378497089655e-02        -2.5456786180766557e-02         2.4206454205669366e-02        -3.6398630825283336e-02        -5.1934083894395848e-02        -1.4687414524819054e-03        -2.9753591031510501e-03
55                                     1.9003330134792034e-02         6.8141627787772778e-04         3.8700230293020124e-02         2.8730657919956552e-02        -1.4458769559970365e-02        -5.6228169063985605e-03         3.8890046544192348e-02         4.3295379402568716e-02
56                                    -3.3971913403403614e-04         1.0395315553534531e-03        -9.2309760251187687e-04         6.7742893873789524e-04        -1.0476299372795790e-03        -1.5536775408676994e-03        -1.6343882919496916e-04        -2.6457033100949390e-04
57                                    -3.4841953900184276e-02        -4.3905504413425341e-02         1.4092538320115382e-02        -8.9401010188567720e-02         1.7733490217589572e-02         4.6532203383183816e-03        -1.0292173822276715e-02        -3.6473381108464153e-02
58                                     1.8242718808243560e-02         2.5167047145009916e-03        -9.9414577995091333e-03        -3.6177090645362578e-02         3.1526604258152707e-02         5.9441935679314307e-02         1.0745213761828866e-03         5.6687346227573120e-02
59                                    -1.0912932166958972e-03        -1.3143469177641378e-03         4.6511872862836813e-04        -2.5866424491417868e-03         4.6584911616587136e-04        -2.3345080113201521e-05        -3.1953216022661993e-04        -1.2685769589713934e-03
60                                     3.3032858126588375e-04        -2.3261544420167077e-02        -1.3027435119006052e-02        -1.3180680236161282e-02        -1.1849265501103648e-02        -2.6618320235689621e-02        -3.6221695180369065e-02        -6.8992824072694706e-02
61                                    -9.9094364292459172e-03        -3.7521906754678321e-02         4.6386834508634528e-04         4.9513402939324574e-02        -2.6213935768027160e-02        -3.8706147039949075e-02         2.1374933067816767e-03        -1.0231176880949652e-02
62                                     5.2848330508721892e-05        -5.9840370220049486e-04        -3.7944155668918341e-04        -5.0843647791959758e-04        -2.7112117943574446e-04        -6.6075411120745822e-04        -1.0626236670112945e-03        -1.9785335269636851e-03
63                                     4.6056169581016777e-03         2.9460728564315548e-02         1.9213583282659121e-02         1.3285332439066112e-02         2.0831058963495883e-02         3.3876529115435865e-02         2.3280391758213840e-02         3.8315308480722961e-02
64                                    -7.6396289999151046e-03        -1.4578460398951321e-02        -1.2397754344975192e-03        -2.1754592767662947e-02        -5.3128068163579862e-03        -1.4294021926731890e-02         7.4095379340736655e-03        -1.5649788277562401e-02
65                                     1.5683585690416530e-04         9.0639936045553218e-04         5.4887267611730174e-04         4.5911940812828715e-04         6.0758817617127749e-04         1.0089724101396750e-03         6.6917371537596150e-04         1.1702616036346311e-03
66                                     1.2179855853937214e-02        -2.5895770741514573e-01        -3.8045205670564114e-03         1.0826131458795440e-01        -5.9350153528951552e-02        -8.4835878157985184e-02         1.6572443363175968e-02        -2.3886447669396911e-02
67                                    -1.0050419141299995e-03         1.2888044550531075e-02        -3.9434462358873216e-03        -9.9768278544522804e-03        -3.3607306090316104e-03        -3.7876635602844735e-03         3.7100358653167219e-03         4.5561080371400208e-03
68                                     3.6069303959937818e-04        -7.5209553406779895e-03        -4.8787242377643881e-05         3.2001860080082319e-03        -1.5614944912254723e-03        -2.2573748478125584e-03         3.2856959660729451e-04        -7.8647699574932548e-04
69                                     5.3686131487487732e-03        -6.6056050579045039e-02         2.6601316089264310e-03         4.4475701914367720e-02         2.8012536438069857e-04        -6.2116051158115177e-03        -1.1858177417156340e-02        -2.6443001109425386e-02
70                                    -3.8088648371181370e-04         3.5990972129829608e-02         2.3749622418245742e-03        -9.1823062826750113e-03         3.2247997312687827e-02         4.2755320455932944e-02        -4.8576601608217383e-02        -3.7491551301222094e-02
71                                    -1.8461735990512563e-03         4.2439460501731030e-02        -7.6172209750972192e-04        -2.5248005777855406e-02         2.4052004895246434e-02         3.4571810607470069e-02        -3.1499378034494388e-02        -1.7016762177190448e-02
72                                     5.2113946218813852e-03        -6.2955856678539354e-02         2.5688220060340701e-03         4.2753934384363555e-02         1.7187567220823812e-03        -4.1319436117517525e-03        -1.3719347089081430e-02        -2.7407640437519976e-02
73                                    -3.7676502480757807e-04         3.5785725291992108e-02         2.3070822286984042e-03        -9.0650541785786548e-03         3.1957536357139688e-02         4.2356115245459819e-02        -4.8302693078100437e-02        -3.7354131795387886e-02
74                                     2.1525881375802748e-03        -4.6277889481610365e-02         9.0400284485410139e-04         2.7816357755171862e-02        -2.4121857231717406e-02        -3.5047592787123209e-02         3.0982166985939901e-02         1.5656002590383196e-02
75                                    -2.7389434986924546e-02        -2.0503201568537369e-01         4.7387548109982483e-02        -3.1666642100991788e-01        -2.2714253905692195e-02        -7.2666884438389590e-02         1.5631439485269646e-01         3.4514509827775139e-02
76                                     1.3955323801123878e-02         1.1634783833429248e-01         2.3844162054936582e-02         2.0294429961277546e-01        -6.7448654831894599e-04         1.1314453567084251e-02        -8.0749245827495555e-02        -5.5178615855433398e-02
77                                    -8.6609622124322872e-04        -6.4753481468549038e-03         1.2874910333191937e-03        -1.0154534828026722e-02        -7.0098414561698785e-04        -2.2876051424011172e-03         4.9415405348614662e-03         1.1861739315935968e-03
78                                     1.2145358747521134e-01         1.8986049139673106e-01         7.0591285104109988e-02        -1.9119051807542042e-01        -2.0364545606579088e-01        -2.2510778090221700e-01         1.5986108309715269e-01         3.1721403792722855e-02
79                                     8.7326991177420224e-02         9.6276481559888799e-02         7.1782175866082029e-02        -1.0952524096936161e-01        -1.1849239084241057e-01        -1.1976148043081677e-01         8.8945107287287120e-02         1.8498914940305190e-02
80                                     3.4578447810043565e-03         5.5862150581273626e-03         1.8751889131790661e-03        -5.4749039551142513e-03        -5.9412562462961222e-03        -6.5807961060976800e-03         4.4797685728676252e-03         7.0246684272335226e-04
81                                     2.9802077023057033e-01        -5.6658696990622022e-04        -3.2911458528719467e-01        -5.0929945965368095e-03        -5.8310848555899755e-02         6.0746364811820941e-02        -6.1621002012762750e-02         1.9660546109007279e-01
82                                     1.0348773144164876e-01        -2.6961713563381663e-03        -2.2520130611647992e-02        -1.1295902483097219e-02         1.0559143986499722e-02        -4.3086948321940224e-02        -3.2328303961814041e-02         9.7061289471934209e-02
83                                     1.1661708806207699e-02        -2.8744194800482242e-04        -1.2181203210016093e-02        -7.6652955848959816e-04        -1.9900110019665344e-03         1.8849645977561239e-03        -2.5153917397609960e-03         7.6356456062371680e-03
84                                     1.5299451791224519e-01         7.3659715995708459e-03        -1.4466633955211355e-01         4.4214803037897557e-03        -5.6497058297275575e-02         4.1719616600700685e-02        -7.2137699535825411e-02         4.3443248033990356e-02
85                                    -3.8114749362648498e-01        -1.4216421610002901e-02         2.4988262875477765e-01        -5.0514059269147760e-03         2.3003604606051831e-02        -7.8721719736402102e-02         7.1266424385817845e-02         9.3414011139901595e-02
86                                     2.5548060795326489e-03         1.8215651765489808e-04        -3.0216576493409817e-03         1.4949509421122598e-04        -1.6199505511192355e-03         7.8547056373059565e-04        -1.9658553359014814e-03         2.0415590696436039e-03
87                                    -1.0358596283950822e-02        -1.5423962344195249e-03        -4.2031079049961936e-02         9.7261206185683471e-03        -9.3918846617064081e-02         1.1823040573733062e-01         1.7026028196536988e-01        -7.1065701553515756e-02
88                                     2.7722964573485553e-02        -7.1379465109700912e-04         1.4497655296740417e-01        -3.4362265242328792e-02         4.1027214232814049e-03        -1.6084226967720308e-01        -5.8981859813592197e-01         2.2987783407512602e-01
89                                    -2.8374134924722603e-04        -3.5567052499478621e-05        -4.0573077427403560e-04         8.4537962288673720e-05        -2.9413253587526494e-03         2.5954086806144389e-03         1.1121263946643294e-03        -4.9546086009805027e-04
90                                     4.9425321472362130e-02         2.1303170134389443e-01         1.2267896856538643e-01         4.8884321028643957e-01         9.1807828811079309e-02         1.0841318951574093e-01         8.1669671710242597e-03        -5.0079760049228629e-02
91                                    -8.1045721612281844e-03        -8.7774446867647446e-02        -3.5483069026588411e-02        -1.9796150265048304e-01        -8.0745820295297907e-02        -8.6054177571308343e-02         3.9093437941149688e-02         7.6371265341836359e-02
92                                     3.4828996431415527e-04         6.5989108811276764e-03         4.8238509712670236e-03         1.5126907087569941e-02         2.8193332628652164e-03         3.3144872285269644e-03         4.5036419048157536e-04        -2.1512346909984105e-03
93                                     1.1567009278966485e-01        -3.3074975403145745e-01         2.1078878496912878e-02         8.7921876149371414e-02         2.2712557394614436e-02         9.4615760115001932e-02         8.5315885448881648e-02         2.4583237191955223e-01
94                                    -6.5535601894769438e-02         9.8504657632046799e-02        -1.6592541173761018e-02         2.9482427471529135e-03        -4.6744580705763990e-02        -1.0275757115882619e-01        -5.6179270588445573e-02        -1.6313833933678201e-01
95                                     3.5073630362973973e-03        -9.8981833528887907e-03         6.3520664873356321e-04         2.5249354150768881e-03         7.5793523848610678e-04         2.9581814396859945e-03         2.6270083426433478e-03         7.5494387423975353e-03
96                                     2.7034426170798698e-02        -2.9700619835510603e-02        -8.9643378900425716e-02         2.0256895586892804e-01        -1.3020861927711444e-01        -1.3429557799826122e-01         6.3406702107412949e-02         1.1815335506131690e-01
97                                     8.0150658996465240e-03        -6.9190416897342497e-02        -8.5272625674011962e-02         1.2152157155735124e-01        -1.2368881940084592e-01        -1.4911520507996198e-01         3.4742691784544061e-02         3.4744600570335106e-02
98                                     7.5715829969697391e-04        -7.0463816704462471e-04        -2.2991173176538800e-03         5.4676921854162333e-03        -3.3669719931201224e-03        -3.4139653476308188e-03         1.7242527857234916e-03         3.3026759142282202e-03
                                                        72                          73                          74                          75                          76                          77                          78                          79

0                                      1.9702923244956198e-02        -1.4489211691839428e-02        -1.3066264155130097e-01        -7.5717441669344056e-03         7.5731593981442100e-05        -1.6451747308072928e-03        -1.9112474508216969e-02         2.0793852999781422e-02
1                                     -1.7403913865516683e-02         1.4948820649632755e-02        -1.4188353661117814e-02        -2.5700328650442819e-02        -4.0115060916721686e-02        -6.7373776282514928e-04        -1.9120020363948279e-02         7.5274617169754452e-03
2                                      5.9723216001323178e-04        -4.5154240935250901e-04        -3.8996380945092459e-03        -2.2948858338996405e-04        -1.0049737135384819e-03         5.1669391653926186e-02        -1.8488003137080605e-04         5.6607748062403960e-04
3                                     -5.7718904582449930e-02         1.6441778041843449e-02         2.0300517826551737e-02         1.8227373425287485e-03        -3.7715156090438767e-02        -1.7205549614301293e-03         4.8370462244158731e-02        -7.8102883788571678e-02
4                                      8.9739062338550474e-02        -4.1771170384097063e-02         2.3509225164853979e-02         6.4660815091568041e-02         2.2250635840626773e-03         5.2153772151897703e-04        -3.6423092379436826e-02        -2.7206868269680620e-02
5                                     -1.8870332950091339e-03         5.8056418493659847e-04         4.9832638345258815e-04        -1.1807128684508812e-04        -1.4899019149926457e-03         1.9024888093621531e-02         1.6280630250870294e-03        -2.2271539059477530e-03
6                                      5.4859685349513035e-02         2.1238847762543988e-02         3.5273924717753560e-03        -1.5076016315314482e-02         2.6216377387513309e-02         5.6449625465333200e-04        -4.2824774848407264e-03         3.1301399503268990e-02
7                                     -4.1762527056277865e-02         2.2237406095902058e-02        -1.2078721520493897e-02        -1.3573871554118003e-02        -2.0220402613720042e-02        -5.8674895727651132e-04         1.6866905290867769e-02        -1.0793017729239214e-02
8                                      1.7054827891086683e-03         5.7441903539304695e-04         1.4547009611549455e-04        -4.1956419760006162e-04         8.3891975284203950e-04        -5.6763140971080475e-04        -1.6542149450142507e-04         9.3879228475828133e-04
9                                     -3.4226883013774717e-02        -5.1384944308744664e-02        -4.3641064083848264e-03         5.3893834190601071e-02         2.1031297092211521e-02         8.4257589126268001e-04        -4.2523809993663106e-02        -8.2938874667074225e-03
10                                    -1.0918393953360107e-01        -6.4959833194304414e-02         3.2982571514987460e-03        -2.5008860633501929e-02         6.4497002096827868e-04        -1.8752236247369906e-04         2.7927430857652154e-02         3.2810974205912370e-02
11                                    -7.6501627390134603e-04        -1.3817381193137561e-03        -1.3918325111030337e-04         1.6772792263839553e-03         6.2372535414264110e-04        -2.2068762724401341e-04        -1.3349994456803779e-03        -3.1083711659251457e-04
12                                     7.1196357206912905e-03        -8.0506921129541567e-02         3.1558302352795694e-03         4.6566583840629845e-02        -5.2554417990945790e-02        -1.0231766763374546e-03        -7.1816289959052574e-03         1.2547168381041097e-02
13                                     1.4946901620699692e-02         2.9661147882556374e-02        -2.5973864952127620e-03         1.8143048333898289e-02         3.2692492686720330e-02         9.1731553993039015e-04        -3.2795989877600691e-02        -3.9178346022398093e-02
14                                     2.0614270588677298e-04        -2.5038483069406464e-03         1.0056233866562295e-04         1.3726459436865400e-03        -1.6716336616949326e-03         1.0507700951023697e-04        -1.4778723940056364e-04         4.6548241942347330e-04
15                                     2.4213772208942101e-02         6.7249119484207379e-02        -4.6439254197508046e-03        -6.7985214150935058e-02        -1.4267536421506981e-03        -4.4408424660660918e-04         5.0258150838153930e-02         1.4854939292550915e-02
16                                     3.7784065535539306e-02         1.2784959432103782e-03        -1.2024227856486320e-03         1.1581966579401495e-02        -2.8992617528520014e-02        -7.3594558531049734e-04         2.2212946953290565e-02         4.9675435074865534e-02
17                                     6.6507146218094883e-04         2.0777703252842137e-03        -1.4379211993989865e-04        -2.0953143745650197e-03         1.1934967997146857e-05         3.8753485296290912e-05         1.5081280512499406e-03         3.6498348443095643e-04
18                                     1.0347609488447500e-02         4.9856674300294687e-03         5.8157059842381138e-03         3.6927630294520371e-03         1.2036788766782417e-02         2.3012495291306845e-04         1.5637019103981208e-02         5.5720368101590353e-02
19                                    -5.6073134116659672e-02        -2.6907831408686769e-02         1.1502550644805908e-03        -8.0063807479785656e-02        -3.5179343693104554e-03        -3.7841260557238001e-04         2.9465622553574829e-02        -9.5089630678878531e-02
20                                     5.0627878939856765e-04         1.1573807423531423e-04         1.9614415641677714e-04         2.3786880624950408e-04         3.5599910184183831e-04        -5.2549986399874441e-05         4.9229364979755223e-04         1.9890105593216648e-03
21                                    -9.1339960427751846e-03         1.1725870845925270e-02        -2.1599589680929834e-03        -2.6148670492584597e-02         5.6109331498818485e-02         1.8267992834589625e-03        -1.1318239174859809e-01        -6.9052077796579570e-02
22                                    -2.6777803588129027e-02         7.6115847340806175e-02        -8.1235588660876646e-03         6.8704125378881833e-02         1.1660086913921891e-02         4.7286566768509769e-04        -2.5394877527381576e-02         1.6133566452972387e-02
23                                    -4.9568697642201134e-04         8.9220829423213564e-04        -1.2099624106378848e-04        -5.3996253533760308e-04         1.8958530203106053e-03         1.0226426290679979e-04        -3.7852334519112834e-03        -2.2118515236484986e-03
24                                    -1.5538040573002579e-02         5.9454344905524724e-02        -1.0233807532601540e-02         6.2557043194095413e-02        -4.9049703177547081e-02        -1.4466196056069931e-03         7.3865323767166119e-02         3.8423848321595684e-02
25                                     2.4887805076349356e-02        -5.6318947975866243e-02         5.3366748810965894e-03        -2.6043017843090013e-02        -1.6183221881818852e-02        -5.0370310212439345e-04         2.1533849516572647e-02         6.0410926115189809e-03
26                                    -3.5345506822608502e-04         1.5797155916058580e-03        -2.9767694308283055e-04         1.8758011616572289e-03        -1.6982525152632094e-03        -5.7316693825103299e-05         2.5494222718115450e-03         1.3211454506474780e-03
27                                     3.1825791232101386e-02        -8.0717694731784945e-02         1.1201283460893666e-02        -5.2826105285268835e-02         2.0245800743300093e-02         5.9391704056184415e-04        -3.3351567017019086e-02        -1.3654080110725194e-02
28                                    -7.6180798317096376e-03         4.9302870890853480e-04         3.8583440279040443e-04        -1.3286199703458977e-02        -1.6030160815725093e-02        -6.9988358335116858e-04         6.2717560956966900e-02         6.5743424221988431e-03
29                                     9.9657862838737764e-04        -2.6312825404015889e-03         3.7291412525829632e-04        -1.7928231929629542e-03         5.5777205422313932e-04         1.6634176171585218e-05        -6.9207593843149636e-04        -3.8954659279542484e-04
30                                    -1.8960564645981042e-02         5.0711190217809517e-02        -6.7225211928791800e-03         3.9019298312884788e-02        -2.2086599733626811e-02        -6.9922097389252898e-04         4.4311903762206194e-02         2.6685252257617548e-02
31                                    -1.8969419648434276e-02         5.6792312072247199e-02        -6.7306936721656602e-03         4.1985290128966644e-02         2.9058366750209799e-02         1.1565869026619710e-03        -8.9042234727083586e-02        -1.5619960531013957e-02
32                                    -7.2728564296398938e-04         1.9809150030186341e-03        -2.5677705174261591e-04         1.5221024211408672e-03        -5.5960529809850467e-04        -1.9008830797432140e-05         9.3508759670976810e-04         7.8491054894223877e-04
33                                    -7.5472926552058207e-03        -2.5691553315921505e-04         5.8297106802992235e-04        -8.3966255903047925e-03         1.2810617495267551e-02         4.1822389366831877e-04        -2.6066018201580853e-02        -1.2565176454885333e-02
34                                    -1.0287153430764126e-02         2.7474031028701058e-02        -2.6818355616298382e-03         2.3731388774803984e-02         1.0162273453989035e-03         1.4802302099113857e-04        -2.1151757112287079e-02         9.3315164243558350e-03
35                                    -2.3107493266561602e-04         5.6502721394818924e-05         1.3287728860328488e-05        -1.7564877570297905e-04         3.9810538126249195e-04         1.2647269255478932e-05        -9.0100855087127223e-04        -3.4777641645890469e-04
36                                     2.1991403931435373e-02        -1.7395600159363693e-02         1.4267980176633185e-03        -4.2303812513923208e-04        -6.7994309697932999e-03        -2.1728486962655419e-04         1.2522112181933043e-02         5.1049561481116435e-03
37                                     3.9238093589262696e-02        -7.1587024014461736e-02         7.2181642431528902e-03        -4.2302225102448077e-02        -1.9895785467412087e-02        -8.2775996175484771e-04         6.7132540309071065e-02         3.2978379075354800e-03
38                                     8.5692876128311485e-04        -8.5712487155358897e-04         7.5382046431688766e-05        -1.9978576709744824e-04        -3.0370711975319717e-04        -1.0082093770508003e-05         6.9885003066509437e-04         1.7698079622799007e-04
39                                    -1.9582195148151469e-03         1.3054455853609653e-03        -5.8443862366905217e-05        -1.5937655688876047e-04        -2.6917447515963371e-04        -1.2966618598196378e-05         1.3008578163341894e-03         3.8126371774582671e-04
40                                    -2.2164552882840928e-03         5.3444557380770965e-03        -5.1042959677850093e-04         3.6816730815030299e-03         3.9762514950684769e-04         2.5763600672804740e-05        -2.7273617642377384e-03         8.2600265123162282e-04
41                                    -8.4689161462200410e-05         8.7557457277180790e-05        -8.9067943839233901e-06         2.2364656326034632e-05         2.6912303785554211e-06         4.1596859487993718e-07         2.3327834581773486e-06         1.0824900850556093e-05
42                                    -8.2036048004518261e-03         1.0382630685340897e-02        -1.0149541533916511e-03         4.0651958223175671e-03         4.0078092117093178e-03         1.4821599276014388e-04        -1.0561457514562465e-02        -2.1622018695434480e-03
43                                    -4.2257845997904081e-03         4.7192835148584860e-03        -4.5811623330386706e-04         1.5506162608514063e-03         2.0127311027814754e-03         7.2475959133234112e-05        -4.9849874894969098e-03        -1.2107029529453421e-03
44                                    -2.6829540784832726e-04         3.3072755813539148e-04        -3.5648520479929401e-05         1.3335434161004068e-04         1.3262143980677572e-04         6.3868537560856555e-06        -3.4626161649026443e-04        -7.1471525162521374e-05
45                                    -1.9615420918453279e-03         1.2695342165640073e-03        -1.0906738793669106e-04        -2.4271957767742959e-04         1.5057569793485780e-03         5.1139290481835498e-05        -3.3177540168081608e-03        -1.3192340287509988e-03
46                                    -3.8037214989776851e-03         5.7747497348429209e-03        -4.9317743904662059e-04         2.6644853698058147e-03         1.4371912585450857e-03         5.5983770283546748e-05        -4.1616394595418776e-03        -2.3270803298752274e-04
47                                    -7.4779141131608296e-05         6.5160572624982485e-05        -6.8799271143476357e-06         6.5304951914159749e-06         5.0901152550069906e-05         3.0999453210533501e-06        -1.1948923599481627e-04        -3.9205518928791419e-05
48                                     1.4833014621460361e-03        -5.7066031936087083e-03         6.4852518603065394e-04        -4.3280430647615340e-03        -2.4739984830418186e-03        -1.0144603170182586e-04         8.1396623459703173e-03         9.6790327298985381e-04
49                                     1.3916249944677137e-04         2.4980900401468100e-03        -3.1940079237851503e-04         2.4493689372638771e-03         1.3147577724810806e-03         5.5629371240658059e-05        -4.5544410303195596e-03        -5.3671543581041369e-04
50                                     4.8384196318030154e-05        -1.6638440525510006e-04         1.7043464749399076e-05        -1.2350775108901823e-04        -7.1224709635998423e-05        -1.7013111496568398e-06         2.3252815318672006e-04         2.7673627437917046e-05
51                                    -4.2356877834779028e-04        -6.7306632354861068e-03         7.6052443607903253e-04        -2.0738079723526181e-03        -7.9754667654206874e-03        -2.6303591357735364e-04         1.5123133750764114e-02         2.1318965527690565e-03
52                                     9.0631732506286471e-03        -2.4117146651060160e-02         2.7859093271252076e-03        -2.2633631042125454e-02        -3.2356234669739839e-04        -5.2413781147924415e-05         4.5486487996091000e-03        -5.5226486160511266e-03
53                                     4.2363390703196074e-05        -3.6674208571374858e-04         4.2907169726228095e-05        -2.1107132734160037e-04        -2.5021149141863118e-04        -6.3543403351351066e-06         5.0107572870584558e-04         2.6521088826651027e-05
54                                    -4.2841792906015232e-02        -7.1619057867286631e-02         1.3677897048022601e-03         8.1120623162351926e-02        -3.1549076473134194e-02        -6.3703509612688433e-04         6.1720663239264529e-03         2.7165416942192440e-03
55                                     4.8918020728864458e-03         1.7468005296533914e-02        -2.2971211287005208e-03         4.3406646690350185e-03         2.6658892563858477e-02         7.2054666401949214e-04        -1.9800905213881389e-02         5.0859510817359364e-02
56                                    -1.3534167239754066e-03        -2.2418288650138682e-03         4.7284092889921385e-05         2.4354161417518240e-03        -1.0260297949610615e-03        -2.0876653894756313e-04         2.2468392119208270e-04        -1.1775261268359649e-04
57                                     5.4107419522170512e-02         8.1363507341231531e-02        -6.5171190650992143e-03        -6.9730328810005238e-02        -6.6440983366055925e-03        -5.0103817493578058e-04         3.4574303995533122e-02        -8.8181778984985332e-02
58                                     1.0565233709581151e-01         5.8334427563904279e-02         1.2654666658874440e-02         1.3005365788386085e-03        -2.6160285757772305e-02        -4.4886175883730690e-04        -1.1105755394339105e-02         2.1078127088127036e-02
59                                     1.3357762192113809e-03         2.2976394110921150e-03        -2.2644962142720460e-04        -2.1036868693003678e-03        -1.2726295654535597e-04         9.1839144453617660e-05         1.0562495099982804e-03        -2.6915884603900247e-03
60                                     6.5752525729577654e-02         5.7239116834370152e-03         3.8997544373132816e-03        -4.1816379428823984e-02         6.0017776689019510e-03         4.1817159687562326e-04        -4.5406305414052522e-02         4.0999509452267532e-02
61                                    -1.6625590618760067e-02        -1.8725455727119134e-02        -1.6238517101941709e-02         3.2966385462278036e-02        -3.0283368150108834e-03        -2.1962347430919688e-04         1.9567374603095464e-02        -7.0750402809468219e-02
62                                     1.9891865312842423e-03         2.3171760510501340e-04         1.6373726118273661e-04        -1.3177457444792976e-03         2.0095324215290368e-04        -4.6693949297862280e-04        -1.3888830663388670e-03         1.3951489709893620e-03
63                                    -7.0842709797074119e-02        -1.6828559516583210e-02         6.3716030165063007e-03         4.8429216125211580e-03         2.0328560052917458e-02         6.1955674518788747e-04        -9.8756556995435165e-04         7.7451149726185886e-02
64                                    -3.4814202350828820e-02         1.6462396450483644e-02         5.9782991886104652e-03        -5.7616889051333581e-02         1.7025660538943797e-02         3.6138663375740376e-04        -9.6042087334511309e-03         8.1359294866820919e-02
65                                    -1.9840345702128357e-03        -5.3371289373827803e-04         1.4755784440608567e-04         2.8828817532898558e-04         6.0976294307226234e-04        -3.4521828655168373e-03        -2.7762412378813981e-05         2.0436211266776877e-03
66                                    -1.8683849694188473e-02         4.2769795383410504e-02         4.1732454345964154e-01         4.0339093827409189e-02         3.3240841275528732e-01         2.7175251243455226e-02         2.0869934039010288e-01         4.5464566389929540e-03
67                                    -2.4920284499637072e-03        -2.1312405125467975e-03        -1.5081250403022414e-01        -3.2957007114685327e-02        -1.1434023235640937e-01        -4.3698636591607328e-03        -7.3398074606760816e-02         1.1839868852852715e-02
68                                    -3.9644201859709814e-04         1.1216297523429881e-03         1.4369860182972909e-02         2.1090448975896320e-03         2.5041521291097782e-02        -7.0133136542769337e-01         1.8506990982613976e-03         4.6927970827361962e-04
69                                    -7.1020484713699089e-03         3.1914519321808360e-02         4.7326512690754491e-01         6.5634423936704117e-04        -1.4725174101161403e-01        -2.7163962245908563e-01        -1.0052975313324714e-01        -6.1570641287924917e-03
70                                     8.1671451019225211e-02        -4.3818608561307537e-02         1.1647918021063561e-01         1.1655994647902707e-01         3.9021126032451720e-01        -3.8694279902629125e-01         2.0666113209448325e-01        -1.9495539088378762e-02
71                                     6.2983890584633731e-02        -5.0765908234786709e-02        -1.9840892762628196e-01         6.9552172057398762e-02         2.8664163383679497e-01        -4.9211897506493324e-02         1.5251796070294096e-01        -1.7361371256797511e-03
72                                    -3.2784870847248032e-03         2.8891490999727199e-02         4.5971823434393583e-01         4.2444177706755602e-03        -1.4167978182168908e-01         2.7180572917278850e-01        -8.7917667434429927e-02        -6.6122382706898988e-03
73                                     8.1235454729789686e-02        -4.3390051133146382e-02         1.1599644466291510e-01         1.1524650636881123e-01         3.7165571764512023e-01         4.0110815065098832e-01         2.1068670194102013e-01        -1.9891580216702249e-02
74                                    -6.3695980289477955e-02         5.2736570837765388e-02         2.2514193825968132e-01        -6.9930570840856646e-02        -2.9515748289905858e-01        -4.5243682191498276e-02        -1.5977326100437342e-01         1.4981064448977214e-03
75                                    -2.1045462776347312e-01         7.4103069697795024e-02        -3.0782624618212158e-03        -2.9156873461021332e-02         1.7024134804061777e-01         4.1389209009604104e-03        -8.8052473088061411e-02        -8.4687129682856743e-02
76                                     1.2937274592635714e-01        -5.5516962745676857e-02         3.8668481536689600e-04         6.6996796284995094e-02        -8.1841922566464803e-02        -1.6718340938949381e-03         1.6798633175826806e-03         9.2132280491701388e-03
77                                    -6.7442594704265457e-03         2.3526915670831002e-03        -9.3396489088126889e-05        -1.0598565070620515e-03         5.3855862742891664e-03        -2.8784968278572966e-04        -2.7029043309006961e-03        -2.6369812214340998e-03
78                                    -7.1364751365847454e-02         4.2069264270995386e-03         1.0378047692807625e-02         1.4070490754321041e-01         1.3765806549774601e-01         4.0413024729366084e-03        -1.4934480722525625e-01        -5.2678255901863744e-02
79                                    -2.1906859087009022e-02        -4.4988770366275244e-02         8.3935436580513337e-03         1.5754620624023577e-01         5.6520290827485338e-02         2.0963093074440236e-03        -1.0978076135970717e-01         9.5438694519654928e-03
80                                    -2.1925473136826111e-03         2.6809058302652877e-05         3.0874607097026817e-04         3.8280319693561405e-03         4.0471717131512130e-03        -7.5499724627971007e-05        -4.3219444409085548e-03        -1.7468480844148044e-03
81                                     3.6201254018938020e-02        -1.4218782592046708e-01         2.4229206794903042e-02        -1.6031391448631763e-01         9.2929793591165100e-02         2.6102315031218343e-03        -1.2115039898702525e-01        -9.6667264961959445e-02
82                                     4.2526091904645971e-02        -1.1774168830823090e-01         1.5112470379518321e-02        -8.7082632590921930e-02         1.5386138548217078e-02         3.8265262275246796e-04        -2.0774520440614914e-02        -2.5548707706692111e-02
83                                     1.8089783155676514e-03        -5.9866235016991284e-03         9.9861990568340313e-04        -6.3881730704815161e-03         3.2990714795994845e-03         9.2998505327430135e-05        -4.3935323169088485e-03        -3.8190273830961980e-03
84                                    -1.4699052851828150e-02        -1.1761954230163363e-03         3.1445188161452614e-03        -2.8088673711198851e-02        -3.7854708488131400e-03        -3.9148765834895959e-04         5.4644787200335887e-02         4.4520876698398741e-03
85                                     8.3793091168257533e-02        -1.6777348108196666e-01         1.8534376613321142e-02        -7.8617196932935896e-02         2.8485426907601186e-02         1.0429326482427606e-03        -8.7206627567333536e-02        -2.7976707303620396e-02
86                                     7.7601229578912478e-06        -1.0673173422865289e-03         2.1781207842969607e-04        -1.4167576316566465e-03         9.1644006748903674e-05        -9.9569867478612809e-06         1.1649246419077788e-03        -6.5168577560454551e-05
87                                     3.9575782087843715e-02        -4.7151313460560298e-02         5.8139265790436850e-03        -1.4158997542732969e-02         3.9946047004796245e-03         2.0610403475100530e-04        -2.4365155893946906e-02        -1.7147227929626384e-03
88                                    -1.5045255286187037e-01         1.7291535699128677e-01        -1.8789520522109655e-02         4.7473115735014677e-02         3.1829148504333445e-02         9.8127880123447518e-04        -4.4151287784807355e-02        -2.4195540657373522e-02
89                                     1.8557913056981538e-04        -3.2511566995482074e-04         6.0218351611351117e-05        -1.9814801096883444e-04         3.9545796777301553e-04         1.7622585904450057e-05        -1.1294628434326394e-03        -2.8464084709221740e-04
90                                    -1.8713302836584683e-01         9.9042689012087418e-02        -1.6499800712344349e-02        -2.4536050215627486e-01         1.4548334612099589e-01         2.9537535885821318e-03        -1.0016413665365310e-02         5.2712657790198111e-02
91                                     7.7975200885124399e-02        -6.7426743854174187e-02         6.8577336030790238e-03         1.7365650403816338e-01        -5.9351851269647503e-02        -9.9255334122515704e-04        -1.5640696127975740e-02         3.3979599603333389e-02
92                                    -5.9560459139030878e-03         3.5965893329538506e-03        -5.8959582923163631e-04        -7.1493880167570311e-03         4.2543092254092255e-03         3.8540572651732391e-04         1.3538538472221951e-04         1.9854856448126724e-03
93                                     7.4838188257351140e-02         5.4854518684051869e-02        -5.0183492272377034e-02         1.7672369398250690e-01        -7.2674048554891513e-02        -2.5999041162933305e-03         1.2115393306010747e-01        -2.6489275557686132e-01
94                                    -1.5551219193095335e-02        -3.9799076543109414e-02         7.3737045535454508e-03        -7.0211896282894926e-02         3.2163039138377793e-02         1.0384387507491901e-03        -5.7112525542347137e-02         6.1619310883587977e-02
95                                     2.1957340110512332e-03         1.6981836221638968e-03        -1.5208565085313857e-03         5.3303084575613601e-03        -2.3912174148923624e-03         8.0989874646509776e-03         3.7462619364709631e-03        -7.9382831845919450e-03
96                                     5.7485255004093259e-03        -5.7048775578632527e-03        -5.3304858571620192e-02         1.4342113293252640e-01        -8.5851282387868655e-02        -2.7418600991332607e-03         9.9065916154545255e-02        -2.9255252468404741e-01
97                                     2.7817163166519932e-02         2.7150442923547090e-02        -3.8339794556840029e-02         3.9115002866088239e-02        -6.0181487235480544e-02        -1.9471895313849536e-03         6.2513857627412281e-02        -1.9326242144875097e-01
98                                     5.9266776531324517e-05        -2.5881763547721512e-04        -1.4009714544162232e-03         4.0506010244370037e-03        -2.3305790618343473e-03         2.1731450260825116e-03         2.7192386416372933e-03        -7.9071222561532036e-03
                                                        80                          81                          82                          83                          84                          85                          86                          87

0                                     -1.0779005355240567e-02         4.3152291845825700e-03         1.3974100169059313e-03         1.6302094743381305e-03        -1.1610528841658658e-02        -1.5243793346614240e-03         4.4288283439538021e-06        -3.8627379066956956e-05
1                                     -2.7249977071791861e-03        -1.4896912277617112e-03         6.4260423270806740e-03        -4.1679152274857171e-04         3.1568908935391505e-03        -3.4507060497401322e-04        -3.1642675138716462e-06         3.6978124112456177e-05
2                                     -2.8142181464490071e-04         1.1722360341822821e-04         3.6164839902796192e-05         4.9489316910009479e-05        -3.4391581585361522e-04        -4.2336103064333600e-05         2.6778770777600567e-07        -1.1712114304086083e-06
3                                      3.5166658298746309e-02        -1.9763301047288850e-02         1.2081379007278419e-02        -9.2282665343700020e-03         8.5406616715275746e-02        -4.8375505013639620e-03        -1.5358665338219758e-05         1.2099340522896442e-04
4                                     -4.7966505259283233e-02         5.3855223695382662e-02        -9.9869188958658359e-02         4.3994598325058998e-03        -5.2268113271586820e-02         4.8714872536709322e-03         2.0226173961377376e-05        -8.8282582294860990e-05
5                                      1.1507614273982376e-03        -7.1147540745887072e-04         5.9774033530668805e-04        -2.7923361317875277e-04         2.6209307242590504e-03        -1.5183086933596342e-04        -3.2814124125754013e-07         3.6560744461632168e-06
6                                     -1.5921640094321728e-03         5.9746520503230474e-03        -3.2409472288677126e-02         3.9653148870157232e-03        -6.6388947150142291e-02         1.5664325296962437e-02         2.9105848074601271e-05        -2.0703726002393495e-04
7                                      1.9942873811742701e-02        -2.6216653990267829e-02         6.1345767488056827e-02        -3.1061003369167329e-03         4.0051383691600967e-02        -5.8592705161930568e-03        -1.8247965501039917e-05         1.1735303910162585e-04
8                                     -9.4616195149768378e-05         2.3649113507183975e-04        -1.1032717067163006e-03         1.2626329368991418e-04        -2.0460251037880731e-03         4.7352123890748220e-04         1.2019209663057210e-06        -6.7088592247595359e-06
9                                     -6.2883695242434645e-02         4.4521962944451265e-02        -5.6127148361093341e-03         9.8403749252502486e-03         3.8307061981430607e-02        -7.1922012312158112e-02        -2.6604339216087309e-05         1.8463057335875801e-04
10                                     4.4334817019355183e-02        -8.6179231356423285e-03        -1.0435618844910395e-01        -1.0917966520487196e-02         2.5650602874042219e-02         2.8602063030335339e-02         4.0560879632386907e-05        -5.0944297365299064e-05
11                                    -1.9741857639849836e-03         1.3376120593192183e-03         9.4088139161539440e-05         3.2415371919851068e-04         1.0734154607146273e-03        -2.2272082271724801e-03        -7.8428875295075204e-07         5.5558598308376535e-06
12                                     4.9252926058735907e-02        -6.3143016518151282e-02         5.3080825065717645e-02        -2.4084551788696985e-02         3.0534510936155817e-02         1.2397597329444671e-01         5.0240427316571972e-05        -2.3049981434884647e-04
13                                    -5.9667209717229899e-02         3.6773659201631149e-02         3.9348985098454969e-02         1.0225243448375812e-02        -1.2019745034179232e-02        -2.8460477689635513e-02        -3.7423615447627774e-05         4.7527634066491553e-05
14                                     1.6196749405826929e-03        -2.0060883894811856e-03         1.5238965976221304e-03        -7.5354402985780425e-04         9.5655519787453673e-04         3.8392757134143099e-03         1.7421455411202623e-06        -8.4420299683323521e-06
15                                     4.1126041008187418e-02        -3.1178464345953220e-03        -9.0113463619015455e-02         1.3634178288919808e-02        -3.7109093459844367e-02        -1.1224245604330872e-01        -5.1252707279385419e-05         1.0966054649805897e-04
16                                     5.1416010833675946e-02        -3.9416779566447686e-02        -5.8740471295875243e-02        -8.1151333955679882e-03         2.6229671718419429e-03        -1.5796945490351825e-02         8.8799769976158097e-05         3.0142628672223990e-04
17                                     1.1507576613445645e-03         4.7248982921994589e-06        -2.6403376715589425e-03         4.3459277324460715e-04        -1.1400983355461512e-03        -3.4095654725181139e-03        -1.1013956247361082e-06         4.7949488745791686e-06
18                                    -5.4252978386964898e-02         8.7794959949586929e-02         2.0721802243066346e-02         1.4525198630865698e-02         5.2806032287257935e-02         7.1710153939049934e-02        -4.0972726627134540e-05        -8.0108718096727927e-04
19                                    -1.4512499955176467e-02         4.5844828097813470e-02         8.0417061954365293e-02         2.2422326775453392e-02        -4.4565178965105978e-02        -3.8351309071520359e-02        -8.8898718299352959e-06         1.0792581373000422e-04
20                                    -1.6513540354743937e-03         2.7704256792400301e-03         5.0089998862777011e-04         4.5091283350286350e-04         1.7752775576372600e-03         2.3553590516506248e-03        -1.0482548242009632e-06        -2.6664723454216331e-05
21                                     1.2596682005567489e-02        -1.1929109646759320e-01        -2.3943463083414503e-02        -4.8291432526566848e-02        -2.2291308505129743e-02        -1.3145917082480094e-03        -3.0606483143308819e-05         1.5908811242261968e-03
22                                    -3.6233775226188404e-02        -6.4476305383787014e-02        -2.0526558517617168e-02        -5.4904822783535756e-02         2.3766611487886901e-03         7.4777174242082259e-03        -3.7538074361438379e-05         1.8034129854935285e-03
23                                     1.7373714238225004e-04        -4.2098991937244675e-03        -8.6894936042273294e-04        -1.8901059217738608e-03        -7.3877279750541192e-04        -3.2440508150957111e-05        -9.6765466714100965e-07         6.4466034920942713e-05
24                                     5.3620567281453682e-03         3.8245370720872654e-02         1.8262084726651305e-03         6.6746573917495153e-02         8.7402590674192805e-03        -3.0195366221451698e-03         1.8260960198359383e-05        -2.4870432109142765e-03
25                                     4.6089979668708723e-02         6.6756700638808189e-02         1.3867929954449706e-02         4.2577109135699558e-02         3.0932415663677982e-03        -3.4757533569101141e-03        -9.1451418684419121e-06        -5.6124442265133778e-04
26                                     4.9215354661130228e-04         1.7222643114711100e-03         1.3869757428919177e-04         2.4670760860550163e-03         3.1887187494118025e-04        -9.8875435048450557e-05         5.9541079930319994e-07        -8.4810987375756524e-05
27                                     2.9580029997186185e-02         2.5776141921881882e-02         7.7064157920986890e-03        -1.4203153392611889e-02        -8.2878440126879288e-04         1.6778675581179195e-03        -1.1594668204506151e-05         1.4414749304412285e-03
28                                    -1.0890832951226675e-01        -6.1653842704882535e-02        -7.5347123599606514e-03        -6.7862787398836139e-02        -5.3473327411163330e-03        -8.2467415491725808e-03         1.2939059151236668e-04        -3.9588166099671128e-03
29                                     2.8302253808308738e-04         4.6946679680078896e-04         2.0541248144826578e-04        -9.0903089833195897e-04        -5.6228867260374766e-05         8.8651309985344406e-06         6.0800639938711943e-07         2.2661306360973528e-05
30                                    -2.5392668428199566e-02         1.5293628797806930e-02         1.9222701854859517e-03        -4.5946840857039768e-02         1.4862320561183648e-03        -4.6462642240425768e-03         2.9557858966392566e-04        -4.0798797927295806e-03
31                                     8.6982655413112425e-02        -2.0732179974042217e-03        -8.8642175570603342e-03         1.4108445109581022e-01         9.6760733507357376e-03         1.9535042069472850e-02        -7.1060871341915052e-04         8.5392819101136955e-03
32                                    -3.0476418040180050e-04         5.1203461016273899e-04         1.6761597415404884e-05        -7.3030305649478494e-04         9.9744955608951018e-05        -5.0787162238158441e-05         5.9695167659810995e-06        -8.5466249243147468e-05
33                                     8.9823014219224864e-03        -1.7708195764276412e-02        -4.3040950557615950e-03         5.0824022376697212e-02         2.0881221755112223e-03         6.1484010597996266e-03        -8.9990428913010818e-04         2.9957309225639478e-03
34                                     7.6141450911522204e-02         9.1903786274746851e-02         2.0826077486003826e-02        -1.5511705545457463e-01        -9.9475538091926153e-03        -2.2002834169829264e-02         1.0733270459654957e-03        -1.1287358996890316e-02
35                                     6.4147294261650886e-04        -1.1605512648844698e-04        -3.7021243540133986e-05         8.7649095432583489e-04         1.8513092872328809e-05         9.0220126433950644e-05        -2.1131137613339748e-05         4.3354374154621651e-05
36                                    -2.1796688690819128e-03         6.9740660004243360e-03         1.2187027570243027e-03        -8.4878116161198249e-03        -1.2145408482532577e-04        -4.9632466508041785e-04        -3.8378512035312076e-02        -2.1464256731121376e-03
37                                    -9.9932060497096728e-02        -6.8945960359562242e-02        -1.2987077005004477e-02         7.8393452512109774e-02         5.4384066304385536e-03         1.1888786811391969e-02         3.2881081069074205e-03        -1.9473219071914984e-02
38                                    -5.2632893530475558e-04        -9.6820336278867394e-05        -2.1782595114918183e-05         9.0997905055840896e-05         2.1636140663833504e-05         3.9189286584591365e-05        -1.1787325254677564e-03        -1.5029043569070912e-04
39                                    -1.7470739705261302e-03        -2.2800655352214806e-05         9.7718088347472786e-05        -1.4811665766643908e-03        -2.7725172537701191e-05        -2.2324230335361429e-05         1.3276635819640867e-01         1.4393594581542607e-01
40                                     7.0177078671785076e-03         7.3243900361763866e-03         1.4860253004824911e-03        -9.7619966489889583e-03        -5.7256793662391434e-04        -1.1887916252454047e-03         7.6483841608488201e-02         8.1451295712800520e-02
41                                     1.9486708954745655e-06         3.7261604694444936e-05         9.8334558468986470e-06        -8.9948797456331967e-05        -3.3119817902953397e-06        -6.6750439716247766e-06         4.3763628882657266e-03         4.7401637468293678e-03
42                                     9.9374817953466598e-03         2.6575278673277684e-03         3.3998918049051805e-04        -2.7174186083760198e-04        -1.9496921540013579e-04        -4.3286755023514084e-04        -9.6860176870346093e-02        -1.0384454286957764e-01
43                                     3.7376722204746169e-03        -2.2003365594964238e-04        -1.9147777666174269e-04         1.8982272215758507e-03         3.5992342412357071e-05         7.2820343063615517e-05        -5.5803221287169358e-02        -5.9856833146174640e-02
44                                     3.1294996105894003e-04         7.8574140996209944e-05         1.1646658649911536e-05        -4.0016234455098988e-06        -3.8439885208442985e-06        -9.2672505217332982e-06        -3.1858733273163477e-03        -3.4167877515137082e-03
45                                     1.5725009650414108e-03        -1.5928327511717084e-03        -3.8747852231017392e-04         4.1365064823343980e-03         1.7159203366169564e-04         3.4807082856123229e-04         1.3173060997571234e-01        -1.2453145815850310e-01
46                                     5.5283473510551193e-03         3.9002368901514938e-03         7.3506937478463787e-04        -4.4363103503471547e-03        -3.0952592839825769e-04        -5.1031140587223551e-04        -9.8061008825045495e-02         9.1564634170686124e-02
47                                     8.1024287849819300e-05        -2.0174317471366155e-05        -6.4204169063652843e-06         9.1342917067546259e-05         3.1141038498936162e-06         6.0784884050579062e-06         3.6536409284216829e-03        -3.4521696904289620e-03
48                                    -1.0395778099343205e-02        -4.7709834979600095e-03        -6.6755751378865219e-04         1.8100631756354244e-03         1.8357596487231657e-04         4.5397551162403791e-04        -9.6202728943788840e-02         8.9788471679081064e-02
49                                     5.9408420766040165e-03         2.5416117115309310e-03         3.1723563242495433e-04        -3.8813076149731257e-04        -5.9537979895068180e-05        -1.9814293075389410e-04         7.1156890069845768e-02        -6.6496763640380832e-02
50                                    -2.9728812687368207e-04        -1.4012030936911893e-04        -2.0412615945343653e-05         5.6778977454569688e-05         5.5992963978826281e-06         1.3057847315445474e-05        -2.6675679658992283e-03         2.4898181680941406e-03
51                                    -1.1994374155817253e-03         1.1158446581649136e-02         5.0459233389930306e-03         2.0944797150368732e-03        -1.1088949663715293e-03        -3.6552247423669556e-03        -4.3426741016324698e-05         7.9701245030047263e-04
52                                     7.2338196632425232e-04         8.3423867622122120e-03         3.9818187623082328e-03        -5.2910987200530044e-03        -1.2709546930565491e-03        -6.0453364177126545e-04        -1.1207083359332241e-04        -7.0885105042374616e-04
53                                    -3.3833190652855753e-05         3.9788481369114543e-04         1.8456373282898432e-04         3.6965497859259043e-05        -4.7210894676808479e-05        -1.2916098273311897e-04        -1.3873268670344247e-06         2.1023955665376483e-05
54                                     2.3703106535743958e-02        -3.9026421799864125e-02         2.9753832720852962e-02         1.0736733099605725e-02        -4.5200025023759867e-02        -1.0705380929233485e-01         2.9965462061653379e-05         3.0227759264231759e-04
55                                    -9.1926948364605132e-03         6.9253231355555127e-03        -5.9513454373404683e-02        -1.0471452483569036e-02         4.5574278535670580e-02         5.3353516779991374e-02        -9.6556462591312839e-06        -3.7255895810241500e-04
56                                     7.5475597297828742e-04        -1.2561441138219703e-03         1.0747684036115806e-03         3.5686399188775733e-04        -1.5361218303581404e-03        -3.4364328412208396e-03         1.0204421011803197e-06         8.1195143053175819e-06
57                                     1.4135223311967005e-02         6.3804063214344632e-03        -1.2386605660679314e-03        -1.0198911056824916e-02        -3.5914436959881141e-02         1.0111905555468660e-01        -2.3170623410913966e-05        -1.6077513929259234e-04
58                                    -2.2627321916230685e-03        -2.6359755840896205e-02         1.1561090892306340e-01         8.1995159063218380e-03        -7.9848957062191046e-03        -3.2480242210471702e-02        -1.5480838678412746e-05         1.0436935021788910e-05
59                                     4.3256023218178212e-04         2.5403003901767882e-04        -3.4564787291490586e-04        -3.3893182079551494e-04        -1.0420460023214963e-03         3.1141614497032385e-03        -4.8044400072620850e-07        -3.1388769167635162e-06
60                                    -9.7149128713209295e-03        -9.7605779311387194e-03         1.4369952199334887e-03        -4.0284068270495963e-03         1.4714002486178065e-01        -6.6022205751644539e-02         1.8255460663749029e-06         1.0250755008232018e-04
61                                    -2.8683679844043984e-03         1.9533318999369224e-02        -5.1051288964758745e-02        -2.8648787975713609e-03        -1.5807211603875784e-02         2.2650837618651578e-02         2.4803833739972040e-06        -6.8917459966669209e-05
62                                    -2.8447385050436007e-04        -3.2968959876270227e-04         1.7257237764788525e-04        -1.1043925766377251e-04         4.3643857629153560e-03        -1.9851849823915701e-03         1.1464574012680995e-07         3.1415811482788415e-06
63                                    -1.5037770427513749e-03        -4.1182981592143078e-03         3.7329630469623371e-02         9.5293132258660335e-03        -1.3963111227085689e-01         3.5073026322655632e-02         4.9658546770281012e-06        -1.2786317790406727e-04
64                                     1.1900715821760265e-02        -2.3832999731240884e-02         5.4654921228470203e-02         3.1692881497060064e-03        -2.6609100053085671e-02         3.2885784919402003e-03        -5.7215870751317740e-06        -4.1130710373396717e-05
65                                    -7.2784021067430718e-05        -6.3818699464206625e-05         9.5658275096102859e-04         2.7272541338349635e-04        -4.0050642856186468e-03         1.0137218901752410e-03         2.4762856214125399e-07        -4.1704307569644259e-06
66                                     1.0251904003623928e-01        -7.3296767005083807e-02         8.3988329020468239e-02        -3.3523651339364795e-03         5.6472719702676220e-02        -8.0536787773988986e-03        -1.6000087619462841e-06        -6.2895954165443325e-05
67                                    -3.1579383043669251e-02         1.9091165713401196e-02        -1.5874963161966557e-02         9.7973904283064472e-04        -1.6475227603881371e-02         1.4281173231479709e-03        -1.1766112106347601e-05         1.8958473084171383e-04
68                                     2.7146002634269874e-03        -2.1058071594247897e-03         2.3978689621238442e-03        -8.5241971765226819e-05         1.6115085772745771e-03        -2.3148191819420880e-04         5.3481946167036678e-07        -2.7178162074910556e-06
69                                    -4.7371515382065722e-02         3.3001605093661263e-02        -5.1558264685543968e-02         4.6372448021434840e-03        -3.4794252484109896e-02         4.1152863583876209e-03         2.0283719516116032e-05        -2.6864205983141866e-04
70                                     7.7437282641212787e-02        -4.3686681905168764e-02         3.4258306690578125e-02        -1.1615218858450661e-03         3.1131703117724202e-02        -6.4604519149765493e-03         1.9751404230137079e-05        -2.1474441921404792e-04
71                                     5.7721955592714341e-02        -3.4943556436627422e-02         3.8847052692636629e-02        -1.8035331943298840e-03         2.6144195394346360e-02        -6.6018759998696238e-03        -8.5381403312908181e-06         4.0731464797759790e-05
72                                    -4.3648467427189558e-02         3.0854697079006486e-02        -4.9217365095328786e-02         4.5258282197524853e-03        -3.3172937391047659e-02         3.7131411337599364e-03         1.9999601671280506e-05        -2.6725424702470091e-04
73                                     7.7450990060035793e-02        -4.3536980100084097e-02         3.4052693532598335e-02        -1.1573327706883014e-03         3.0980572632871035e-02        -6.4155161050167067e-03         1.9711567971237728e-05        -2.1394212955522501e-04
74                                    -6.0860770802425114e-02         3.7052702384463905e-02        -4.1995225608625356e-02         2.0834232429777066e-03        -2.8296400659104340e-02         6.8645668446498144e-03         9.8886699910067144e-06        -5.5165483632542249e-05
75                                    -1.8620487226190446e-01         1.4481800767563771e-01        -1.3941944126475104e-03         3.2119773151242884e-02        -5.1480907902277427e-03        -1.0870061454896036e-01        -5.4997016691865252e-05        -5.7187235778948415e-05
76                                     5.5766326430691217e-02        -6.9886235037982303e-02         7.6988495518930652e-02        -2.0187001153764105e-02         1.0565269411527922e-02         9.8475977604311468e-02         8.2281573418077802e-06         2.5899106094882490e-04
77                                    -5.8011722476448927e-03         4.5530013413072673e-03        -1.8225771283973875e-04         1.0267559179376110e-03        -1.9233917630678618e-04        -3.5177064665619113e-03        -5.2525096844342618e-07         1.4643309986536241e-06
78                                    -2.2175754890153801e-01         1.3169865081990259e-01         1.3553251105367392e-01         9.6484976286175424e-03         4.5998446163181786e-02         9.0661506816513679e-02        -8.2347564769835407e-05        -2.0734870551668847e-04
79                                    -1.1621214456311406e-01         4.0132123644726785e-02         9.1049396604012137e-02        -1.4505677774044871e-02         6.0120867193536272e-02         1.2468271211691676e-01        -4.3037408012665940e-04        -1.9269079219853358e-04
80                                    -6.4638323863273235e-03         3.9441010818481561e-03         4.0318067102143341e-03         3.4569535594438511e-04         1.2480366664724672e-03         2.4802849694186930e-03        -1.0380954796263683e-05        -1.8430068502506667e-05
81                                    -8.2811458400342264e-02        -1.4625242109344411e-01        -6.9823855729239399e-03        -1.1382893204033145e-01        -2.4261936926133348e-02        -7.3939128329899937e-03        -6.9322925608727546e-06        -1.0108705093488050e-05
82                                     3.3035496540672143e-02         3.8081683254493091e-02         1.5623848473418885e-02         6.2999883016002225e-03        -4.2053446039836693e-03        -5.5026545690604776e-03         3.3271278497742961e-05        -3.7891543139717456e-04
83                                    -2.6132546165989487e-03        -4.9527253241534513e-03         5.0869843221565926e-05        -3.8690057317695530e-03        -1.0336328516637875e-03        -4.4910306601450898e-04         1.8870410600653052e-06        -1.3655187349165038e-05
84                                    -1.3008298997451540e-01        -6.7026907491874718e-02        -5.8995585446570877e-03        -1.0369876356898278e-01        -5.5323480572650819e-03        -5.5886430247526894e-03         1.9240692717250327e-04        -2.2658127228021331e-03
85                                     1.5885408087827596e-01         1.0143677503208889e-01         1.8843300296159909e-02         6.1901280379615772e-02         8.2319297688760471e-04         2.1275673609558537e-03        -1.0156060922746764e-05         1.5386304204932806e-04
86                                    -3.2151774903157182e-03        -1.5770889108749162e-03        -8.3024908587859745e-05        -2.9773594463829971e-03        -1.8271381424152347e-04        -1.8820307505779753e-04         6.6600371859916853e-06        -7.4303369124669507e-05
87                                     7.5732924931482135e-02         7.8537513938814599e-02         1.7889053256016585e-02        -9.8519903275269993e-02        -8.0274378933990944e-03        -1.4216451018802671e-02        -3.1182267086527940e-03        -3.8826529817957383e-03
88                                    -8.9831698611681915e-02        -1.7008701016151201e-01        -4.0544790992024640e-02         2.6523861985142944e-01         1.8190763581647777e-02         3.4594357805915674e-02         7.6509772203061895e-04         3.5495367323127467e-03
89                                     1.6668814165276956e-03         1.1272252368685475e-03         2.5816687506404200e-04        -1.0004033039173936e-03        -1.1663219986684427e-04        -1.7198167154620830e-04        -1.1025851893493552e-04        -1.1045139709038895e-04
90                                    -9.2487002478017513e-02         1.5739739611907833e-01        -1.2302328353480510e-01        -1.0574002604463761e-02         1.1106688625234347e-01         1.7801076080103256e-01         1.7993050241196789e-06        -2.0438605904994419e-04
91                                     4.5664587104325617e-02        -9.1759872905227496e-02         1.5353029281865795e-02        -4.5652237564293045e-04        -2.7904955525562988e-02        -8.4632775473957866e-02         1.9957430534144762e-05        -5.0470128493494693e-04
92                                    -2.7951009112641011e-03         5.4417947494637114e-03        -3.8004600849194988e-03        -6.7369264416163076e-05         3.5990598876806091e-03         5.6876450048520318e-03        -1.1649264806394036e-06         2.3626086787137133e-06
93                                     1.5404500229211675e-02         3.3489180856384186e-02        -4.6102849861931285e-02        -3.3026112894622059e-03        -1.3508699943699254e-01         9.4849772642139077e-02         7.5805832203590509e-06        -1.1717741405718243e-04
94                                    -1.3366801772205089e-02        -1.2863634624603738e-03        -3.2988905520515109e-02        -4.3558225684737989e-03         1.2685767865507372e-01        -5.2470169252386435e-02         2.1569722291969494e-05        -1.7420554351145465e-04
95                                     5.0540492948992078e-04         9.7981814359304992e-04        -1.2725042981384179e-03        -9.6244061059139050e-05        -4.2519597186992048e-03         2.9014621487664740e-03        -9.5667355249225141e-09        -1.7376718781711995e-06
96                                     2.6424038078634166e-02         2.0860754304952194e-02        -9.0468577180168361e-02        -1.3886931014820362e-02         9.1658145309025607e-02         6.4564916840829959e-03        -5.2819317225057488e-06         9.0150408791879900e-05
97                                     3.3349832842409055e-02        -7.2474833945399665e-03        -4.0911573782003656e-02        -1.4871464759879436e-02         1.6140910534009570e-01        -2.2717446049345509e-02         9.2497072594292101e-06        -1.1260567112060864e-04
98                                     6.7814253060323579e-04         6.2208451756081936e-04        -2.4974472633160064e-03        -3.6225298685013457e-04         2.1856982708538318e-03         2.5520760815747883e-04         1.7075994762345976e-07         8.4209775013535091e-06
                                                        88                          89                          90                          91                          92                          93                          94                          95

0                                      4.9333794753409543e-02        -2.4357678804373421e-03        -3.6814555815610594e-03         1.4724934244597627e-04        -1.5956554816821322e-05         2.0614825756198069e-05         3.2743430486230574e-04         3.6277984196754335e-06
1                                     -1.7007006748024352e-02         2.9966456951606142e-04        -8.7166408385317917e-02        -6.9285114340264878e-04         1.9619232268001656e-04         1.8632536532020908e-04        -6.1863035420599017e-04        -5.4278029630327857e-07
2                                      1.3086313297497904e-03         8.7160133460819980e-02         2.3446649425882225e-04        -1.3455204570944449e-06        -6.3957998552884694e-07         1.1569526049982572e-06         1.2327749875520578e-06         2.2427154446944067e-07
3                                     -8.2524065712328762e-04        -2.3267090808290357e-05         9.5766749250452159e-04         6.2689666589007956e-04        -8.2777666431299831e-06        -2.9477777891627748e-04         1.5377561973821978e-03         2.8638220441848890e-06
4                                     -1.5703416433350995e-04         5.3216634100392442e-06        -1.2327467151410734e-03         1.6994572136623878e-04         2.5359345141277316e-05         3.7187141904348760e-05         2.1181772518900467e-03         1.0160978259215902e-05
5                                     -2.5981474995353316e-05         6.6969434874634916e-04         3.1892127452643483e-05         1.7823444977404640e-05        -1.2296680961151227e-06        -8.5972414300966441e-06         3.9212268363130271e-05         2.7118150694068656e-07
6                                     -1.6639987027784826e-04        -6.3043781321622433e-06         4.9286551579801902e-05        -2.4598266366341513e-04        -2.7776537473709663e-05         3.2477341834209824e-05        -3.2820056337198102e-04         1.5773284010688175e-06
7                                      1.7975948714266181e-04         1.6615378418584972e-06         2.1395558489342749e-04         3.0404388901772119e-04        -1.8928048121069621e-04        -4.9238721186987982e-05         2.9694631431483547e-04         1.5289009694588074e-06
8                                     -4.7871231803070741e-06         2.0078897842253174e-04        -3.1876323377402865e-06        -7.8415527367651089e-06        -6.8775097019743303e-07         3.6852150417504280e-08        -1.0131445565060438e-05         2.5098896778267767e-07
9                                      8.3435355772049926e-05        -7.7865283030410754e-07        -8.7730271685005943e-05        -3.4845858086906840e-04         2.4951130196535995e-04         1.7397162014180414e-03         2.2276675389414476e-04         2.2579852649666502e-06
10                                    -3.4710183998703966e-05         2.5236843445421499e-08         2.0983354330396899e-04        -4.7758611190341015e-04         8.1166223741219385e-04        -1.4377180407735212e-03         3.2362780494833558e-04        -8.1845747696395690e-06
11                                     2.4100723559341145e-06         4.6048800530713235e-05        -3.4002335068779669e-06        -9.0942193251247932e-06         5.6673522424964946e-06         5.3178842593612041e-05         5.6460392073304465e-06         1.6490864154371069e-07
12                                     4.2308332384538488e-05        -3.4491063944283488e-07         8.1897577518946747e-05         1.8318214743192032e-04        -3.6201612984467042e-03         3.4985416099746577e-02         1.8030932767065216e-03         1.6348380945634139e-04
13                                    -4.6749539149015244e-05        -3.3695445117434581e-07         5.1132690839684603e-05         1.4765978782316138e-04        -6.5971376746742525e-03         6.8366640161397610e-02         3.7936444953221896e-03         3.0697522739338062e-04
14                                     1.3821456840111776e-06         6.1841184048739534e-06         2.2558547254199152e-06         5.3745774450571531e-06        -9.4077364706980423e-05         8.9749103494367343e-04         4.5989035215808828e-05         4.3351771357361193e-06
15                                    -3.3111422739264406e-05         1.7636811426927895e-07        -5.3030546311893468e-05         5.2185175700657307e-06         2.7436596783680348e-05         1.3398548617492212e-02         1.2431191340228284e-03         6.7724663269102258e-06
16                                    -6.4447690850320366e-05         1.3303501668739364e-08        -1.8708521190137483e-05        -1.0255456952475237e-04         1.9117964755327873e-03        -2.5396806640257438e-02        -1.9709326721192742e-03        -5.9121425202520097e-05
17                                    -8.2096621303045348e-07        -3.2953034725278628e-06        -1.7071146883842693e-06         5.9128940551733962e-07        -4.2174063192006793e-06         4.7903047748918396e-04         4.3524739487040787e-05         3.9908584907385782e-07
18                                    -2.3578525867865106e-05         1.7868121437884117e-07        -4.9414727780883896e-05        -2.8646922261201348e-04        -2.0469811670791190e-03        -9.6202909916291997e-05         1.0395962694177234e-04         5.9496090617006955e-05
19                                     8.5661557283362488e-05        -1.5022668933368381e-07         7.3628495847750412e-05         2.3523836692824522e-04         2.4109461686969559e-03         2.2127431220842251e-04         1.2332952505505481e-04        -5.3221838304725703e-06
20                                    -9.3895941167207191e-07        -1.4941758697173052e-06        -1.6422947147773969e-06        -9.6258488106658467e-06        -6.8694261315108363e-05        -1.9431297631020431e-06         3.3635233868309461e-06         2.1087340993771126e-06
21                                    -6.1640170105973169e-06        -1.4157222690926755e-07         4.1315638462101567e-05         4.5425357375554049e-05        -4.3819494255880183e-04         3.9312092830181061e-05        -1.2920899639276087e-04        -2.9692259253018497e-05
22                                    -3.1817403528915503e-06        -1.0513999409226869e-07         1.0782474140975716e-05         4.1413616066808431e-06        -5.9537067292398467e-04        -2.8797979735869280e-04        -1.0271881462486878e-04         2.0143687452382482e-04
23                                    -3.5375526419327819e-07        -4.4056939198624181e-06         1.4833485769339143e-06         1.2425801983155443e-06        -1.5732441255097461e-05         3.8508215790327513e-07        -4.5580034249135216e-06         8.2857666076312083e-09
24                                     1.5735543525481225e-05         1.9826552372777465e-07        -2.3447582353204434e-05        -6.7863923999582194e-05        -8.1892210186830798e-04        -1.0157152739300539e-04         9.2191447438212033e-06        -1.2770773809717202e-04
25                                    -1.9552942277477235e-06        -3.9887001684299014e-09         2.8157466003170326e-06         2.0305428754131878e-04         4.0870404527012421e-03         3.9571684916491330e-04         2.3539159830418874e-04        -2.1685641652753390e-04
26                                     5.0772385652561058e-07        -7.7797871701036778e-07        -5.0703567538144202e-07        -1.3140444986529098e-06        -2.6481926733682589e-06        -1.1956106405456693e-06         1.2709068404513676e-06        -5.9577664613809227e-06
27                                    -2.8807966036031320e-06        -2.9652879823730348e-08         2.8857391423223414e-06        -7.3631768023759136e-06        -1.7410696936536626e-04         1.1886436084643344e-05        -2.9520737958543077e-06         1.2331208844401839e-03
28                                     1.1545801079451372e-05         1.1119400112720417e-07        -1.4335708753213068e-05        -2.5104316688367999e-05        -1.9597094323779371e-04        -7.7616557380036311e-06         3.1488644869479011e-05         7.8125826447814431e-04
29                                    -2.2375818356575656e-07        -9.4611408568120072e-07         3.0650338182023191e-07        -7.7665262649557770e-07        -8.0087809313577595e-06         3.4508670899888059e-07        -4.5256622114638755e-07         4.2987339896486215e-05
30                                     3.4809927377741581e-05         3.0823971216303153e-07        -2.6612870528769399e-05        -1.2950613432426718e-05         3.6301303272200488e-05        -3.2547887476343565e-05         6.5080684205842801e-05         6.3499114886248072e-04
31                                    -2.4636414833966432e-05        -2.7945843598275492e-07         2.3229914336204078e-05         1.5243232854879672e-05        -1.4516035847768696e-04         6.3002702010467235e-06        -6.2820088751397993e-05        -1.8364235161836891e-03
32                                     9.6995033163769506e-07        -2.0666328822576632e-07        -6.0078123901747318e-07        -5.3232414380128077e-07         7.4163490059143026e-07        -1.2010248348151783e-06         1.6640775961908964e-06         8.7394454377834963e-06
33                                    -1.2568058006306039e-05        -1.7859029754590329e-07         1.2428467284212816e-05         7.4440480896871602e-06        -4.8010078214111826e-05         2.9144920968986356e-04         2.5163271192246267e-04        -7.7625606079553600e-02
34                                     3.7933086507803231e-05         3.2303954414563810e-07        -3.2998827122882404e-05        -1.9065566010551675e-05         9.8744642937964033e-05         1.6713458072628327e-04         1.9435996566992609e-04        -2.8217662851973697e-02
35                                    -2.7128602437548110e-07         2.2077266061761831e-07         4.3248479079424043e-07         1.2897507106076344e-07         1.0734828149239575e-08         1.0067539090823375e-05         8.6726453053388556e-06        -2.5712303328967855e-03
36                                     3.6045687984324062e-07        -1.3756220940209202e-08         1.1676738652077920e-06         3.4594006595164915e-07        -8.4653730787130741e-06        -7.5777667594165521e-06        -3.2218697227488971e-06         3.1577836710647130e-05
37                                    -2.7419818592683418e-05        -2.7406920007149040e-07         2.4815179152257945e-05         1.3420908550320906e-05        -6.8094305486678409e-05        -5.7460886045846640e-05        -7.8016088002267047e-05         2.9843076451054472e-03
38                                    -1.1927532469991883e-07         1.7301859307972470e-07         2.5485487757516284e-07         1.3885724472797039e-07        -1.5259841916826458e-08        -5.7252758490426233e-07        -4.7196871263816928e-07         1.4039025144157839e-05
39                                     1.7861927948939677e-05         1.2106020323247285e-07        -1.7082819031432048e-05        -8.5915367782258631e-06         4.0907311195185770e-05         6.6207933628986186e-05         4.2631958087291800e-05         6.5376725253062822e-04
40                                     9.9412091742063883e-06         5.3241394788136397e-08        -9.3300246344164825e-06        -4.8145642990680691e-06         2.3386857716444455e-05         3.7355368554232520e-05         2.2490993335946006e-05         6.2067857738391265e-04
41                                     6.4111087631828550e-07         7.4535447328539633e-07        -5.8093661869493757e-07        -7.2368239351625330e-08         1.9073572223517175e-06         1.9517356999493387e-06         1.5759242895355393e-06         2.2014133791369496e-05
42                                    -9.8861645183057524e-06        -1.1103612732778983e-07         1.0102246546614380e-05         3.9590882383690817e-06        -2.2338927372653793e-05        -5.3543935157319385e-05        -2.6284920145549718e-05        -2.1828433955539342e-04
43                                    -6.9324564644902362e-06        -9.0403400005896779e-08         6.2360016697144241e-06         3.1063303518924249e-06        -1.5085471923543548e-05        -1.5735714331429156e-05        -1.5269809978760501e-05        -1.6559532218380737e-04
44                                    -2.4622728607403100e-07         7.1347957849331830e-07         2.3471638379480276e-07         4.5763043544511178e-07        -4.3925505839516284e-07        -1.3178723208137359e-07        -4.3846227976228982e-07        -7.2877705300316142e-06
45                                    -2.0013595062621946e-05        -1.7890981562803469e-07         1.6267301538568998e-05         8.9858239010957967e-06        -4.1600057175660346e-05        -2.6621342406473727e-05        -4.3871269898074803e-05        -2.4181341157134614e-05
46                                     1.4279162810136197e-05         9.3298049493764885e-08        -1.1015083419278814e-05        -6.9660247546684256e-06         2.9111336046218206e-05         1.7157855923875184e-05         3.0474262226902644e-05        -2.0337236038097691e-04
47                                    -5.3327368410959090e-07         2.8907059714154103e-07         5.7360829443607248e-07         3.5396170485339672e-07        -2.7118395177487358e-07        -7.9888368297585997e-07        -1.1750884396408929e-06        -2.6300033451000642e-06
48                                     1.2812299219526603e-05         9.0530326275920832e-08        -9.8017413596434929e-06        -6.2270903063384128e-06         2.4967937373059578e-05         1.4563624346305515e-05         2.5750919041232571e-05         1.5134060233136295e-04
49                                    -8.7314929563916710e-06        -9.2950608697683983e-08         7.1187531509310730e-06         3.2883024901236154e-06        -1.7351093841314423e-05        -1.1569782447897814e-05        -1.8746269118351471e-05        -4.7611217203899827e-05
50                                     3.7417899645739344e-07         3.5509483007823878e-07        -1.4020879467941063e-07        -3.3489527406805998e-08         1.8434675108985055e-06         3.1425233919710469e-07         7.5088283254497884e-07         4.6622875354552298e-06
51                                    -7.0621511061793112e-06        -3.7726377344164537e-09         2.1770528111235126e-06        -2.9760803785494876e-06         1.8271316055249316e-04         1.3248980195881160e-04         1.7630283526843339e-05         7.7300318642663799e-04
52                                     6.1184120148878374e-06        -2.8291199613377281e-09        -4.3355985948379747e-07        -2.8293020652661868e-06        -4.2996175250348636e-05         1.0409721666962308e-04         1.2328613672698174e-05        -2.1911222741125553e-04
53                                    -2.3817595769610195e-07        -9.2979085573011735e-07         1.6816917885024046e-07        -1.9767820859005106e-07         5.3828880058573271e-06         3.5886620853779584e-06         4.1020575225573043e-07         2.4584352450616453e-05
54                                     1.6107719531337274e-04        -3.0203202179994251e-07         4.1393171125109385e-05        -1.9353941640445349e-03        -3.5782954027726459e-02        -3.4347572508065787e-03        -1.9276532129671822e-03        -4.0890703714448425e-05
55                                    -9.6107724866664878e-06         6.7361619201260022e-07        -1.2624667271819481e-04        -4.1636344397880855e-03        -7.4117631616479565e-02        -6.3417229453395230e-03        -4.1085988015119755e-03        -1.5611679593762751e-05
56                                     4.7468821947821848e-06         1.9536124089500378e-05         1.7163859826464252e-06        -4.4688297874474005e-05        -8.0956630433255737e-04        -8.1214166263165208e-05        -4.3001893304659150e-05        -1.1314204443593706e-06
57                                    -2.0688638840493605e-04        -4.0773450157109935e-07        -1.0885307662012440e-04         1.4996637994953719e-03         2.2212231919914796e-03         3.3098318601441657e-05        -1.2491777195499777e-03         1.1032777421351225e-05
58                                     9.5082854262629814e-05        -3.4076317643258774e-07         1.2385301179489790e-04        -1.1439822644736392e-03        -5.2223182405297956e-04        -3.9110997761810236e-04         1.2819849227198616e-03         6.6855898681020176e-06
59                                    -6.6489141954299716e-06         1.2000582032691539e-05        -3.7048025037868770e-06         4.6678671347847508e-05         6.6225196485772460e-05         2.3110462425845580e-06        -4.0359716416616018e-05         4.3459904227213385e-07
60                                     4.6112134285888581e-04         2.5100432463832253e-06         1.6981497513566068e-04         2.9869468742124941e-02        -4.3843244187610292e-04         1.3248006372662577e-03        -2.0958395805640732e-02        -7.3201106946493375e-05
61                                     1.3094889646668767e-04         1.9157856699200653e-06        -4.5246260015221627e-04         6.5471459742260860e-02        -1.7637369639054851e-03         1.9204697158135464e-03        -3.7173780295912548e-02        -1.2261414177811291e-04
62                                     1.3652381843368970e-05        -7.7231993591206415e-05         6.1870409938411496e-06         7.1146715419796562e-04        -8.3826515401881211e-06         3.4333952354683055e-05        -5.2109281207932275e-04        -1.7909621082160847e-06
63                                    -8.1861411634129625e-04         1.0492207405727696e-05        -4.6523034656307432e-04         2.1777509304781999e-02        -3.7285082463048565e-03        -3.2160151967452048e-03         4.6298066720460662e-02         1.6032860994741292e-04
64                                     2.7262351659988965e-04        -7.9281356097276211e-06         5.2269697253711498e-04        -3.2546817804597450e-02         4.6521219684885909e-03         3.7404061339849103e-03        -5.7187741004249122e-02        -1.9330090831832988e-04
65                                    -2.4951089255572695e-05        -2.1240803291647369e-04        -1.4877523284245093e-05         7.2094802574718445e-04        -1.2189998259746412e-04        -1.0383459857274989e-04         1.5014291205435973e-03         5.2807766432274110e-06
66                                    -8.4164679816540147e-02        -9.0648363060514777e-04         2.2207101643364471e-01         7.9829542968238090e-04        -3.0992249835271729e-04        -3.0205963597450920e-04        -1.7055745349810233e-03        -8.2774421461581977e-06
67                                    -3.5399481153005746e-01        -1.5402277506087719e-03         8.5882768590697889e-01         4.4815430296883578e-03        -1.5698274265225339e-03        -1.4720300682265562e-03        -5.0225350125437647e-04        -9.1257317398296075e-06
68                                    -1.4864648267064408e-03         1.7372372208385743e-02         4.0100228322888162e-03         1.2109055023528884e-05        -7.6813160276690877e-06        -3.4561926624208372e-06        -4.7572724482671064e-05         4.2361625665231241e-07
69                                    -2.3132191270213215e-01        -2.5680026054946908e-01        -9.0036282610891902e-02        -1.9942558502685759e-03         1.8100795791888935e-04         4.0971245241413763e-05        -3.1078459231088091e-03        -2.1434054642132577e-05
70                                     2.7709620866129336e-01         3.0323062823667507e-01         9.2993547730805898e-02         1.7229970782619679e-03        -2.8011877398169307e-04        -1.2478462321647568e-04         2.2732939683232367e-03         2.0666756863693380e-05
71                                    -5.3050873416981748e-01        -5.4237428438673274e-01        -2.0183051611049221e-01        -3.8425547307872287e-03         5.3122984433480035e-04         3.0973570576754678e-04        -5.4551139183933034e-03        -3.7765176822157551e-05
72                                    -2.6303156838188496e-01         2.8704889157012597e-01        -1.0107469501363139e-01        -2.2515987192929859e-03         2.1902974326559762e-04         6.4191150018072166e-05        -3.4670685569912767e-03        -2.3917959545394725e-05
73                                     2.8139241783865215e-01        -3.0531713763537938e-01         9.3523986544835583e-02         1.7782346163409952e-03        -2.8973176003842943e-04        -1.3194507334404003e-04         2.3458478210653128e-03         2.1229066424267250e-05
74                                     5.1669704306686914e-01        -5.2294939408369279e-01         1.9467192038787054e-01         3.7771225585210176e-03        -5.3483787220050998e-04        -3.1653521108200523e-04         5.3344560652148505e-03         3.7393860706363745e-05
75                                     3.4224469807010125e-04         2.5198163196377315e-06        -6.3877394910525265e-04        -8.1747703684331447e-04         3.9707033678538242e-02        -4.0622763853026050e-01        -2.2453529729396571e-02        -1.8393817430611629e-03
76                                     7.5936683321976644e-04         5.8010177814429085e-06        -1.2311743366956690e-03        -9.1185486850154296e-04         7.6563519142176170e-02        -7.8475543113978918e-01        -4.3750470251258652e-02        -3.5292558375642677e-03
77                                     9.0314420828781093e-06         1.2096583608392289e-05        -1.6659105767576884e-05        -2.2652280046732365e-05         1.0125194858255323e-03        -1.0389589836676845e-02        -5.7315331019422834e-04        -4.7558855885969554e-05
78                                    -7.2419283649647267e-05         7.9460164456095521e-07        -4.9417950137724078e-05        -7.1719359929718802e-04         8.5321678214715039e-03        -1.8581684364361509e-01        -1.4928043304137391e-02        -3.5361100734588804e-04
79                                     2.0620682144093384e-04        -9.0257202931921889e-07         1.5165167899399529e-05         9.3611333465500794e-04        -1.5266401645447890e-02         2.9106008993212140e-01         2.3319448703927399e-02         6.0122324198366153e-04
80                                    -2.2068828703267141e-06        -9.2287283543957223e-06        -1.9515055728387237e-06        -2.5184887218333375e-05         3.0527642086361186e-04        -6.5030386469756632e-03        -5.2102999595468038e-04        -1.2995011198228798e-05
81                                    -2.3628429894842067e-05        -2.1878783982930107e-07         3.6043797404915271e-05         4.4494488699085632e-04         8.3969717640208063e-03         8.3559929491775885e-04         4.0162627233545267e-04        -1.0030609155488594e-03
82                                     3.1179457662052381e-05         3.1309237980729663e-07        -1.1673503508022076e-04        -2.2083170218524253e-03        -4.2444181986926809e-02        -3.9035590658448405e-03        -2.2085898718534123e-03         3.7886341986134477e-03
83                                    -1.0082765541968299e-06         1.9368329141723233e-07         5.2843230626792105e-07        -1.5449594751871986e-05        -2.8950101717279249e-04        -2.2987611596684665e-05        -1.8470754945830749e-05        -3.4376700603814731e-06
84                                    -4.6130170296325653e-05        -4.0383588542866717e-07         5.6472122840048548e-05         2.0984039900843416e-04         3.6366911786657450e-03         2.6195923720538042e-04        -5.4275882299629574e-05        -1.3237587265075377e-02
85                                    -3.6859876831635308e-05        -3.1321320570062162e-07         3.8657888565469331e-05         1.4109088858794592e-04         2.2516695037854183e-03         2.4352283567208907e-04        -3.8527882438339874e-05        -6.6489652866292730e-03
86                                    -2.0526977715479701e-06         2.9946313648411803e-07         2.4286884446879904e-06         7.5342874990248338e-06         1.3706618655745477e-04         1.1660721449262945e-05        -2.2977093096025638e-06        -4.7389145777202389e-04
87                                    -3.1271958971446475e-05         3.1350385817502047e-07        -8.4890756458666505e-06        -2.6427849450996118e-05         4.3237770849778579e-04        -3.5104529402879676e-03        -3.2612601664805292e-03         8.9915125022226527e-01
88                                    -1.7073464534037675e-05         2.7147775170597475e-08         1.3562738637872322e-06        -3.5878683543524256e-06         6.5680243828454898e-05        -1.2834809429489314e-03        -1.1748123546819970e-03         3.1760332209577402e-01
89                                    -1.0587578402428665e-06        -1.5962635299091768e-06        -3.5069358127006743e-08        -9.5102108536189135e-07         1.4681523777147672e-05        -1.1573032828947987e-04        -1.0810692994103531e-04         2.9788443384894978e-02
90                                    -1.8796494838956086e-04        -5.1758804306366929e-06         7.2593903497843409e-04         2.1327184753921587e-02         4.2129168753243779e-01         3.7283371575852646e-02         2.4093188658187572e-02         1.8465326880626363e-04
91                                    -3.9935863907412093e-04        -7.3924868974215160e-06         1.2998313735202583e-03         4.7876043326882611e-02         8.4714254888128737e-01         7.4732474210953498e-02         4.5718638235470309e-02         3.1665733931124590e-04
92                                    -3.9619320182877320e-06         5.5522213888470379e-05         1.7233748630198275e-05         5.0446758090576130e-04         9.9359589116958819e-03         8.7979592089372635e-04         5.6833991451300553e-04         4.1080929312608027e-06
93                                     3.8544154090476649e-04        -5.6180286786669058e-06         1.6620740954409107e-03        -3.4882728033613497e-01         7.4034572167709653e-03        -1.0577186790312299e-02         1.9784062293620278e-01         6.6932760064460279e-04
94                                    -3.7106408386712472e-04        -2.0318456057308858e-05         4.1979371536501539e-03        -7.5478289248132624e-01         2.1737356859947300e-02        -2.1243827028549957e-02         4.2037165272360788e-01         1.4172030016736854e-03
95                                     1.2621517368520101e-05        -4.6847900735729873e-05         3.7913766376080795e-05        -8.3304546935268481e-03         1.5712853396896082e-04        -2.5908400741424693e-04         4.7485043496772392e-03         1.5875358371653120e-05
96                                     6.1828229351263688e-03        -8.3678521212448656e-05         4.5199118015044875e-03        -2.7835760702465856e-01         3.9340704747473212e-02         3.3293255142322384e-02        -4.9782642084065409e-01        -1.7041196179248374e-03
97                                    -7.8285465214727335e-03         6.8906807483178881e-05        -3.8669145967375374e-03         3.7406355628857929e-01        -5.2921916008836951e-02        -4.4342377984441170e-02         6.5972091677495304e-01         2.2579984531997123e-03
98                                     1.9739902971205425e-04         1.1676368374204668e-03         1.4014673152810056e-04        -9.0841559928882595e-03         1.2832807865122359e-03         1.0864996977602397e-03        -1.6217343713408598e-02        -5.6274910483859602e-05
                                                        96                          97                          98

0                                     -3.0344765158240726e-05         8.3708280628909371e-07         1.7888716380280185e-06
1                                     -5.5330476666387494e-05         7.9370962980548764e-06        -1.9022972761349097e-06
2                                     -8.2139982963999501e-07         5.4039951876132125e-07         2.6822209120476653e-07
3                                      7.5369952571209265e-05         6.9853681480188847e-06        -5.5405946941424984e-06
4                                      2.9529771047571942e-05        -7.4762249955258243e-06         3.9535568936102516e-06
5                                      2.1156073082033383e-06         5.2450742091179723e-07        -1.0549429793305390e-07
6                                      1.6904915640449214e-04        -1.5130744718120139e-05         7.9948757309898827e-06
7                                     -9.9179096654968351e-05         6.6885359791163389e-06        -5.3785733602175212e-07
8                                      5.6780693490666577e-06        -8.3201289781898053e-11         2.8592366368146226e-07
9                                     -1.2803401191167491e-03        -2.4768913447484441e-06         1.7900728037455173e-05
10                                     1.0943751504037917e-03        -1.3228353068481169e-05         4.2455854313678730e-06
11                                    -4.1623157046355607e-05         4.3213860104918594e-07         2.6164165891454543e-07
12                                    -1.7302869546162079e-02        -3.6156749776750720e-05         6.8389249125217619e-05
13                                    -2.6675626524537369e-02        -2.1213141426764873e-06         4.7517236014816244e-05
14                                    -4.6162513665773847e-04        -8.6541624052932364e-07         2.3804351812101003e-06
15                                     4.4242951774874036e-02         9.0117828323023363e-05        -2.2080269013948582e-04
16                                    -6.4705880770498797e-02        -5.1516600326217014e-05         1.9116705547736411e-04
17                                     1.5347598802429693e-03         3.4313337422443447e-06        -7.8132467414937271e-06
18                                     1.1649069648134028e-03         1.0715405025513403e-05        -1.9176101379045531e-04
19                                     1.9835099107049885e-03         1.5826199447006512e-04        -3.9770207461440081e-04
20                                     3.0943280327038856e-05         6.3365180430214358e-07        -7.9432420655216868e-06
21                                     1.9015477823695309e-04        -5.3517392071431242e-04         3.0205512813564267e-03
22                                    -6.7674564738064234e-04        -7.8530966157044934e-04         2.9762728761515227e-03
23                                     5.6699140495806531e-06        -2.2974853471144764e-05         1.2018055340233882e-04
24                                    -9.8443729355585238e-05        -4.5537290389008611e-03         1.9221326118128899e-02
25                                    -2.1917395593045529e-04         3.3257676991288385e-02        -7.6951428711621681e-02
26                                    -4.5942650509911864e-06         1.0493076491442583e-04         4.2639858989262827e-05
27                                     5.4206155247767383e-05        -6.7019132951255514e-02        -3.3479733417796323e-02
28                                    -5.9081328954814572e-05        -3.9932349646788760e-02        -1.5762104289894281e-02
29                                     1.6477578361399651e-06        -2.4659798169151996e-03        -1.2018610263896657e-03
30                                    -2.2044514654669770e-04         1.6346941827585277e-05        -9.1146098303904945e-05
31                                     1.6075120415361455e-04         3.7570939487706211e-03         2.5680248826595912e-03
32                                    -6.8149215951246903e-06         2.1346119556782048e-05         1.0732966366343129e-05
33                                    -2.1677837450041164e-05        -1.2845543655715967e-03        -2.2308806468743255e-04
34                                    -1.1749793007990883e-04        -7.2642363684409137e-04        -1.6969552038224468e-04
35                                    -1.0385081433118766e-06        -4.3907929750205304e-05        -8.3485155328047734e-06
36                                    -9.5427140144204760e-06         9.1301540447325468e-05         4.0285365492837918e-05
37                                     5.9551983955354653e-05        -1.1646872650400296e-04        -1.3433890986594974e-04
38                                    -1.7156499429156620e-07         2.4891576129117118e-06         5.1839255438856353e-07
39                                     6.1531943285100425e-05         7.9737193556187353e-05         8.2878713662733620e-05
40                                     3.7690420002968860e-05         5.6861470614076521e-05         4.3583230679054139e-05
41                                     1.4812053057608579e-06         3.1861110443105427e-06         2.7108632563505639e-06
42                                    -7.3373218318007475e-05        -3.6251917184607230e-05        -4.5537993590615350e-05
43                                     4.4618111420009624e-06        -2.1424395204461940e-05        -2.7594897759911747e-05
44                                     1.6319581720091612e-06        -5.4461036593650668e-07        -1.4767021363304241e-06
45                                     4.1044465284864425e-05        -6.9759687881087182e-05        -8.5531825312799565e-05
46                                    -3.1376558578601185e-05         1.9229737466486514e-05         4.6493286889944354e-05
47                                     9.7577567612526527e-07        -2.0433778076895800e-06        -2.4102613810305241e-06
48                                    -2.5682183939659469e-05         3.5364632560505931e-05         4.7019552658650145e-05
49                                     1.7739792258439097e-05        -1.9317090532048588e-05        -3.2141685269331029e-05
50                                    -9.5161946282257508e-07         1.2245924573127637e-06         1.2153414573106521e-06
51                                     2.8965730084232221e-04         1.0432669462217112e-03         6.8370470226468858e-05
52                                     2.4055695500081175e-04         6.5287075469614391e-06         1.0437399638412689e-03
53                                     7.6262928295303801e-06         3.4562835064720144e-05         8.6994393825674401e-06
54                                     3.3110510232970064e-04         7.5826345192848618e-04        -1.3476291365274620e-03
55                                     1.6336902040006303e-03         1.6323617430328151e-03        -2.8817922395091675e-03
56                                     3.3851495863386960e-06         1.6228430180693436e-05        -2.9233704076684253e-05
57                                     7.1710709111834928e-05        -4.9060160931985919e-05         1.0188895305766146e-04
58                                     1.6520162496304734e-04        -1.4590099223573969e-05         3.0126717093449961e-05
59                                     2.8350398071189137e-06        -2.0977595150738958e-06         4.4390266039279570e-06
60                                     7.4260068239775630e-05        -5.3383225659082571e-06        -1.0363442779473250e-05
61                                     2.8509686287068087e-04        -1.7010984067010697e-05        -4.6376327751990022e-06
62                                     1.7465117833740635e-06        -5.3076570254033900e-07        -3.2240575192532921e-07
63                                    -3.0622985099253895e-04         1.7023307957068791e-05        -1.9417517902760557e-06
64                                     4.5491781435135490e-04        -2.6516182242598858e-05         7.0199473728827233e-06
65                                    -9.8591912439702077e-06         4.2285213237675635e-07        -7.4660838642744526e-08
66                                     1.6576825624321708e-04        -2.8827411479338016e-05         5.3395388734469176e-06
67                                     6.0618267329066479e-04        -8.7461528766906625e-05         1.4023870885286186e-05
68                                     2.3297070123991663e-06         2.4523560695709354e-07         6.8455825738404830e-07
69                                     2.0721894415841143e-04        -2.4522884481072198e-05        -3.3497060209969926e-06
70                                    -7.7685918115481020e-05        -1.4159669426733063e-07         5.5542551132854336e-06
71                                     1.9743943642656046e-04        -1.8104252557530273e-05        -7.8106954894302272e-06
72                                     2.1913189656903292e-04        -2.5340833754985226e-05        -3.6466173611465974e-06
73                                    -7.9490351211513891e-05         3.0843884352432400e-07         5.5051364633904913e-06
74                                    -1.8504718200698842e-04         1.7358060193573557e-05         7.7403457034428912e-06
75                                     1.6017201850755813e-01         1.3325401975457273e-04        -5.7074507480939067e-04
76                                     3.0364635658423655e-01         1.9714851181338737e-04        -8.4867358367505998e-04
77                                     4.1135681830582645e-03         4.3384767008136071e-06        -1.4523450697811203e-05
78                                    -4.8475512226294998e-01        -4.2200107002969225e-04         1.1004540256610534e-03
79                                     7.4376902040066029e-01         5.6890540126042460e-04        -1.5092392978560672e-03
80                                    -1.6939277661535093e-02        -1.5421500523055582e-05         3.7447951256162412e-05
81                                    -5.5502541997368962e-04         8.7880490509016931e-02        -2.0350969778684955e-01
82                                     3.1128363631978285e-03        -3.7924539333762824e-01         8.4162968242435454e-01
83                                     1.3444332412799423e-05        -4.7713036894830163e-05        -1.9442294310298089e-04
84                                     1.1574243183797765e-05         7.5530730347620656e-01         3.3775881331370949e-01
85                                     2.7869129144239915e-04         4.2692986089775986e-01         1.8664146758600106e-01
86                                     4.5186010404357593e-06         2.7659380054048183e-02         1.2343215575800965e-02
87                                     7.9341130583508073e-04         1.4450452085795941e-02         2.6020464916422636e-03
88                                     2.4090465852708774e-04         4.5735575934997873e-03         7.1751953242192167e-04
89                                     2.6470357356278635e-05         4.7527253432241265e-04         8.5433008198787793e-05
90                                    -6.2783413662506329e-03        -9.8107257749104702e-03         1.7526202868968228e-02
91                                    -1.3593347501922416e-02        -1.9530177104301411e-02         3.4466075775918717e-02
92                                    -1.5185504409314548e-04        -2.1911403526103367e-04         4.0031657449958067e-04
93                                    -1.4551741554539612e-03         1.0485850230937886e-04        -1.6760266215209391e-05
94                                    -3.4550796270982555e-03         1.0014369800630902e-04         1.7735708856617816e-04
95                                    -3.3281053132401089e-05         2.2117868995035574e-06        -8.7745112416025145e-07
96                                     3.7362275876410508e-03        -2.0471354984391774e-04         1.9951649698842203e-05
97                                    -4.8657175811999461e-03         2.6946700450961985e-04        -2.7374781924033178e-05
98                                     1.2344812034848700e-04        -6.7213071469668447e-06         1.5808181861912368e-06
$End
$Calculation_Info
   &GeometryIndex 11
   &Mult [&Type "Integer"] 1
   &Charge [&Type "Integer"] 0
   &NumOfAtoms [&Type "Integer"] 33
   &NumOfElectrons [&Type "Integer"] 148
   &NumOfBasisFuncts [&Type "Integer"] 456
   &NumOfAuxCBasisFuncts [&Type "Integer"] 0
   &NumOfAuxJBasisFuncts [&Type "Integer"] 1199
   &NumOfAuxJKBasisFuncts [&Type "Integer"] 0
   &NumOfCABSBasisFuncts [&Type "Integer"] 0
$End
$Calculation_Timings
   &GeometryIndex 11
   &GTOINT [&Type "Double"]       7.0568282000000011e+01
   &SCF [&Type "Double"]       5.8371148900000014e+02
   &SCFGRAD [&Type "Double"]       2.3267465799999991e+02
   &GSTEP [&Type "Double"]       2.4656500000000708e-01
   &PROPINT [&Type "Double"]       1.9819762500000007e+02
   &RESPONSE [&Type "Double"]       3.0289445500000011e+02
   &PROP [&Type "Double"]       2.3757381799999985e+02
   &SUM [&Type "Double"]       1.6258668920000002e+03
$End
