*************************************************
******************* ORCA 6.1.0 ******************
*************************************************
$Calculation_Status
   &GeometryIndex 14
   &version [&Type "String"] "6.1.0"
   &progName [&Type "String"] "LeanSCF"
   &Status [&Type "String"] "NORMAL TERMINATION"
$End
$Geometry
   &GeometryIndex 1
   &NAtoms [&Type "Integer"] 33
   &NCorelessECP [&Type "Integer"] 0
   &NGhostAtoms [&Type "Integer"] 0
   &CartesianCoordinates [&Type "Coordinates", &Dim(33,4), &Units "Bohr"] 
              C     -8.618782432924    3.675316241317    0.097271898700
              C     -5.795037079264    3.951577858800    0.200729017868
              N     -4.401940542344    1.816575053541    0.332019734872
              C     -1.876646138994    2.050116332835    0.360849860699
              C     -0.376483381701   -0.087509243546    0.445144167786
              C      2.249382431689    0.089352635107    0.385081612745
              C      3.467790358536    2.432190363668    0.252056736397
              C      6.224262587161    2.506649555942    0.211259887702
              C      7.938494608442    3.799112722104    1.690992987349
              C     10.379456082104    2.658345440120    1.651899957877
              C     10.453705974547    0.607301238525    0.059312074873
              C     11.928252889761   -1.649623978713    0.320222247561
              C     12.064927909519   -4.095021231284    0.619898160304
              C      9.402237871476   -5.170709322668    0.560189313996
              N      7.193315761895   -6.063081763304    0.510655876447
              C     14.333958567051   -5.462959559780    0.560931443653
              N     16.213000067335   -6.588641195264    0.539671862130
              S      7.846431988518    0.631331768186   -1.897371484735
              C      1.987011146754    4.605217442242    0.253306826518
              C     -0.658069464327    4.416686740739    0.276035734172
              C     -2.157451167951    6.573392386408    0.171021697043
              C     -4.772933294149    6.356311048629    0.123821237144
              H     -9.107455293252    1.714759773791    0.174274061228
              H     -9.311615182237    4.475469498409   -1.625589008762
              H     -9.448337611822    4.638965073508    1.669445964497
              H     -1.216469787820   -1.844139375229    0.554429118069
              H      3.317941404431   -1.541124144632    0.439826247143
              H      7.504332732427    5.405359194303    2.708217406611
              H     11.902427727253    3.294051328476    2.690988584854
              H     13.782021778356   -1.051508231406    0.224994925580
              H      2.836497451245    6.360606880468    0.237472642678
              H     -1.325590713843    8.336752394292    0.128132889392
              H     -5.914488246678    7.934960155577    0.034439637638
$End
$SCF_Mulliken_Population_Analysis
   &GeometryIndex 1
   &NAtoms [&Type "Integer"] 33
   &ATNO [&Type "ArrayOfIntegers", &Dim (33,1)] 
                                                         0

0                                                        6
1                                                        6
2                                                        7
3                                                        6
4                                                        6
5                                                        6
6                                                        6
7                                                        6
8                                                        6
9                                                        6
10                                                       6
11                                                       6
12                                                       6
13                                                       6
14                                                       7
15                                                       6
16                                                       7
17                                                      16
18                                                       6
19                                                       6
20                                                       6
21                                                       6
22                                                       1
23                                                       1
24                                                       1
25                                                       1
26                                                       1
27                                                       1
28                                                       1
29                                                       1
30                                                       1
31                                                       1
32                                                       1
   &AtomicCharges [&Type "ArrayOfDoubles", &Dim (33,1)] 
                                                         0

0                                     -6.3233670326732039e-01
1                                      7.6123760804337692e-02
2                                     -1.7916117134214460e-01
3                                      1.7734250261968221e-01
4                                     -3.1158282354115130e-01
5                                     -1.2798013127362751e-01
6                                     -1.8143372261720359e-02
7                                     -2.9911136028875429e-01
8                                     -2.0061861544233750e-01
9                                     -1.9800371352383195e-01
10                                    -3.6585016252195679e-02
11                                    -2.5994891649829110e-01
12                                     1.0417031183205694e-01
13                                     6.8390265864790578e-03
14                                    -2.5653231577051816e-01
15                                     1.3579055740749180e-01
16                                    -1.9582137300121438e-01
17                                     1.4111396777582108e-01
18                                    -1.0727984995502027e-01
19                                    -1.1256880543795322e-01
20                                    -2.4168465747308332e-01
21                                    -1.8572758417633484e-01
22                                     2.0059669808355163e-01
23                                     2.0114144748509566e-01
24                                     1.9988605163806850e-01
25                                     2.4509029413018957e-01
26                                     2.7419599133956341e-01
27                                     2.5893890840133515e-01
28                                     2.6483961311112059e-01
29                                     2.3100925306047615e-01
30                                     3.1136013170703447e-01
31                                     2.6482391386824289e-01
32                                     2.6982397965495575e-01
   &Method [&Type "String"] "SCF"
   &Level [&Type "String"] "Relaxed density"
   &Mult [&Type "Integer"] 1
   &State [&Type "Integer"] -1
   &Irrep [&Type "Integer"] 0
$End
$SCF_Loewdin_Population_Analysis
   &GeometryIndex 1
   &NAtoms [&Type "Integer"] 33
   &ATNO [&Type "ArrayOfIntegers", &Dim (33,1)] 
                                                         0

0                                                        6
1                                                        6
2                                                        7
3                                                        6
4                                                        6
5                                                        6
6                                                        6
7                                                        6
8                                                        6
9                                                        6
10                                                       6
11                                                       6
12                                                       6
13                                                       6
14                                                       7
15                                                       6
16                                                       7
17                                                      16
18                                                       6
19                                                       6
20                                                       6
21                                                       6
22                                                       1
23                                                       1
24                                                       1
25                                                       1
26                                                       1
27                                                       1
28                                                       1
29                                                       1
30                                                       1
31                                                       1
32                                                       1
   &AtomicCharges [&Type "ArrayOfDoubles", &Dim (33,1)] 
                                                         0

0                                     -4.1722949822140887e-01
1                                      2.5280272172422791e-02
2                                     -2.0605192756446389e-01
3                                      1.5603336861394368e-02
4                                     -1.4833517605531554e-01
5                                     -1.4227295264304463e-01
6                                     -8.9692545025522818e-02
7                                     -2.1483815745261392e-01
8                                     -1.9838728475154799e-01
9                                     -1.4617140211576007e-01
10                                    -2.8751754519954886e-01
11                                    -6.1708130770091962e-02
12                                    -1.1176729047361000e-01
13                                     7.7447779390027449e-02
14                                    -2.1221286148980933e-01
15                                     5.8995827789580346e-02
16                                    -1.4487102196999047e-01
17                                     6.2525344665657911e-01
18                                    -1.1047281995197356e-01
19                                    -6.2910672081380348e-02
20                                    -9.1157452506594794e-02
21                                    -1.7336669078110134e-01
22                                     1.6652890994218095e-01
23                                     1.7555267536053409e-01
24                                     1.7517188188213217e-01
25                                     1.8117833034599506e-01
26                                     1.8026871304395176e-01
27                                     1.8809302972439157e-01
28                                     1.9229446477589573e-01
29                                     2.0182455923037734e-01
30                                     1.8691148666838364e-01
31                                     1.8338171800605596e-01
32                                     1.8517699720389125e-01
   &Method [&Type "String"] "SCF"
   &Level [&Type "String"] "Relaxed density"
   &Mult [&Type "Integer"] 1
   &State [&Type "Integer"] -1
   &Irrep [&Type "Integer"] 0
$End
$SCF_Mayer_Population_Analysis
   &GeometryIndex 1
   &NAtoms [&Type "Integer"] 33 "Total number of atoms"
   &NBondOrdersPrint [&Type "Integer"] 37 "The number of bond orders larger than threshold"
   &bondThresh [&Type "Double"]       1.0000000000000001e-01  "The threshold for printing"
   &components [&Type "ArrayOfIntegers", &Dim (37,4)] "The indices and atomic numbers of the bonding atoms"
                                                         0                           1                           2                           3

0                                                        0                           6                           1                           6
1                                                        0                           6                          22                           1
2                                                        0                           6                          23                           1
3                                                        0                           6                          24                           1
4                                                        1                           6                           2                           7
5                                                        1                           6                          21                           6
6                                                        2                           7                           3                           6
7                                                        3                           6                           4                           6
8                                                        3                           6                          19                           6
9                                                        4                           6                           5                           6
10                                                       4                           6                          25                           1
11                                                       5                           6                           6                           6
12                                                       5                           6                          26                           1
13                                                       6                           6                           7                           6
14                                                       6                           6                          17                          16
15                                                       6                           6                          18                           6
16                                                       7                           6                           8                           6
17                                                       7                           6                          10                           6
18                                                       7                           6                          17                          16
19                                                       8                           6                           9                           6
20                                                       8                           6                          27                           1
21                                                       9                           6                          10                           6
22                                                       9                           6                          28                           1
23                                                      10                           6                          11                           6
24                                                      10                           6                          17                          16
25                                                      11                           6                          12                           6
26                                                      11                           6                          29                           1
27                                                      12                           6                          13                           6
28                                                      12                           6                          15                           6
29                                                      13                           6                          14                           7
30                                                      15                           6                          16                           7
31                                                      18                           6                          19                           6
32                                                      18                           6                          30                           1
33                                                      19                           6                          20                           6
34                                                      20                           6                          21                           6
35                                                      20                           6                          31                           1
36                                                      21                           6                          32                           1
   &BondOrders [&Type "ArrayOfDoubles", &Dim (37,1)] "The bond orders"
                                                         0

0                                      8.4776994703613062e-01
1                                      9.9186747521752627e-01
2                                      9.5486066118488588e-01
3                                      9.5386127223972039e-01
4                                      1.6147459206005532e+00
5                                      1.3165258537290436e+00
6                                      1.4745154666559193e+00
7                                      1.4226972386302468e+00
8                                      1.0635130865483762e+00
9                                      1.7095429499545438e+00
10                                     8.3664392209922911e-01
11                                     1.2859865485356381e+00
12                                     8.6340680710039386e-01
13                                     9.2254988789634118e-01
14                                    -1.1873550425337211e-01
15                                     1.5154755877297592e+00
16                                     1.6059672990641924e+00
17                                     1.2622046865721692e-01
18                                     1.2362934131043934e+00
19                                     1.3232816105524261e+00
20                                     8.9123022072795877e-01
21                                     1.5501523666079537e+00
22                                     8.7960208703241427e-01
23                                     1.1531281892567584e+00
24                                     1.1224121961035474e+00
25                                     1.6007415132723073e+00
26                                     9.0010091247757662e-01
27                                     8.9267644467570362e-01
28                                     9.9320260609657607e-01
29                                     2.9437612744287671e+00
30                                     2.9807338358110345e+00
31                                     1.3328305908076257e+00
32                                     8.1953177835767443e-01
33                                     1.3823349977281287e+00
34                                     1.6474596447629812e+00
35                                     8.9952632820720757e-01
36                                     8.5292977022946859e-01
   &ATNO [&Type "ArrayOfIntegers", &Dim (33,1)] "Atomic number of the elements"
                                                         0

0                                                        6
1                                                        6
2                                                        7
3                                                        6
4                                                        6
5                                                        6
6                                                        6
7                                                        6
8                                                        6
9                                                        6
10                                                       6
11                                                       6
12                                                       6
13                                                       6
14                                                       7
15                                                       6
16                                                       7
17                                                      16
18                                                       6
19                                                       6
20                                                       6
21                                                       6
22                                                       1
23                                                       1
24                                                       1
25                                                       1
26                                                       1
27                                                       1
28                                                       1
29                                                       1
30                                                       1
31                                                       1
32                                                       1
   &NA [&Type "ArrayOfDoubles", &Dim (33,1)] "Mulliken gross atomic population"
                                                         0

0                                      6.6323367032673195e+00
1                                      5.9238762391956605e+00
2                                      7.1791611713421455e+00
3                                      5.8226574973803205e+00
4                                      6.3115828235411513e+00
5                                      6.1279801312736284e+00
6                                      6.0181433722617266e+00
7                                      6.2991113602887534e+00
8                                      6.2006186154423384e+00
9                                      6.1980037135238311e+00
10                                     6.0365850162521957e+00
11                                     6.2599489164982929e+00
12                                     5.8958296881679475e+00
13                                     5.9931609734135227e+00
14                                     7.2565323157705208e+00
15                                     5.8642094425925073e+00
16                                     7.1958213730012117e+00
17                                     1.5858886032224172e+01
18                                     6.1072798499550176e+00
19                                     6.1125688054379559e+00
20                                     6.2416846574730833e+00
21                                     6.1857275841763339e+00
22                                     7.9940330191644848e-01
23                                     7.9885855251490423e-01
24                                     8.0011394836193162e-01
25                                     7.5490970586981043e-01
26                                     7.2580400866043671e-01
27                                     7.4106109159866507e-01
28                                     7.3516038688887952e-01
29                                     7.6899074693952363e-01
30                                     6.8863986829296553e-01
31                                     7.3517608613175722e-01
32                                     7.3017602034504403e-01
   &ZA [&Type "ArrayOfDoubles", &Dim (33,1)] "Total nuclear charge"
                                                         0

0                                      6.0000000000000000e+00
1                                      6.0000000000000000e+00
2                                      7.0000000000000000e+00
3                                      6.0000000000000000e+00
4                                      6.0000000000000000e+00
5                                      6.0000000000000000e+00
6                                      6.0000000000000000e+00
7                                      6.0000000000000000e+00
8                                      6.0000000000000000e+00
9                                      6.0000000000000000e+00
10                                     6.0000000000000000e+00
11                                     6.0000000000000000e+00
12                                     6.0000000000000000e+00
13                                     6.0000000000000000e+00
14                                     7.0000000000000000e+00
15                                     6.0000000000000000e+00
16                                     7.0000000000000000e+00
17                                     1.6000000000000000e+01
18                                     6.0000000000000000e+00
19                                     6.0000000000000000e+00
20                                     6.0000000000000000e+00
21                                     6.0000000000000000e+00
22                                     1.0000000000000000e+00
23                                     1.0000000000000000e+00
24                                     1.0000000000000000e+00
25                                     1.0000000000000000e+00
26                                     1.0000000000000000e+00
27                                     1.0000000000000000e+00
28                                     1.0000000000000000e+00
29                                     1.0000000000000000e+00
30                                     1.0000000000000000e+00
31                                     1.0000000000000000e+00
32                                     1.0000000000000000e+00
   &QA [&Type "ArrayOfDoubles", &Dim (33,1)] "Mulliken gross atomic charge"
                                                         0

0                                     -6.3233670326731950e-01
1                                      7.6123760804339469e-02
2                                     -1.7916117134214549e-01
3                                      1.7734250261967954e-01
4                                     -3.1158282354115130e-01
5                                     -1.2798013127362839e-01
6                                     -1.8143372261726576e-02
7                                     -2.9911136028875340e-01
8                                     -2.0061861544233839e-01
9                                     -1.9800371352383106e-01
10                                    -3.6585016252195679e-02
11                                    -2.5994891649829288e-01
12                                     1.0417031183205250e-01
13                                     6.8390265864772815e-03
14                                    -2.5653231577052082e-01
15                                     1.3579055740749268e-01
16                                    -1.9582137300121172e-01
17                                     1.4111396777582819e-01
18                                    -1.0727984995501760e-01
19                                    -1.1256880543795589e-01
20                                    -2.4168465747308332e-01
21                                    -1.8572758417633395e-01
22                                     2.0059669808355152e-01
23                                     2.0114144748509577e-01
24                                     1.9988605163806838e-01
25                                     2.4509029413018957e-01
26                                     2.7419599133956329e-01
27                                     2.5893890840133493e-01
28                                     2.6483961311112048e-01
29                                     2.3100925306047637e-01
30                                     3.1136013170703447e-01
31                                     2.6482391386824278e-01
32                                     2.6982397965495597e-01
   &VA [&Type "ArrayOfDoubles", &Dim (33,1)] "Mayer's total valence"
                                                         0

0                                      3.6964085237750379e+00
1                                      3.7796126258835776e+00
2                                      3.1547698566088105e+00
3                                      3.8362558539773106e+00
4                                      4.1343595268896411e+00
5                                      3.8972133424193975e+00
6                                      3.7931581987454517e+00
7                                      3.9015752540777648e+00
8                                      3.8789409651085358e+00
9                                      3.8808998914786388e+00
10                                     3.9120971970464793e+00
11                                     3.9446564693186565e+00
12                                     3.3972473061858124e+00
13                                     3.9244850190116169e+00
14                                     3.0495101165615370e+00
15                                     4.0508808544927710e+00
16                                     3.1038562413039212e+00
17                                     2.4828050909133661e+00
18                                     3.6895716152527367e+00
19                                     3.8305096255327622e+00
20                                     4.0539292106559959e+00
21                                     3.8610263980778745e+00
22                                     9.5870212310819414e-01
23                                     9.3184675064503486e-01
24                                     9.3170335907364799e-01
25                                     9.4060880728272422e-01
26                                     8.8321769549070683e-01
27                                     9.1231733527835224e-01
28                                     9.1392312872748027e-01
29                                     9.2196402005869660e-01
30                                     8.5296514355472530e-01
31                                     8.9042433681799626e-01
32                                     8.9729194013760560e-01
   &BVA [&Type "ArrayOfDoubles", &Dim (33,1)] "Mayer's bonded valence"
                                                         0

0                                      3.6964085237749402e+00
1                                      3.7796126258835541e+00
2                                      3.1547698566088060e+00
3                                      3.8362558539772875e+00
4                                      4.1343595268895523e+00
5                                      3.8972133424194482e+00
6                                      3.7931581987453957e+00
7                                      3.9015752540778723e+00
8                                      3.8789409651086233e+00
9                                      3.8808998914787494e+00
10                                     3.9120971970465250e+00
11                                     3.9446564693187032e+00
12                                     3.3972473061858315e+00
13                                     3.9244850190116631e+00
14                                     3.0495101165615885e+00
15                                     4.0508808544927222e+00
16                                     3.1038562413038306e+00
17                                     2.4828050909134092e+00
18                                     3.6895716152527687e+00
19                                     3.8305096255326605e+00
20                                     4.0539292106559142e+00
21                                     3.8610263980778834e+00
22                                     9.5870212310818448e-01
23                                     9.3184675064502664e-01
24                                     9.3170335907363344e-01
25                                     9.4060880728272378e-01
26                                     8.8321769549069662e-01
27                                     9.1231733527834646e-01
28                                     9.1392312872749082e-01
29                                     9.2196402005872258e-01
30                                     8.5296514355472075e-01
31                                     8.9042433681796651e-01
32                                     8.9729194013760294e-01
   &FA [&Type "ArrayOfDoubles", &Dim (33,1)] "Mayer's free valence"
                                                         0

0                                      0.0000000000000000e+00
1                                      0.0000000000000000e+00
2                                      0.0000000000000000e+00
3                                      0.0000000000000000e+00
4                                      0.0000000000000000e+00
5                                      0.0000000000000000e+00
6                                      0.0000000000000000e+00
7                                      0.0000000000000000e+00
8                                      0.0000000000000000e+00
9                                      0.0000000000000000e+00
10                                     0.0000000000000000e+00
11                                     0.0000000000000000e+00
12                                     0.0000000000000000e+00
13                                     0.0000000000000000e+00
14                                     0.0000000000000000e+00
15                                     0.0000000000000000e+00
16                                     0.0000000000000000e+00
17                                     0.0000000000000000e+00
18                                     0.0000000000000000e+00
19                                     0.0000000000000000e+00
20                                     0.0000000000000000e+00
21                                     0.0000000000000000e+00
22                                     0.0000000000000000e+00
23                                     0.0000000000000000e+00
24                                     0.0000000000000000e+00
25                                     0.0000000000000000e+00
26                                     0.0000000000000000e+00
27                                     0.0000000000000000e+00
28                                     0.0000000000000000e+00
29                                     0.0000000000000000e+00
30                                     0.0000000000000000e+00
31                                     0.0000000000000000e+00
32                                     0.0000000000000000e+00
   &Method [&Type "String"] "SCF"
   &Level [&Type "String"] "Relaxed density"
   &Mult [&Type "Integer"] 1
   &State [&Type "Integer"] -1
   &Irrep [&Type "Integer"] 0
$End
$SCF_Energy
   &GeometryIndex 1
   &Method [&Type "String"] "SCF"
   &totalEnergy [&Type "ArrayOfDoubles", &Dim (1,1)] "Total energy of each state"
                                                         0

0                                     -1.2545358681772125e+03
   &Mult [&Type "ArrayOfIntegers", &Dim (1,1)] "Multiplicity of each state"
                                                         0

0                                                        1
$End
$DFT_Energy
   &GeometryIndex 1
   &nAlphaEl [&Type "Integer"] 78
   &nBetaEl [&Type "Integer"] 78
   &nTotalEl [&Type "Integer"] 156
   &finalEn [&Type "Double"]      -1.2545358681772125e+03  "No Van der Waals correction"
   &eExchange [&Type "Double"]      -1.1300826661295032e+02
   &eCorr [&Type "Double"]      -6.3877518324201574e+00
   &eXC [&Type "Double"]      -1.1939601844537049e+02
   &eCNL [&Type "Double"]       0.0000000000000000e+00
$End
$Solvation_Details
   &GeometryIndex 1
   &Solvent [&Type "String"] "TETRAHYDROFURAN"
   &Epsilon [&Type "Double"]       7.5650000000000004e+00
   &Refrac [&Type "Double"]       1.4050000000000000e+00
   &RSolv [&Type "Double"]       1.3000000000000000e+00
   &SurfaceType [&Type "String"] "GAUSSIAN VDW"
   &CPCMDielEnergy [&Type "Double"]      -2.3862220999999999e-02
   &NPoints [&Type "Integer"] 3346
   &SurfaceArea [&Type "Double"]       1.2410205883240001e+03
$End
$SCF_Timings
   &GeometryIndex 1
   &TOTAL [&Type "Double"]       6.4941020000000009e+01
   &PREP [&Type "Double"]       2.1739830000000002e+00
   &FOCK [&Type "Double"]       5.4199333000000003e+01
   &DENS [&Type "Double"]       1.7377969999999934e+00
   &ETOT [&Type "Double"]       1.2167679999999956e+00
   &POP [&Type "Double"]       3.0607600000000446e-01
   &TRAFO [&Type "Double"]       4.2069199999999363e-01
   &DIIS [&Type "Double"]       1.9138760000000028e+00
   &SOSCF [&Type "Double"]       2.3613509999999902e+00
   &XC [&Type "Double"]       5.2985410000000064e+00
   &FOCKSTART [&Type "Double"]       6.4058200000001131e-01
   &SOLV [&Type "Double"]       9.1507039999999868e+00
   &SOLV_INIT [&Type "Double"]       5.3025299999999986e-01
   &SOLV_FINAL [&Type "Double"]       9.9999999747524271e-07
   &INT_PREP [&Type "Double"]       9.9999999747524271e-07
   &INT_BF [&Type "Double"]       1.5815519999999932e+00
   &INT_DENS [&Type "Double"]       1.1541569999998496e+00
   &INT_DENSIO [&Type "Double"]       8.9705522785000110e+04
   &INT_FUNC [&Type "Double"]       2.1678800000004639e-01
   &INT_POT [&Type "Double"]       9.5147999999995925e-01
   &INT_POTIO [&Type "Double"]       5.7752999999893362e-02
   &INT_SUM [&Type "Double"]       1.4479999999936766e-03
   &SPLITRIJ [&Type "Double"]       7.2698340000000190e+00
   &COSX [&Type "Double"]       3.1120903000000013e+01
$End
$Single_Point_Data
   &GeometryIndex 1
   &FinalEnergy [&Type "Double"]      -1.2545358681772125e+03  "Final single point energy"
   &Converged [&Type "Boolean"] true
$End
$SCF_Nuc_Gradient
   &GeometryIndex 1
   &NAtoms [&Type "Integer"] 33
   &gradNorm [&Type "Double"]       3.3244552787446968e-01
   &grad [&Type "ArrayOfDoubles", &Dim (99,1)] 
                                                         0

0                                     -1.8278671173101203e-02
1                                      5.8575500287230495e-03
2                                     -2.1405078241573767e-03
3                                      7.2262293848912584e-03
4                                      3.7475200422021071e-02
5                                     -2.9026428898515827e-04
6                                      2.8054509789660731e-02
7                                     -1.9167331539180599e-02
8                                      1.4123504069775486e-03
9                                      5.8809905413387265e-04
10                                    -5.9632577102259887e-03
11                                     1.0269523243890688e-03
12                                    -4.7152580404804093e-02
13                                    -1.1515473268138413e-02
14                                     4.9562790852171815e-04
15                                     4.2157218482853781e-02
16                                    -1.6343720894437589e-02
17                                     3.7397364638183869e-03
18                                     3.3394288148400064e-03
19                                    -2.9369026765135572e-02
20                                     4.5195301518421212e-03
21                                     3.5747526324768353e-03
22                                    -2.2791478140283681e-02
23                                     8.7417862715341577e-04
24                                    -1.2691080301017054e-02
25                                     3.1888214418266503e-02
26                                     1.8315935029126068e-02
27                                     2.8659182211602241e-02
28                                     1.2032116542024379e-03
29                                     2.0377317510001117e-02
30                                     1.4622768806938101e-02
31                                     1.8692783609884415e-02
32                                     8.0519949013693332e-03
33                                    -5.2315992927673222e-02
34                                    -7.4107094250241118e-02
35                                     9.1697229294985111e-03
36                                     1.0367456264027249e-01
37                                     4.3969913874509450e-02
38                                     1.1737928077753916e-02
39                                     1.1792985854050120e-01
40                                     8.3173923291355312e-02
41                                    -1.0924050751591166e-03
42                                    -1.6293814386780303e-01
43                                    -6.7800917449408665e-02
44                                    -4.5588789424580523e-03
45                                    -9.8002184091746103e-03
46                                     1.7793939267375686e-02
47                                    -5.3913123647579483e-03
48                                     7.4201533226757599e-03
49                                    -4.8416128455265883e-03
50                                     5.3720816360718765e-04
51                                     2.2738978253129559e-02
52                                     4.0306936152891576e-02
53                                    -4.2919187535267467e-04
54                                     5.4795267953692828e-03
55                                     4.3153113736902282e-02
56                                    -2.3655596848029103e-03
57                                    -1.0781435843983250e-02
58                                    -1.1172213379399387e-02
59                                    -5.7778363573153524e-04
60                                     4.2251930141359390e-02
61                                     1.7053930085266400e-02
62                                    -6.8749325886429801e-04
63                                    -5.5197051722544854e-02
64                                     1.5792404344276631e-02
65                                    -2.4205437564507760e-03
66                                     5.3604265770785392e-03
67                                     1.1910420040451675e-02
68                                    -3.4739105370147020e-04
69                                     8.1017790926766059e-03
70                                    -6.6490198415647683e-03
71                                     1.1458920410796491e-02
72                                     9.3086792276425023e-03
73                                    -7.7387885863414441e-03
74                                    -9.9672507666289656e-03
75                                     1.7832218175279857e-02
76                                     3.5967541131856628e-02
77                                    -1.9376980723800168e-03
78                                    -2.0721006210133994e-02
79                                     3.3635949502595769e-02
80                                    -1.2322149673653538e-03
81                                     1.0806031986351015e-02
82                                    -2.6571371913935660e-02
83                                    -2.8324823190767776e-02
84                                    -2.8238539492751347e-02
85                                    -7.5242558938659471e-03
86                                    -2.8041166715469787e-02
87                                    -4.9978975708056816e-02
88                                    -2.0954306540071563e-02
89                                    -7.6919683565464352e-03
90                                    -1.6300384992798206e-02
91                                    -3.6942307383836775e-02
92                                     2.5562377295724878e-03
93                                    -1.8132844245473692e-02
94                                    -3.6809172551378888e-02
95                                     1.3376436908701305e-03
96                                     2.3400591346315613e-02
97                                    -3.1613682611331767e-02
98                                     1.8851695437130606e-03
   &Method [&Type "String"] "SCF"
   &Level [&Type "String"] "Relaxed density"
   &Mult [&Type "Integer"] 1
   &State [&Type "Integer"] 0
   &Irrep [&Type "Integer"] 0
$End
$Geometry
   &GeometryIndex 2
   &NAtoms [&Type "Integer"] 33
   &NCorelessECP [&Type "Integer"] 0
   &NGhostAtoms [&Type "Integer"] 0
   &CartesianCoordinates [&Type "Coordinates", &Dim(33,4), &Units "Bohr"] 
              C     -8.691265285410    3.761966058596    0.109244446940
              C     -5.858784993490    4.014860722897    0.201480323180
              N     -4.498749743790    1.882315217635    0.332352170912
              C     -1.951071905335    2.076610646508    0.356515030874
              C     -0.470496964244   -0.108387362791    0.444233475443
              C      2.142690926055    0.030691629790    0.382543145424
              C      3.401604211905    2.373770090107    0.245327705311
              C      6.166035991171    2.414334244935    0.208176501931
              C      7.871521897571    3.701529526420    1.707106012220
              C     10.334635590747    2.614418300610    1.650981218349
              C     10.480367065561    0.576439063836    0.030516080051
              C     12.093320359453   -1.593266906827    0.279641879597
              C     12.202828258046   -4.096509038975    0.581791198649
              C      9.641529396089   -5.286332863580    0.554099685653
              N      7.602569814454   -6.220764174061    0.531663997530
              C     14.482590268105   -5.465243945079    0.569623578358
              N     16.360481403830   -6.582572987200    0.587492448158
              S      7.805929531530    0.487497097597   -1.881963687463
              C      1.964105625969    4.574001524927    0.239004074329
              C     -0.691470477222    4.443058093040    0.264700268301
              C     -2.179174919023    6.629858421936    0.157281416904
              C     -4.784692874700    6.427582297997    0.117398569238
              H     -9.208693230934    1.791347330625    0.192963017356
              H     -9.398149053100    4.572269121838   -1.626954043804
              H     -9.523909487819    4.747073842617    1.692723508360
              H     -1.360529808446   -1.895558205474    0.560209024709
              H      3.212496665580   -1.656956140511    0.442546589303
              H      7.406258340665    5.331766088065    2.765356961611
              H     11.879121955397    3.302122747968    2.717538420292
              H     13.991927340277   -0.918729391654    0.200294723339
              H      2.868937942260    6.357594705785    0.214823714857
              H     -1.310041516005    8.431509857460    0.107231785026
              H     -5.937773323955    8.057787466129    0.025690079087
$End
$SCF_Energy
   &GeometryIndex 2
   &Method [&Type "String"] "SCF"
   &totalEnergy [&Type "ArrayOfDoubles", &Dim (1,1)] "Total energy of each state"
                                                         0

0                                     -1.2545938533620836e+03
   &Mult [&Type "ArrayOfIntegers", &Dim (1,1)] "Multiplicity of each state"
                                                         0

0                                                        1
$End
$DFT_Energy
   &GeometryIndex 2
   &nAlphaEl [&Type "Integer"] 78
   &nBetaEl [&Type "Integer"] 78
   &nTotalEl [&Type "Integer"] 156
   &finalEn [&Type "Double"]      -1.2545938533620836e+03  "No Van der Waals correction"
   &eExchange [&Type "Double"]      -1.1294164679450196e+02
   &eCorr [&Type "Double"]      -6.3830379032532836e+00
   &eXC [&Type "Double"]      -1.1932468469775525e+02
   &eCNL [&Type "Double"]       0.0000000000000000e+00
$End
$Solvation_Details
   &GeometryIndex 2
   &Solvent [&Type "String"] "TETRAHYDROFURAN"
   &Epsilon [&Type "Double"]       7.5650000000000004e+00
   &Refrac [&Type "Double"]       1.4050000000000000e+00
   &RSolv [&Type "Double"]       1.3000000000000000e+00
   &SurfaceType [&Type "String"] "GAUSSIAN VDW"
   &CPCMDielEnergy [&Type "Double"]      -2.4009552999999999e-02
   &NPoints [&Type "Integer"] 3357
   &SurfaceArea [&Type "Double"]       1.2504083268350000e+03
$End
$SCF_Timings
   &GeometryIndex 2
   &TOTAL [&Type "Double"]       5.6804961999999996e+01
   &PREP [&Type "Double"]       2.3490450000000003e+00
   &FOCK [&Type "Double"]       4.7028546999999989e+01
   &DENS [&Type "Double"]       1.5312850000000040e+00
   &ETOT [&Type "Double"]       1.0880680000000016e+00
   &POP [&Type "Double"]       9.9999999747524271e-07
   &TRAFO [&Type "Double"]       4.0471800000000080e-01
   &DIIS [&Type "Double"]       1.5567759999999948e+00
   &SOSCF [&Type "Double"]       2.0616140000000023e+00
   &XC [&Type "Double"]       4.5189200000000120e+00
   &FOCKSTART [&Type "Double"]       6.2134899999999549e-01
   &SOLV [&Type "Double"]       8.1588329999999836e+00
   &SOLV_INIT [&Type "Double"]       5.2171900000000004e-01
   &INT_PREP [&Type "Double"]       1.9999999985031991e-06
   &INT_BF [&Type "Double"]       1.3234289999998934e+00
   &INT_DENS [&Type "Double"]       9.2924200000002344e-01
   &INT_DENSIO [&Type "Double"]       6.8332131202000121e+04
   &INT_FUNC [&Type "Double"]       1.8961499999995901e-01
   &INT_POT [&Type "Double"]       6.8481300000000989e-01
   &INT_POTIO [&Type "Double"]       5.0465999999921074e-02
   &INT_SUM [&Type "Double"]       1.7110000000011283e-03
   &SPLITRIJ [&Type "Double"]       6.2586010000000076e+00
   &COSX [&Type "Double"]       2.7346346000000000e+01
$End
$Single_Point_Data
   &GeometryIndex 2
   &FinalEnergy [&Type "Double"]      -1.2545938533620836e+03  "Final single point energy"
   &Converged [&Type "Boolean"] true
$End
$SCF_Nuc_Gradient
   &GeometryIndex 2
   &NAtoms [&Type "Integer"] 33
   &gradNorm [&Type "Double"]       1.7802593701092870e-01
   &grad [&Type "ArrayOfDoubles", &Dim (99,1)] 
                                                         0

0                                     -1.2217679354387868e-02
1                                      3.5270791220623141e-03
2                                     -1.6200980075299300e-03
3                                      6.3723353914075243e-03
4                                      2.4116757217262037e-02
5                                      3.6267655201031109e-05
6                                      1.5060639204779375e-02
7                                     -1.3486232348801752e-02
8                                      9.0522045647703844e-04
9                                     -1.1005172663686030e-03
10                                    -4.2031911505592545e-03
11                                     9.5851916618146585e-04
12                                    -2.5876309648608015e-02
13                                    -2.8605660144962325e-03
14                                    -1.5851321048908698e-04
15                                     2.3076011604003854e-02
16                                    -6.2707513245205473e-03
17                                     3.4515237120806286e-03
18                                     2.2323640111595114e-03
19                                    -2.1521727392437559e-02
20                                     4.7251514013289522e-03
21                                    -6.2539800440872262e-04
22                                    -1.6219534136635450e-02
23                                     1.0290763066061817e-03
24                                    -8.5116360809537762e-03
25                                     1.5503214480255240e-02
26                                     1.0149399837115561e-02
27                                     1.3180260208075667e-02
28                                    -3.4143650934898920e-03
29                                     1.3045316536057061e-02
30                                     1.5979139926641454e-02
31                                     1.6843522500990159e-02
32                                     4.7041207319625106e-03
33                                    -5.9727286898987819e-02
34                                    -4.6960434687356029e-02
35                                     7.1308456236154408e-03
36                                     8.3067951102143989e-02
37                                     1.4987241100256773e-02
38                                     1.3821967152373979e-02
39                                     2.5185076155452735e-02
40                                     3.7599083613152923e-02
41                                    -2.6025052402493657e-03
42                                    -6.1245199021094598e-02
43                                    -2.9495755264769163e-02
44                                    -1.5209147460801481e-03
45                                    -3.1757947785073237e-03
46                                     8.9673690803619421e-03
47                                    -4.7720843780681178e-03
48                                     1.4463030331383075e-03
49                                    -9.0488979389208302e-04
50                                     5.8041297200945186e-04
51                                     1.7335872775534188e-02
52                                     3.3230644071495966e-02
53                                    -8.0605707081018441e-03
54                                     6.1843841995701254e-04
55                                     2.3906291561998111e-02
56                                    -2.1164232956334891e-03
57                                    -6.7203434521327515e-03
58                                    -6.0813854890907348e-03
59                                    -6.1888068096127742e-04
60                                     2.6640379247115570e-02
61                                     4.8411500773675314e-03
62                                    -6.1855697844935944e-04
63                                    -3.3453838101989070e-02
64                                     5.8133252001038582e-03
65                                    -1.3602238914937649e-03
66                                     3.1095165056105392e-03
67                                     5.6437692628943659e-03
68                                    -1.7151669445015973e-04
69                                     5.0826719497477912e-03
70                                    -3.7340783359597340e-03
71                                     5.2806346086872735e-03
72                                     5.6467808792960011e-03
73                                    -4.2396205932026393e-03
74                                    -4.3717024362127099e-03
75                                     9.1447546247017120e-03
76                                     1.5564146189987749e-02
77                                    -7.5413604799897185e-04
78                                    -9.3635454552322556e-03
79                                     1.5165217810478387e-02
80                                    -6.4356501113796514e-04
81                                     6.2144982112688346e-03
82                                    -8.9808704730511835e-03
83                                    -1.6550086237066899e-02
84                                    -1.1731122284517809e-02
85                                    -8.9436569316118930e-04
86                                    -1.5566233395981025e-02
87                                    -2.0578010173553013e-02
88                                    -9.4197766054348320e-03
89                                    -8.3571840554406453e-03
90                                    -7.2565540844395510e-03
91                                    -1.6748439253400443e-02
92                                     2.3143453786964949e-03
93                                    -8.7992329763541127e-03
94                                    -1.6184864536207821e-02
95                                     8.5317599317783627e-04
96                                     1.0989474321784307e-02
97                                    -1.4087963106119622e-02
98                                     8.7721750685637503e-04
   &Method [&Type "String"] "SCF"
   &Level [&Type "String"] "Relaxed density"
   &Mult [&Type "Integer"] 1
   &State [&Type "Integer"] 0
   &Irrep [&Type "Integer"] 0
$End
$Geometry
   &GeometryIndex 3
   &NAtoms [&Type "Integer"] 33
   &NCorelessECP [&Type "Integer"] 0
   &NGhostAtoms [&Type "Integer"] 0
   &CartesianCoordinates [&Type "Coordinates", &Dim(33,4), &Units "Bohr"] 
              C     -8.748485655934    3.871343036893    0.120128850003
              C     -5.909838270619    4.083367458073    0.199056709856
              N     -4.588930004086    1.952929908682    0.339398475709
              C     -2.022663763443    2.098401514329    0.359098335641
              C     -0.578986935522   -0.136182170902    0.461797586927
              C      2.020668753032   -0.051191069727    0.401622554240
              C      3.331703921535    2.280090827358    0.252005250006
              C      6.101436648196    2.278202641803    0.224483551928
              C      7.790989061759    3.568062073623    1.736241997399
              C     10.275259215715    2.557545177142    1.655969461970
              C     10.503290903964    0.538359289940    0.012895195646
              C     12.284602989648   -1.496667248386    0.236084831790
              C     12.338083116876   -4.038127041293    0.525118703397
              C      9.899148401044   -5.328316109920    0.519670368423
              N      7.976047590555   -6.320086819781    0.514984611311
              C     14.622545679469   -5.416868538230    0.562365059761
              N     16.496378476886   -6.537042131462    0.620891879499
              S      7.755574499295    0.280204877699   -1.825635035178
              C      1.949020913261    4.508247815259    0.223442336028
              C     -0.714162353361    4.450968455819    0.250181415092
              C     -2.181644505974    6.671213624037    0.128963105026
              C     -4.772959939506    6.494717349992    0.096684596601
              H     -9.305490953287    1.900551133496    0.219913159263
              H     -9.466386767368    4.686015819014   -1.626376026729
              H     -9.578418592175    4.888029258889    1.703571295166
              H     -1.526620803607   -1.926431751500    0.590814040609
              H      3.072279972038   -1.784355604164    0.476914050264
              H      7.289852473376    5.202316106406    2.826606717780
              H     11.822997638033    3.304060221357    2.733363244695
              H     14.195249341331   -0.751776762657    0.181726789959
              H      2.908974440383    6.296898292019    0.180654367252
              H     -1.274230971321    8.487512145135    0.063419262740
              H     -5.921135519001    8.164091302222   -0.004423422046
$End
$SCF_Energy
   &GeometryIndex 3
   &Method [&Type "String"] "SCF"
   &totalEnergy [&Type "ArrayOfDoubles", &Dim (1,1)] "Total energy of each state"
                                                         0

0                                     -1.2546220777161911e+03
   &Mult [&Type "ArrayOfIntegers", &Dim (1,1)] "Multiplicity of each state"
                                                         0

0                                                        1
$End
$DFT_Energy
   &GeometryIndex 3
   &nAlphaEl [&Type "Integer"] 78
   &nBetaEl [&Type "Integer"] 78
   &nTotalEl [&Type "Integer"] 156
   &finalEn [&Type "Double"]      -1.2546220777161911e+03  "No Van der Waals correction"
   &eExchange [&Type "Double"]      -1.1291384727157936e+02
   &eCorr [&Type "Double"]      -6.3809752174757772e+00
   &eXC [&Type "Double"]      -1.1929482248905514e+02
   &eCNL [&Type "Double"]       0.0000000000000000e+00
$End
$Solvation_Details
   &GeometryIndex 3
   &Solvent [&Type "String"] "TETRAHYDROFURAN"
   &Epsilon [&Type "Double"]       7.5650000000000004e+00
   &Refrac [&Type "Double"]       1.4050000000000000e+00
   &RSolv [&Type "Double"]       1.3000000000000000e+00
   &SurfaceType [&Type "String"] "GAUSSIAN VDW"
   &CPCMDielEnergy [&Type "Double"]      -2.4323666000000001e-02
   &NPoints [&Type "Integer"] 3348
   &SurfaceArea [&Type "Double"]       1.2545004571600000e+03
$End
$SCF_Timings
   &GeometryIndex 3
   &TOTAL [&Type "Double"]       5.5745992000000001e+01
   &PREP [&Type "Double"]       2.3144700000000005e+00
   &FOCK [&Type "Double"]       4.6056644000000006e+01
   &DENS [&Type "Double"]       1.6437589999999886e+00
   &ETOT [&Type "Double"]       1.0973310000000049e+00
   &POP [&Type "Double"]       1.0000000045806701e-06
   &TRAFO [&Type "Double"]       4.0043999999999969e-01
   &DIIS [&Type "Double"]       1.6347420000000010e+00
   &SOSCF [&Type "Double"]       1.7179669999999927e+00
   &XC [&Type "Double"]       4.5170070000000173e+00
   &FOCKSTART [&Type "Double"]       5.1445600000001335e-01
   &SOLV [&Type "Double"]       7.8137370000000042e+00
   &SOLV_INIT [&Type "Double"]       5.2562499999999979e-01
   &INT_PREP [&Type "Double"]       9.9999999925159955e-07
   &INT_BF [&Type "Double"]       1.3025709999999577e+00
   &INT_DENS [&Type "Double"]       9.0106199999988590e-01
   &INT_DENSIO [&Type "Double"]       6.7854056060000119e+04
   &INT_FUNC [&Type "Double"]       2.0106999999989483e-01
   &INT_POT [&Type "Double"]       6.6758400000025730e-01
   &INT_POTIO [&Type "Double"]       5.0755999999924306e-02
   &INT_SUM [&Type "Double"]       1.3989999999965974e-03
   &SPLITRIJ [&Type "Double"]       6.3016390000000024e+00
   &COSX [&Type "Double"]       2.6617899999999977e+01
$End
$Single_Point_Data
   &GeometryIndex 3
   &FinalEnergy [&Type "Double"]      -1.2546220777161911e+03  "Final single point energy"
   &Converged [&Type "Boolean"] true
$End
$SCF_Nuc_Gradient
   &GeometryIndex 3
   &NAtoms [&Type "Integer"] 33
   &gradNorm [&Type "Double"]       1.0914712842680421e-01
   &grad [&Type "ArrayOfDoubles", &Dim (99,1)] 
                                                         0

0                                     -7.1011210677381087e-03
1                                      1.5661693643972234e-03
2                                     -1.0977363623744915e-03
3                                      5.4633502503326492e-03
4                                      1.1144369258477463e-02
5                                      2.7809291046464613e-04
6                                      4.7325767154974691e-03
7                                     -5.9385715506170555e-03
8                                      3.9747029261193514e-04
9                                     -1.9270478620372761e-03
10                                    -2.6583354128980052e-03
11                                     8.7719113539148907e-04
12                                    -9.8994349703527273e-03
13                                    -4.0212616504300969e-04
14                                    -4.4289096887131091e-04
15                                     9.0020118400880311e-03
16                                    -2.2393737164741745e-03
17                                     3.2951080695057117e-03
18                                     1.0009315010293882e-03
19                                    -1.3476854021135118e-02
20                                     4.8519263887762554e-03
21                                    -3.1618443385055123e-03
22                                    -8.8888361284423338e-03
23                                     1.5778147299621501e-03
24                                    -5.0154510808878795e-03
25                                     4.9474433270008666e-03
26                                     5.8972534302951934e-03
27                                     3.2931924357275100e-03
28                                    -5.8541250070728024e-03
29                                     1.0033537400942844e-02
30                                     1.6093312360417597e-02
31                                     1.3270537206329428e-02
32                                     1.9212643897246889e-03
33                                    -4.9185394106392888e-02
34                                    -2.7898701181203717e-02
35                                     5.5051087434526483e-03
36                                     5.2593193738841457e-02
37                                    -2.5804835561848982e-04
38                                     1.3806689366937332e-02
39                                    -4.0496859245619188e-02
40                                    -5.8992577633292798e-03
41                                    -2.0516159730026517e-03
42                                     2.1282292326055718e-02
43                                     1.1058013098294073e-02
44                                    -8.6973566708084451e-04
45                                    -2.3308900982537684e-03
46                                     4.0837202032533160e-03
47                                    -3.8913205276091198e-03
48                                    -2.3529019243895277e-04
49                                     3.8212529539988216e-04
50                                     4.8327887565064592e-04
51                                     1.1397089634921240e-02
52                                     2.4227796341133687e-02
53                                    -1.3664006285699692e-02
54                                    -5.0895089510522018e-04
55                                     1.1018436742125298e-02
56                                    -1.9289522609512010e-03
57                                    -2.9984422406885841e-03
58                                    -2.1178818067399963e-03
59                                    -5.7907051830233952e-04
60                                     1.2910667748615656e-02
61                                     5.0063044817917624e-04
62                                    -6.6838179004863373e-04
63                                    -1.5744273882631860e-02
64                                     1.5310475860962139e-03
65                                    -7.0856572561175599e-04
66                                     1.4303727102592534e-03
67                                     1.7582603197885405e-03
68                                    -7.0195672044507176e-05
69                                     2.6722660279613203e-03
70                                    -1.7309889650328480e-03
71                                     1.3986632733827553e-03
72                                     2.8363737228023211e-03
73                                    -1.8551955025905981e-03
74                                    -9.2832011602744791e-04
75                                     4.2377592826850774e-03
76                                     4.8279498336734616e-03
77                                    -1.0316611115133989e-04
78                                    -3.5129609753053043e-03
79                                     5.1195350375898285e-03
80                                    -3.2867508395226057e-04
81                                     3.6589415637493655e-03
82                                     6.2793446887920989e-05
83                                    -9.7342363410969773e-03
84                                    -3.4527326435672134e-03
85                                     2.6080683378248010e-03
86                                    -8.4206888974549254e-03
87                                    -5.4499575812373136e-03
88                                    -2.9018042044103298e-03
89                                    -7.8117392064003029e-03
90                                    -2.3094324867986293e-03
91                                    -6.0289905603613525e-03
92                                     2.0651479175091878e-03
93                                    -3.6731576996268389e-03
94                                    -5.2995976413804935e-03
95                                     5.5558245165928093e-04
96                                     4.3989095106953396e-03
97                                    -4.6582078593495058e-03
98                                     3.5516814828513298e-04
   &Method [&Type "String"] "SCF"
   &Level [&Type "String"] "Relaxed density"
   &Mult [&Type "Integer"] 1
   &State [&Type "Integer"] 0
   &Irrep [&Type "Integer"] 0
$End
$Geometry
   &GeometryIndex 4
   &NAtoms [&Type "Integer"] 33
   &NCorelessECP [&Type "Integer"] 0
   &NGhostAtoms [&Type "Integer"] 0
   &CartesianCoordinates [&Type "Coordinates", &Dim(33,4), &Units "Bohr"] 
              C     -8.825465030306    4.123781778986    0.084660624539
              C     -5.981550029789    4.233222283886    0.159541493547
              N     -4.737316979356    2.079030217096    0.362633882175
              C     -2.157661899502    2.128763342683    0.393199297570
              C     -0.802936418059   -0.170967764943    0.571200530203
              C      1.788601478864   -0.192326995688    0.536656661124
              C      3.194742286458    2.090359305653    0.340886725828
              C      5.965934405523    1.998892887932    0.357698850553
              C      7.641627689130    3.313416217581    1.857503019967
              C     10.155187431867    2.420848248323    1.713046131306
              C     10.466065736361    0.421313270384    0.057522431846
              C     12.506814312105   -1.361230738459    0.152355072150
              C     12.643162314128   -3.925788853257    0.368594210935
              C     10.392613518358   -5.432120222120    0.449250677173
              N      8.565534323396   -6.630009683013    0.516748414658
              C     15.008785940558   -5.184802715120    0.388617033439
              N     16.939875699406   -6.203937276278    0.432879914469
              S      7.606786850557   -0.165545293776   -1.556101249926
              C      1.907438353842    4.365447746368    0.221358609525
              C     -0.758321689120    4.430260396938    0.227365055982
              C     -2.155854681360    6.704719402569    0.032667049160
              C     -4.738449180226    6.608645481845   -0.005459004898
              H     -9.464570176134    2.174523971005    0.240473156550
              H     -9.528335260125    4.919791965475   -1.687318302011
              H     -9.633792182898    5.222827053880    1.635854206179
              H     -1.843548042786   -1.927707324196    0.741638227170
              H      2.781677207560   -1.977619584064    0.677750229792
              H      7.102067777025    4.946012287644    2.966871527967
              H     11.706069576575    3.262251299667    2.751061158138
              H     14.366022957404   -0.453803178651    0.092698639373
              H      2.949247767804    6.128463067523    0.121319077504
              H     -1.174403284131    8.502087537520   -0.082399375857
              H     -5.841901771936    8.327284947774   -0.159140656101
$End
$SCF_Energy
   &GeometryIndex 4
   &Method [&Type "String"] "SCF"
   &totalEnergy [&Type "ArrayOfDoubles", &Dim (1,1)] "Total energy of each state"
                                                         0

0                                     -1.2546427339840227e+03
   &Mult [&Type "ArrayOfIntegers", &Dim (1,1)] "Multiplicity of each state"
                                                         0

0                                                        1
$End
$DFT_Energy
   &GeometryIndex 4
   &nAlphaEl [&Type "Integer"] 78
   &nBetaEl [&Type "Integer"] 78
   &nTotalEl [&Type "Integer"] 156
   &finalEn [&Type "Double"]      -1.2546427339840227e+03  "No Van der Waals correction"
   &eExchange [&Type "Double"]      -1.1287260967833224e+02
   &eCorr [&Type "Double"]      -6.3784980689986508e+00
   &eXC [&Type "Double"]      -1.1925110774733089e+02
   &eCNL [&Type "Double"]       0.0000000000000000e+00
$End
$Solvation_Details
   &GeometryIndex 4
   &Solvent [&Type "String"] "TETRAHYDROFURAN"
   &Epsilon [&Type "Double"]       7.5650000000000004e+00
   &Refrac [&Type "Double"]       1.4050000000000000e+00
   &RSolv [&Type "Double"]       1.3000000000000000e+00
   &SurfaceType [&Type "String"] "GAUSSIAN VDW"
   &CPCMDielEnergy [&Type "Double"]      -2.5022234000000001e-02
   &NPoints [&Type "Integer"] 3346
   &SurfaceArea [&Type "Double"]       1.2500062732160000e+03
$End
$SCF_Timings
   &GeometryIndex 4
   &TOTAL [&Type "Double"]       5.7548278000000003e+01
   &PREP [&Type "Double"]       2.2492260000000002e+00
   &FOCK [&Type "Double"]       4.7606023000000000e+01
   &DENS [&Type "Double"]       1.4296900000000079e+00
   &ETOT [&Type "Double"]       1.1051369999999983e+00
   &POP [&Type "Double"]       9.9999999747524271e-07
   &TRAFO [&Type "Double"]       4.3823300000000387e-01
   &DIIS [&Type "Double"]       1.7305120000000001e+00
   &SOSCF [&Type "Double"]       2.0778069999999964e+00
   &XC [&Type "Double"]       4.6633570000000049e+00
   &FOCKSTART [&Type "Double"]       6.2900499999999226e-01
   &SOLV [&Type "Double"]       7.9403309999999978e+00
   &SOLV_INIT [&Type "Double"]       5.1838900000000021e-01
   &SOLV_FINAL [&Type "Double"]       9.9999999747524271e-07
   &INT_PREP [&Type "Double"]       5.9999999901805268e-06
   &INT_BF [&Type "Double"]       1.3278080000001626e+00
   &INT_DENS [&Type "Double"]       9.3567799999979862e-01
   &INT_DENSIO [&Type "Double"]       6.9864531263000114e+04
   &INT_FUNC [&Type "Double"]       1.8939599999993906e-01
   &INT_POT [&Type "Double"]       7.2764199999991863e-01
   &INT_POTIO [&Type "Double"]       6.5065000000125828e-02
   &INT_SUM [&Type "Double"]       1.7999999999931404e-03
   &SPLITRIJ [&Type "Double"]       6.1703929999999989e+00
   &COSX [&Type "Double"]       2.8119883999999999e+01
$End
$Single_Point_Data
   &GeometryIndex 4
   &FinalEnergy [&Type "Double"]      -1.2546427339840227e+03  "Final single point energy"
   &Converged [&Type "Boolean"] true
$End
$SCF_Nuc_Gradient
   &GeometryIndex 4
   &NAtoms [&Type "Integer"] 33
   &gradNorm [&Type "Double"]       5.4327663107723627e-02
   &grad [&Type "ArrayOfDoubles", &Dim (99,1)] 
                                                         0

0                                     -2.9895863135845635e-03
1                                      3.7603690620189711e-04
2                                     -5.4725410177122345e-04
3                                      3.5720685645725669e-03
4                                      2.0072961924910704e-03
5                                      2.7225484723953589e-04
6                                     -8.2629254067911884e-04
7                                     -3.0877812044050046e-04
8                                     -2.0809069142362080e-06
9                                     -1.6250597482039414e-03
10                                    -1.3425156531288729e-03
11                                     7.4713443380682379e-04
12                                    -1.1361011635380169e-04
13                                     1.0919502555377381e-03
14                                    -4.9817751409103606e-04
15                                     6.0387491862304299e-04
16                                     3.4834947896196511e-04
17                                     2.7493514875878387e-03
18                                     1.8364652429594952e-04
19                                    -5.8118944442327736e-03
20                                     3.9002578213075227e-03
21                                    -4.6817538831360472e-03
22                                     2.1636371237762630e-04
23                                     3.4170423735060962e-04
24                                    -2.5820647372864990e-03
25                                    -3.2991710018290543e-03
26                                     4.1945408807776835e-03
27                                    -2.7108774181957146e-03
28                                    -8.7758377194075560e-03
29                                     8.7239124422698738e-03
30                                     1.4308194638758688e-02
31                                     1.1772226321545004e-02
32                                    -2.6013697713984651e-03
33                                    -2.9422984292140367e-02
34                                    -1.5838311287145246e-02
35                                     4.1132418197095538e-03
36                                     2.2823042139104542e-02
37                                    -4.6277224207822570e-03
38                                     9.9948081779496351e-03
39                                    -1.7706580666114746e-03
40                                     3.8101616682102157e-03
41                                    -4.8180324083930970e-04
42                                    -3.0278724427299508e-03
43                                    -3.5543541928256817e-04
44                                    -8.0040617969948449e-04
45                                    -2.6459802284475864e-03
46                                     1.4640308929610435e-03
47                                    -2.2689921727018451e-03
48                                    -4.1324242792384336e-04
49                                     5.7354416324062463e-04
50                                     3.5457012973408829e-04
51                                     4.7839472503720948e-03
52                                     1.0354546627756755e-02
53                                    -1.3379097351995495e-02
54                                    -1.5909889354915677e-03
55                                     1.6125057229735701e-03
56                                    -1.7151486237485768e-03
57                                    -3.2594526126607237e-04
58                                     2.3308104993742529e-04
59                                    -2.8497194882415571e-04
60                                     2.4927041165059977e-03
61                                    -1.5539028896042750e-03
62                                    -5.4072797400209292e-04
63                                    -3.0068090932094671e-03
64                                    -1.2828809297387028e-03
65                                    -2.3566218108013633e-04
66                                     2.5561789175320565e-04
67                                    -4.5034749943037578e-04
68                                     1.0434562576251347e-05
69                                     8.3317882877687738e-04
70                                    -3.9653504386331917e-04
71                                    -7.3503596468854626e-04
72                                     7.5256786010713395e-04
73                                    -2.0956125893836774e-04
74                                     8.6781472573849161e-04
75                                     7.0499136596031964e-04
76                                    -1.3327579697420544e-03
77                                     4.1211564351592914e-04
78                                    -9.2271224820472675e-05
79                                    -8.2195865869327811e-04
80                                    -1.0725380153962447e-04
81                                     1.6622994061340143e-03
82                                     4.7021729058585038e-03
83                                    -4.6194852070792353e-03
84                                     9.2064647454043191e-04
85                                     4.2584741335307819e-03
86                                    -3.3022688056004168e-03
87                                     3.0163404314307862e-03
88                                     1.1468825366062613e-03
89                                    -6.2897799375866547e-03
90                                     7.9725961797090517e-04
91                                     3.9921716269872287e-04
92                                     1.5128929443802043e-03
93                                    -2.6216548671338658e-04
94                                     1.0620894060484609e-03
95                                     2.2810099425396232e-04
96                                     3.7778215286130012e-04
97                                     9.7868118335370236e-04
98                                    -1.3619438283968667e-05
   &Method [&Type "String"] "SCF"
   &Level [&Type "String"] "Relaxed density"
   &Mult [&Type "Integer"] 1
   &State [&Type "Integer"] 0
   &Irrep [&Type "Integer"] 0
$End
$Geometry
   &GeometryIndex 5
   &NAtoms [&Type "Integer"] 33
   &NCorelessECP [&Type "Integer"] 0
   &NGhostAtoms [&Type "Integer"] 0
   &CartesianCoordinates [&Type "Coordinates", &Dim(33,4), &Units "Bohr"] 
              C     -8.864569100422    4.430924414586   -0.007051866409
              C     -6.023893799995    4.402590243236    0.079213099425
              N     -4.878322853611    2.213472334849    0.401391366097
              C     -2.296801183320    2.147277345196    0.463934247004
              C     -1.063066602655   -0.206387442567    0.784669087682
              C      1.522007729416   -0.355063757282    0.815746170174
              C      3.041024316522    1.848578705824    0.545335576431
              C      5.805519685748    1.654576429593    0.647883186829
              C      7.478811127701    3.087897213277    2.028881249975
              C     10.010833626634    2.310936398954    1.802085432641
              C     10.341140829022    0.229951278912    0.259002553783
              C     12.616650751109   -1.233810616143    0.129295995554
              C     12.940613526729   -3.795692230286    0.135521010297
              C     10.920389490465   -5.573632490927    0.240525554148
              N      9.288184547098   -7.018830730249    0.331139090654
              C     15.424821252549   -4.829316629814    0.031472375125
              N     17.441977533471   -5.666351083313   -0.024994783469
              S      7.411042088659   -0.725699040948   -1.020185348785
              C      1.869753250177    4.165265985772    0.253288266915
              C     -0.788954050631    4.365826805958    0.204507711486
              C     -2.081447038424    6.691462770000   -0.129967237490
              C     -4.659219008622    6.709244953729   -0.192819470271
              H     -9.606223984243    2.529150616313    0.244257516776
              H     -9.530820872891    5.172780629034   -1.816746107510
              H     -9.632210531463    5.650192016195    1.473602160151
              H     -2.205447334307   -1.891488312461    1.018075964988
              H      2.427945629786   -2.173070881588    1.081836878172
              H      6.908752653127    4.733626167031    3.103423374850
              H     11.570458236150    3.272074183844    2.716384631022
              H     14.357263778096   -0.132844260190    0.081696514725
              H      2.996002143518    5.867941650683    0.053979560720
              H     -1.011240542574    8.430527086804   -0.327567818688
              H     -5.686826291627    8.463973327142   -0.446182622975
$End
$SCF_Energy
   &GeometryIndex 5
   &Method [&Type "String"] "SCF"
   &totalEnergy [&Type "ArrayOfDoubles", &Dim (1,1)] "Total energy of each state"
                                                         0

0                                     -1.2546551259417731e+03
   &Mult [&Type "ArrayOfIntegers", &Dim (1,1)] "Multiplicity of each state"
                                                         0

0                                                        1
$End
$DFT_Energy
   &GeometryIndex 5
   &nAlphaEl [&Type "Integer"] 78
   &nBetaEl [&Type "Integer"] 78
   &nTotalEl [&Type "Integer"] 156
   &finalEn [&Type "Double"]      -1.2546551259417731e+03  "No Van der Waals correction"
   &eExchange [&Type "Double"]      -1.1288188229842386e+02
   &eCorr [&Type "Double"]      -6.3793603303541140e+00
   &eXC [&Type "Double"]      -1.1926124262877798e+02
   &eCNL [&Type "Double"]       0.0000000000000000e+00
$End
$Solvation_Details
   &GeometryIndex 5
   &Solvent [&Type "String"] "TETRAHYDROFURAN"
   &Epsilon [&Type "Double"]       7.5650000000000004e+00
   &Refrac [&Type "Double"]       1.4050000000000000e+00
   &RSolv [&Type "Double"]       1.3000000000000000e+00
   &SurfaceType [&Type "String"] "GAUSSIAN VDW"
   &CPCMDielEnergy [&Type "Double"]      -2.5703842000000001e-02
   &NPoints [&Type "Integer"] 3329
   &SurfaceArea [&Type "Double"]       1.2397825815880001e+03
$End
$SCF_Timings
   &GeometryIndex 5
   &TOTAL [&Type "Double"]       7.1172164000000009e+01
   &PREP [&Type "Double"]       2.2492190000000001e+00
   &FOCK [&Type "Double"]       5.7424397999999975e+01
   &DENS [&Type "Double"]       1.8171430000000086e+00
   &ETOT [&Type "Double"]       2.0894230000000018e+00
   &POP [&Type "Double"]       9.9999999747524271e-07
   &TRAFO [&Type "Double"]       3.8117200000000295e-01
   &DIIS [&Type "Double"]       3.7809349999999995e+00
   &SOSCF [&Type "Double"]       2.8020020000000017e+00
   &XC [&Type "Double"]       5.4489849999999906e+00
   &FOCKSTART [&Type "Double"]       7.4571699999999819e-01
   &SOLV [&Type "Double"]       9.7392670000000159e+00
   &SOLV_INIT [&Type "Double"]       4.9538099999999985e-01
   &INT_PREP [&Type "Double"]       1.9000000000879425e-05
   &INT_BF [&Type "Double"]       1.5997070000001123e+00
   &INT_DENS [&Type "Double"]       1.1065579999999651e+00
   &INT_DENSIO [&Type "Double"]       1.1019318983200018e+05
   &INT_FUNC [&Type "Double"]       2.3370300000005084e-01
   &INT_POT [&Type "Double"]       8.0531199999967740e-01
   &INT_POTIO [&Type "Double"]       5.8905000000156527e-02
   &INT_SUM [&Type "Double"]       1.7430000000135948e-03
   &SPLITRIJ [&Type "Double"]       7.4793039999999973e+00
   &COSX [&Type "Double"]       3.2638274000000010e+01
$End
$Single_Point_Data
   &GeometryIndex 5
   &FinalEnergy [&Type "Double"]      -1.2546551259417731e+03  "Final single point energy"
   &Converged [&Type "Boolean"] true
$End
$SCF_Nuc_Gradient
   &GeometryIndex 5
   &NAtoms [&Type "Integer"] 33
   &gradNorm [&Type "Double"]       2.3837366569714497e-02
   &grad [&Type "ArrayOfDoubles", &Dim (99,1)] 
                                                         0

0                                     -9.7330216938045638e-04
1                                      1.7116397671422447e-04
2                                     -7.5027877038764176e-05
3                                      5.4531765067386551e-04
4                                     -1.5012311217814239e-03
5                                      1.7628966759429890e-04
6                                     -1.0490578616394741e-03
7                                      1.3659737610131617e-03
8                                     -2.5120791827024785e-04
9                                     -3.5626954029904789e-04
10                                    -2.6824248873646983e-04
11                                     4.1369325907986663e-04
12                                     1.0609645326250527e-03
13                                     4.6045899139142421e-04
14                                    -2.1032994335752619e-04
15                                    -6.2556791384590915e-04
16                                     2.9882867738847962e-05
17                                     1.8126655184403043e-03
18                                    -5.2513735453763727e-04
19                                    -2.2322233751233267e-04
20                                     1.5081222000673140e-03
21                                    -1.2980008887013283e-03
22                                     4.3202904973770814e-03
23                                    -5.6250167388459393e-04
24                                    -1.0218050451113927e-03
25                                    -6.3212144738637316e-03
26                                     3.7250392560118223e-03
27                                    -2.8225471356944781e-03
28                                    -7.1779931044626544e-03
29                                     6.7739781317677078e-03
30                                     4.2901102412309395e-03
31                                     9.3748655845290324e-03
32                                    -3.6798301053230786e-03
33                                    -4.9450077173325366e-03
34                                    -5.8084122372124222e-03
35                                     1.8241720587039557e-03
36                                     2.7304515359911768e-03
37                                    -1.5126019580157940e-03
38                                     5.7599304954567563e-03
39                                    -1.0165642307862210e-03
40                                    -2.2533671915851428e-03
41                                     3.2222575631351419e-04
42                                     1.3171637076422327e-03
43                                     3.3348427078883081e-03
44                                    -5.8884783965272580e-04
45                                    -8.7888752834852646e-04
46                                     1.3664906046806369e-04
47                                    -6.6414296881379779e-04
48                                    -3.3242279200129676e-04
49                                     3.4025203324400399e-04
50                                     3.1525745754409570e-04
51                                     1.1055767967840108e-03
52                                     6.4666526738527130e-04
53                                    -7.3373231792053240e-03
54                                    -1.0886583276976808e-03
55                                    -1.8059652625508210e-03
56                                    -1.6083655641941814e-03
57                                     7.1906831642097602e-04
58                                     4.0579096911096124e-04
59                                     3.3805956864013057e-04
60                                    -1.3167760870962941e-03
61                                    -2.5736393771796928e-04
62                                    -4.3808189587857781e-04
63                                     1.4215482407136382e-03
64                                    -6.1434795579168311e-04
65                                    -7.0397234037129774e-05
66                                     1.1929981611187579e-04
67                                    -1.2288738124205389e-04
68                                    -2.9768351513054236e-05
69                                     1.8896162656564797e-04
70                                    -1.3804315213332419e-04
71                                    -3.1632059962349857e-04
72                                     7.8218538665450477e-05
73                                    -1.0954291469439381e-05
74                                     3.1268444806430151e-04
75                                     9.3135889382700565e-06
76                                    -1.0783610405230570e-03
77                                     4.5295319040745616e-04
78                                     2.3593798777649111e-04
79                                    -7.4329865252750760e-04
80                                    -3.9885460441504289e-05
81                                     9.4211786551182813e-04
82                                     3.1064143243552667e-03
83                                    -2.3756055692319700e-03
84                                     4.6001785740173995e-04
85                                     2.6836800644857856e-03
86                                    -1.5622795277900614e-03
87                                     2.2464153782491281e-03
88                                     7.4205121001719165e-04
89                                    -4.7110209574222905e-03
90                                     7.1379271814975276e-04
91                                     7.6901305374663109e-04
92                                     7.5852990208353718e-04
93                                     1.7788651094693964e-04
94                                     9.7166166119441733e-04
95                                     8.7997426380593408e-05
96                                    -1.1215834854823303e-04
97                                     9.7785055395213649e-04
98                                    -6.0661637781617280e-05
   &Method [&Type "String"] "SCF"
   &Level [&Type "String"] "Relaxed density"
   &Mult [&Type "Integer"] 1
   &State [&Type "Integer"] 0
   &Irrep [&Type "Integer"] 0
$End
$Geometry
   &GeometryIndex 6
   &NAtoms [&Type "Integer"] 33
   &NCorelessECP [&Type "Integer"] 0
   &NGhostAtoms [&Type "Integer"] 0
   &CartesianCoordinates [&Type "Coordinates", &Dim(33,4), &Units "Bohr"] 
              C     -8.855878307460    4.608208399909   -0.129236084151
              C     -6.022084372929    4.492994929463   -0.005676178689
              N     -4.947420049945    2.288820621258    0.444453259291
              C     -2.370964831647    2.150814389303    0.554452673947
              C     -1.220956827741   -0.218516521072    1.023178839803
              C      1.357571483028   -0.442360215188    1.131364566773
              C      2.948707262081    1.698825102516    0.790337796479
              C      5.704112826415    1.451608445521    0.958385526311
              C      7.394531665848    3.045013085342    2.126781749937
              C      9.927213237901    2.292280365618    1.868576616823
              C     10.232468431360    0.060444685613    0.545068922973
              C     12.599443857705   -1.204389476237    0.224012118398
              C     13.072238371981   -3.727146677730   -0.069092977408
              C     11.215070346061   -5.677300419699   -0.100259672337
              N      9.737107656011   -7.288826045328   -0.124249802629
              C     15.625089323239   -4.566764137368   -0.321834466387
              N     17.692945387797   -5.251119104218   -0.499233052167
              S      7.270861118923   -1.116961313281   -0.425261224687
              C      1.856443632299    4.027131107462    0.331932907579
              C     -0.792761969059    4.304038428895    0.210453634794
              C     -2.006348864394    6.646011339276   -0.271147621945
              C     -4.581544325054    6.739258213446   -0.376563201926
              H     -9.665917442505    2.748981464252    0.211105743941
              H     -9.481944307012    5.278732629141   -1.980143378363
              H     -9.601614360732    5.928750428413    1.272861195791
              H     -2.426408286168   -1.847465335116    1.307652456953
              H      2.201073481063   -2.266413594862    1.517902979141
              H      6.821240912584    4.747511735280    3.100673596376
              H     11.506321192922    3.349741588123    2.623013723222
              H     14.250376292270    0.010251186715    0.264409469189
              H      3.035229603951    5.676870580728    0.040668110964
              H     -0.876706177165    8.333309804936   -0.544356550568
              H     -5.553346960436    8.503747390052   -0.738598357399
$End
$SCF_Energy
   &GeometryIndex 6
   &Method [&Type "String"] "SCF"
   &totalEnergy [&Type "ArrayOfDoubles", &Dim (1,1)] "Total energy of each state"
                                                         0

0                                     -1.2546610597501474e+03
   &Mult [&Type "ArrayOfIntegers", &Dim (1,1)] "Multiplicity of each state"
                                                         0

0                                                        1
$End
$DFT_Energy
   &GeometryIndex 6
   &nAlphaEl [&Type "Integer"] 78
   &nBetaEl [&Type "Integer"] 78
   &nTotalEl [&Type "Integer"] 156
   &finalEn [&Type "Double"]      -1.2546610597501474e+03  "No Van der Waals correction"
   &eExchange [&Type "Double"]      -1.1288878386392335e+02
   &eCorr [&Type "Double"]      -6.3800326562231380e+00
   &eXC [&Type "Double"]      -1.1926881652014649e+02
   &eCNL [&Type "Double"]       0.0000000000000000e+00
$End
$Solvation_Details
   &GeometryIndex 6
   &Solvent [&Type "String"] "TETRAHYDROFURAN"
   &Epsilon [&Type "Double"]       7.5650000000000004e+00
   &Refrac [&Type "Double"]       1.4050000000000000e+00
   &RSolv [&Type "Double"]       1.3000000000000000e+00
   &SurfaceType [&Type "String"] "GAUSSIAN VDW"
   &CPCMDielEnergy [&Type "Double"]      -2.6308367999999999e-02
   &NPoints [&Type "Integer"] 3331
   &SurfaceArea [&Type "Double"]       1.2385463736019999e+03
$End
$SCF_Timings
   &GeometryIndex 6
   &TOTAL [&Type "Double"]       5.9822738000000001e+01
   &PREP [&Type "Double"]       2.4032200000000001e+00
   &FOCK [&Type "Double"]       4.9624852000000011e+01
   &DENS [&Type "Double"]       1.5152880000000053e+00
   &ETOT [&Type "Double"]       1.1735120000000085e+00
   &TRAFO [&Type "Double"]       3.7343299999999502e-01
   &DIIS [&Type "Double"]       1.7234830000000008e+00
   &SOSCF [&Type "Double"]       2.3956270000000224e+00
   &XC [&Type "Double"]       4.8052870000000167e+00
   &FOCKSTART [&Type "Double"]       6.8186200000000596e-01
   &SOLV [&Type "Double"]       8.4513659999999931e+00
   &SOLV_INIT [&Type "Double"]       5.1969399999999988e-01
   &INT_PREP [&Type "Double"]       3.0000000030838692e-06
   &INT_BF [&Type "Double"]       1.4111400000000165e+00
   &INT_DENS [&Type "Double"]       9.9335199999980262e-01
   &INT_DENSIO [&Type "Double"]       7.8547672284000117e+04
   &INT_FUNC [&Type "Double"]       2.0407700000014639e-01
   &INT_POT [&Type "Double"]       7.3093699999999817e-01
   &INT_POTIO [&Type "Double"]       6.8711999999909956e-02
   &INT_SUM [&Type "Double"]       1.0789999999962774e-03
   &SPLITRIJ [&Type "Double"]       6.7485369999999909e+00
   &COSX [&Type "Double"]       2.8413993000000019e+01
$End
$Single_Point_Data
   &GeometryIndex 6
   &FinalEnergy [&Type "Double"]      -1.2546610597501474e+03  "Final single point energy"
   &Converged [&Type "Boolean"] true
$End
$SCF_Nuc_Gradient
   &GeometryIndex 6
   &NAtoms [&Type "Integer"] 33
   &gradNorm [&Type "Double"]       1.6749247582434530e-02
   &grad [&Type "ArrayOfDoubles", &Dim (99,1)] 
                                                         0

0                                      1.0051476132790643e-04
1                                      2.3872311867422294e-04
2                                      4.8398368271663009e-05
3                                     -8.6887523041315196e-04
4                                     -1.1741042371097438e-03
5                                      1.0932671355106532e-04
6                                     -1.3840550633387183e-04
7                                      6.5067679964736502e-04
8                                     -1.8516275324557269e-04
9                                      5.9664746661566848e-04
10                                     8.8047448396300076e-05
11                                     5.4341737339522189e-05
12                                    -4.7584445938475550e-04
13                                     3.1385418434676238e-04
14                                    -1.0078681145593224e-05
15                                     2.9875439069496079e-04
16                                    -4.4971843216939922e-04
17                                     1.3063581595385838e-03
18                                    -1.0246884009127225e-03
19                                     1.4452958796182247e-03
20                                    -3.4704352112268494e-04
21                                     1.4823809052390419e-03
22                                     3.6051778471879420e-03
23                                    -4.9500701970707148e-04
24                                    -2.2464294651478728e-03
25                                    -4.6851550566391065e-03
26                                     2.4300920994465014e-03
27                                     3.4234398008227418e-04
28                                    -4.8474682111780132e-03
29                                     3.7798658543902949e-03
30                                    -3.7732633474301530e-03
31                                     6.1939209490391688e-03
32                                    -1.7425708439789411e-03
33                                     7.2404277392771809e-03
34                                    -1.4605702231137996e-03
35                                    -5.3255084682167150e-04
36                                    -4.2670361416742505e-03
37                                     2.5667697768820275e-03
38                                     3.5532623564021549e-03
39                                     1.9256371401064065e-03
40                                    -1.1281594122807825e-03
41                                     3.2135774443776727e-04
42                                    -1.6352871878199116e-03
43                                    -6.2368951577573828e-04
44                                    -1.3121063539001370e-04
45                                     9.2022038633793324e-04
46                                    -2.5855075129768701e-04
47                                    -4.2921648035962323e-04
48                                    -2.4712839248430818e-04
49                                     1.6186404802148724e-04
50                                     3.8093997359874704e-04
51                                     6.6083980885764393e-04
52                                    -7.7455996775446789e-04
53                                    -2.2463210349334128e-03
54                                    -1.6028446927407458e-04
55                                    -1.7801358607311135e-03
56                                    -1.2570358536824165e-03
57                                     3.0918529020854124e-04
58                                     2.7834729028980432e-05
59                                     4.7706424481343398e-04
60                                    -8.6205409971046310e-04
61                                     2.9908099975768654e-04
62                                    -3.0774906076515805e-04
63                                     9.5790974940979101e-04
64                                     2.2111124543701399e-04
65                                    -8.9532228426888322e-05
66                                     6.5266778143890924e-05
67                                     3.7779577710950196e-05
68                                    -2.8641968079806679e-05
69                                    -1.2300483834597198e-05
70                                    -1.3507298512745181e-05
71                                     5.7597604954634507e-05
72                                    -7.3879352904246409e-05
73                                    -5.1888540463632116e-05
74                                    -9.7189611668935250e-05
75                                     1.3509454804803978e-04
76                                    -1.3203464507172136e-05
77                                     1.7854528996207389e-04
78                                     1.2047535680592691e-04
79                                     1.1804906652437830e-04
80                                    -1.8011270821828573e-04
81                                     5.0188482567462001e-04
82                                     8.4329122530979461e-04
83                                    -9.5720604123666897e-04
84                                    -2.7953095368921099e-04
85                                     9.0139535933080051e-04
86                                    -7.2631310976739583e-04
87                                     3.0619338151521847e-04
88                                    -5.5290176051497886e-04
89                                    -3.3498791238908091e-03
90                                     1.2432493175501547e-04
91                                     5.6861052857182237e-05
92                                     2.6944729878220983e-04
93                                    -7.6498397360832970e-05
94                                     7.0851943880789747e-06
95                                     1.1372191531981365e-04
96                                     5.3404416212668449e-05
97                                     3.6794237079168512e-05
98                                     3.2502176665599042e-05
   &Method [&Type "String"] "SCF"
   &Level [&Type "String"] "Relaxed density"
   &Mult [&Type "Integer"] 1
   &State [&Type "Integer"] 0
   &Irrep [&Type "Integer"] 0
$End
$Geometry
   &GeometryIndex 7
   &NAtoms [&Type "Integer"] 33
   &NCorelessECP [&Type "Integer"] 0
   &NGhostAtoms [&Type "Integer"] 0
   &CartesianCoordinates [&Type "Coordinates", &Dim(33,4), &Units "Bohr"] 
              C     -8.837800583397    4.657540061927   -0.181724431596
              C     -6.007486916567    4.511394164734   -0.040446341920
              N     -4.963034271165    2.308057112640    0.484940215680
              C     -2.390125865063    2.144564815525    0.619028792047
              C     -1.273818367322   -0.221944332457    1.174116612383
              C      1.299690507164   -0.469489142603    1.327597763051
              C      2.919315291518    1.642071324497    0.941663686246
              C      5.668874167603    1.386140321686    1.133524218311
              C      7.379793848872    3.123333587306    2.050061457805
              C      9.902961292825    2.338386032335    1.833137812262
              C     10.182736420210   -0.050383515513    0.798259762167
              C     12.560617498624   -1.247042995710    0.427183017235
              C     13.086972974028   -3.710276527148   -0.163469983273
              C     11.286306966236   -5.673387149753   -0.513689843247
              N      9.871847788939   -7.315505075614   -0.804026749432
              C     15.663878663896   -4.475448906992   -0.424895930255
              N     17.748867401674   -5.105449161169   -0.611616852221
              S      7.203539254212   -1.333581555329    0.051313667427
              C      1.859541120725    3.966572529129    0.386060465917
              C     -0.784463608280    4.267040945522    0.221490354529
              C     -1.964373232216    6.606066231001   -0.346390962038
              C     -4.538223736491    6.726925885981   -0.473282715716
              H     -9.675314338583    2.821346800828    0.213835621050
              H     -9.449307295599    5.278528268816   -2.054863818204
              H     -9.573578402688    6.032463476208    1.172857313404
              H     -2.505217159942   -1.825112519432    1.487973336133
              H      2.116589436236   -2.288452683572    1.787394587113
              H      6.813733147422    4.903015223839    2.876474798545
              H     11.500137894479    3.457791865001    2.444857663986
              H     14.181572000147   -0.022930327473    0.676871264187
              H      3.058381533154    5.588850724606    0.035293602671
              H     -0.809785212693    8.267073984536   -0.668093414054
              H     -5.488679216766    8.487923617814   -0.899801650167
$End
$SCF_Energy
   &GeometryIndex 7
   &Method [&Type "String"] "SCF"
   &totalEnergy [&Type "ArrayOfDoubles", &Dim (1,1)] "Total energy of each state"
                                                         0

0                                     -1.2546644002475455e+03
   &Mult [&Type "ArrayOfIntegers", &Dim (1,1)] "Multiplicity of each state"
                                                         0

0                                                        1
$End
$DFT_Energy
   &GeometryIndex 7
   &nAlphaEl [&Type "Integer"] 78
   &nBetaEl [&Type "Integer"] 78
   &nTotalEl [&Type "Integer"] 156
   &finalEn [&Type "Double"]      -1.2546644002475455e+03  "No Van der Waals correction"
   &eExchange [&Type "Double"]      -1.1289452730624390e+02
   &eCorr [&Type "Double"]      -6.3807077027152426e+00
   &eXC [&Type "Double"]      -1.1927523500895914e+02
   &eCNL [&Type "Double"]       0.0000000000000000e+00
$End
$Solvation_Details
   &GeometryIndex 7
   &Solvent [&Type "String"] "TETRAHYDROFURAN"
   &Epsilon [&Type "Double"]       7.5650000000000004e+00
   &Refrac [&Type "Double"]       1.4050000000000000e+00
   &RSolv [&Type "Double"]       1.3000000000000000e+00
   &SurfaceType [&Type "String"] "GAUSSIAN VDW"
   &CPCMDielEnergy [&Type "Double"]      -2.6921621000000000e-02
   &NPoints [&Type "Integer"] 3336
   &SurfaceArea [&Type "Double"]       1.2374928469550000e+03
$End
$SCF_Timings
   &GeometryIndex 7
   &TOTAL [&Type "Double"]       6.0031374000000000e+01
   &PREP [&Type "Double"]       2.2252689999999999e+00
   &FOCK [&Type "Double"]       4.9681397000000004e+01
   &DENS [&Type "Double"]       1.6895809999999969e+00
   &ETOT [&Type "Double"]       1.2534020000000154e+00
   &TRAFO [&Type "Double"]       3.7750499999999754e-01
   &DIIS [&Type "Double"]       1.6971159999999950e+00
   &SOSCF [&Type "Double"]       2.3654730000000157e+00
   &XC [&Type "Double"]       4.7580640000000054e+00
   &FOCKSTART [&Type "Double"]       6.3429700000000500e-01
   &SOLV [&Type "Double"]       8.0839989999999968e+00
   &SOLV_INIT [&Type "Double"]       5.4175599999999990e-01
   &INT_PREP [&Type "Double"]       9.9999999925159955e-07
   &INT_BF [&Type "Double"]       1.4629439999998306e+00
   &INT_DENS [&Type "Double"]       1.0364979999999555e+00
   &INT_DENSIO [&Type "Double"]       7.7475101028000150e+04
   &INT_FUNC [&Type "Double"]       2.0298999999987988e-01
   &INT_POT [&Type "Double"]       7.8140899999991476e-01
   &INT_POTIO [&Type "Double"]       6.6415000000095148e-02
   &INT_SUM [&Type "Double"]       1.2349999999967665e-03
   &SPLITRIJ [&Type "Double"]       6.5881700000000070e+00
   &COSX [&Type "Double"]       2.9160732000000010e+01
$End
$Single_Point_Data
   &GeometryIndex 7
   &FinalEnergy [&Type "Double"]      -1.2546644002475455e+03  "Final single point energy"
   &Converged [&Type "Boolean"] true
$End
$SCF_Nuc_Gradient
   &GeometryIndex 7
   &NAtoms [&Type "Integer"] 33
   &gradNorm [&Type "Double"]       1.5539221698750527e-02
   &grad [&Type "ArrayOfDoubles", &Dim (99,1)] 
                                                         0

0                                      6.6941465377588077e-04
1                                      4.9225067289146440e-05
2                                      8.8771208879969386e-05
3                                     -9.4723384864107973e-04
4                                     -6.8107359875202444e-04
5                                      3.4024838590315798e-05
6                                      7.6605492282943999e-08
7                                      1.7573167098550169e-04
8                                     -4.2755497857469016e-05
9                                      9.3253324778215518e-04
10                                     1.5113700645240369e-04
11                                    -1.0107525347536478e-04
12                                    -7.8362032276291238e-04
13                                     2.6429196953441092e-04
14                                    -7.1965639572863643e-06
15                                     4.0213480212270003e-04
16                                    -3.5339816289339798e-04
17                                     8.1112208861970625e-04
18                                    -1.4091518754561008e-03
19                                     1.0686328693151059e-03
20                                    -1.0976091764329280e-03
21                                     2.5154012631794925e-03
22                                     1.6014069706838455e-03
23                                     5.4911711972387665e-04
24                                    -2.8282989563385430e-03
25                                    -1.8491231325972191e-03
26                                     6.5431021928784305e-04
27                                     2.2566061328626458e-03
28                                    -2.5651088806374900e-03
29                                    -2.1896358129957355e-04
30                                    -5.1597223671970179e-03
31                                     2.1108123936237726e-03
32                                     6.7800998043052521e-04
33                                     8.8276957641454431e-03
34                                     7.0428568843087375e-04
35                                    -1.3118128015429738e-03
36                                    -7.7570152988170882e-03
37                                     2.8389319289997481e-03
38                                     2.0751428736893642e-03
39                                     1.7110144537123562e-03
40                                    -1.2442163586526278e-03
41                                     1.0412193729781444e-04
42                                    -5.8010185210066734e-05
43                                    -1.8218498539013250e-04
44                                    -5.0979060931488629e-05
45                                     1.5591986330965035e-03
46                                    -6.2835433386237982e-04
47                                    -7.9810854932195474e-04
48                                    -1.6358126498261516e-04
49                                     8.4378894679992822e-06
50                                     4.9219934000392651e-04
51                                     7.6830469575077387e-04
52                                     8.8508239444173853e-05
53                                    -1.2711610412577401e-04
54                                     6.4294027183968427e-04
55                                    -1.0707284863498701e-03
56                                    -7.4748567288351192e-04
57                                    -2.6220617755505493e-04
58                                    -6.8022209581408699e-05
59                                     2.2874668167971977e-04
60                                    -3.1694136178742061e-04
61                                     2.3585200214670810e-04
62                                    -9.5119003032013288e-05
63                                     4.7908587610187570e-04
64                                     3.9013764161981851e-04
65                                    -4.1233259775570741e-05
66                                    -6.0863695941798523e-05
67                                     6.5706335366233493e-06
68                                    -1.2670239116080451e-06
69                                    -1.4333589724192103e-04
70                                     1.0219445326038745e-04
71                                     1.0309765259108872e-04
72                                    -1.5869883819864816e-04
73                                     1.3929549337168834e-05
74                                    -1.7121418072713057e-04
75                                     2.0271216896128319e-05
76                                     2.7993852951876952e-04
77                                    -1.9562678150907703e-05
78                                     2.1090698318179668e-04
79                                     3.0207863674883151e-04
80                                    -1.8018338526911565e-04
81                                    -6.5923845408433213e-06
82                                    -3.5850546559484942e-04
83                                     4.5186932698464133e-04
84                                    -3.8680831226195478e-04
85                                    -4.2318410133912465e-06
86                                     1.2916331329496100e-04
87                                    -5.7237868412798876e-04
88                                    -7.4332836355467391e-04
89                                    -1.4910015782408151e-03
90                                     7.3741637525548409e-05
91                                    -1.7639708078640015e-04
92                                    -2.0213405809731133e-05
93                                    -4.1732284138035203e-05
94                                    -2.3886989692115113e-04
95                                     7.0350904281462484e-05
96                                    -1.3134507063486400e-05
97                                    -2.2856033473658832e-04
98                                     5.2849299762472218e-05
   &Method [&Type "String"] "SCF"
   &Level [&Type "String"] "Relaxed density"
   &Mult [&Type "Integer"] 1
   &State [&Type "Integer"] 0
   &Irrep [&Type "Integer"] 0
$End
$Geometry
   &GeometryIndex 8
   &NAtoms [&Type "Integer"] 33
   &NCorelessECP [&Type "Integer"] 0
   &NGhostAtoms [&Type "Integer"] 0
   &CartesianCoordinates [&Type "Coordinates", &Dim(33,4), &Units "Bohr"] 
              C     -8.841910057161    4.656871828869   -0.152826755500
              C     -6.010709466667    4.511388728328   -0.019933236402
              N     -4.966927468695    2.305629158912    0.505079883632
              C     -2.395313607696    2.142013744159    0.633194158470
              C     -1.276170920517   -0.222808955833    1.188337806269
              C      1.297170455599   -0.467603532052    1.341270705358
              C      2.916833577449    1.642498278330    0.950364673890
              C      5.663940232873    1.390112582552    1.129203294691
              C      7.396287700496    3.200166865866    1.864838385078
              C      9.905594577900    2.365671134284    1.738942981217
              C     10.164798378497   -0.115373351209    0.922226271590
              C     12.530289800612   -1.324734407326    0.606562476407
              C     13.105457853506   -3.738375000735   -0.136557985372
              C     11.314389238787   -5.644036883399   -0.757750162110
              N      9.913481233119   -7.245541444119   -1.270095552293
              C     15.690621165248   -4.488257565439   -0.310162631504
              N     17.783643441051   -5.109934627952   -0.428942116727
              S      7.171044240170   -1.425563202148    0.288211056311
              C      1.853243703513    3.968388246551    0.392931962688
              C     -0.790534188722    4.264417160348    0.229723199303
              C     -1.969331205520    6.602491012523   -0.338553486386
              C     -4.544631783215    6.724878311439   -0.459711731464
              H     -9.677762575922    2.821533429213    0.247768682774
              H     -9.458359758583    5.275217178574   -2.024701671142
              H     -9.571674503743    6.033157382431    1.203034571134
              H     -2.505463955477   -1.826254373926    1.502871703348
              H      2.112010656651   -2.285186863174    1.806626003511
              H      6.846316080932    5.047117090590    2.536491383817
              H     11.515683364472    3.511868362049    2.257349194710
              H     14.134944003842   -0.129090149497    1.037136566254
              H      3.047454468103    5.589917634367    0.032003831142
              H     -0.814849160955    8.261118994639   -0.666629591849
              H     -5.495416518755    8.484386313951   -0.886670550816
$End
$SCF_Energy
   &GeometryIndex 8
   &Method [&Type "String"] "SCF"
   &totalEnergy [&Type "ArrayOfDoubles", &Dim (1,1)] "Total energy of each state"
                                                         0

0                                     -1.2546654941606380e+03
   &Mult [&Type "ArrayOfIntegers", &Dim (1,1)] "Multiplicity of each state"
                                                         0

0                                                        1
$End
$DFT_Energy
   &GeometryIndex 8
   &nAlphaEl [&Type "Integer"] 78
   &nBetaEl [&Type "Integer"] 78
   &nTotalEl [&Type "Integer"] 156
   &finalEn [&Type "Double"]      -1.2546654941606380e+03  "No Van der Waals correction"
   &eExchange [&Type "Double"]      -1.1289615824118009e+02
   &eCorr [&Type "Double"]      -6.3809647654302690e+00
   &eXC [&Type "Double"]      -1.1927712300661035e+02
   &eCNL [&Type "Double"]       0.0000000000000000e+00
$End
$Solvation_Details
   &GeometryIndex 8
   &Solvent [&Type "String"] "TETRAHYDROFURAN"
   &Epsilon [&Type "Double"]       7.5650000000000004e+00
   &Refrac [&Type "Double"]       1.4050000000000000e+00
   &RSolv [&Type "Double"]       1.3000000000000000e+00
   &SurfaceType [&Type "String"] "GAUSSIAN VDW"
   &CPCMDielEnergy [&Type "Double"]      -2.7243389000000000e-02
   &NPoints [&Type "Integer"] 3326
   &SurfaceArea [&Type "Double"]       1.2352110027389999e+03
$End
$SCF_Timings
   &GeometryIndex 8
   &TOTAL [&Type "Double"]       5.3105956999999997e+01
   &PREP [&Type "Double"]       2.6578590000000002e+00
   &FOCK [&Type "Double"]       4.3764474000000000e+01
   &DENS [&Type "Double"]       1.5074669999999841e+00
   &ETOT [&Type "Double"]       1.0369239999999946e+00
   &TRAFO [&Type "Double"]       3.8031599999999877e-01
   &DIIS [&Type "Double"]       1.6864290000000004e+00
   &SOSCF [&Type "Double"]       1.7009819999999998e+00
   &XC [&Type "Double"]       4.0244059999999990e+00
   &FOCKSTART [&Type "Double"]       5.2659900000000448e-01
   &SOLV [&Type "Double"]       7.3520930000000009e+00
   &SOLV_INIT [&Type "Double"]       4.9834099999999992e-01
   &INT_PREP [&Type "Double"]       3.9999999916773277e-06
   &INT_BF [&Type "Double"]       1.2103599999998540e+00
   &INT_DENS [&Type "Double"]       8.6390800000002965e-01
   &INT_DENSIO [&Type "Double"]       6.0327294765000086e+04
   &INT_FUNC [&Type "Double"]       1.7675100000012822e-01
   &INT_POT [&Type "Double"]       6.4134999999994324e-01
   &INT_POTIO [&Type "Double"]       5.8163999999824689e-02
   &INT_SUM [&Type "Double"]       9.3299999999896244e-04
   &SPLITRIJ [&Type "Double"]       5.7431260000000082e+00
   &COSX [&Type "Double"]       2.5976607000000001e+01
$End
$Single_Point_Data
   &GeometryIndex 8
   &FinalEnergy [&Type "Double"]      -1.2546654941606380e+03  "Final single point energy"
   &Converged [&Type "Boolean"] true
$End
$SCF_Nuc_Gradient
   &GeometryIndex 8
   &NAtoms [&Type "Integer"] 33
   &gradNorm [&Type "Double"]       9.0222483869678450e-03
   &grad [&Type "ArrayOfDoubles", &Dim (99,1)] 
                                                         0

0                                      3.2293368244086518e-04
1                                      8.3831285580286338e-06
2                                      1.4025975047164078e-05
3                                     -2.1298756364723781e-04
4                                      3.6357824420563123e-04
5                                     -9.9322796942431096e-05
6                                      2.3065293325549852e-04
7                                     -4.6097999724725724e-04
8                                      1.2754149774555495e-04
9                                      7.2450895160108830e-04
10                                    -9.1090529860116121e-06
11                                    -4.5964295106708936e-05
12                                    -1.0622200056502329e-03
13                                     1.8045836545312749e-04
14                                    -3.9514643539229760e-05
15                                     7.5867126060905066e-04
16                                    -4.5346078663477396e-04
17                                     4.7786520729695831e-04
18                                    -1.2748579547173927e-03
19                                    -2.4117081903735071e-04
20                                    -8.2443139037569925e-04
21                                     1.8901239914850682e-03
22                                     2.4087191924067851e-04
23                                     7.2052223429876910e-04
24                                    -2.0434883178940232e-03
25                                     9.1786011461356121e-04
26                                    -3.2188351466318904e-04
27                                     2.2748202343012697e-03
28                                    -9.4861987104900847e-04
29                                    -8.4104597541301285e-04
30                                    -2.0657629214550811e-03
31                                     2.0187987663191492e-04
32                                     9.3226847803717580e-04
33                                     3.6326177215187144e-03
34                                     3.5517472480057349e-05
35                                    -1.3054788317867910e-03
36                                    -3.6364670436760185e-03
37                                     2.6103510566653360e-03
38                                     1.1790632131723107e-03
39                                     1.1724991253688199e-03
40                                     6.8477374720732342e-04
41                                     3.6431462877828391e-04
42                                    -8.8297408164478286e-04
43                                    -1.8693768074159456e-03
44                                    -5.0721100534439900e-04
45                                     1.2175997988173037e-03
46                                    -2.3789265179564867e-04
47                                    -1.0903640290366064e-03
48                                     5.9473855525071784e-05
49                                    -1.6417484254591108e-04
50                                     5.2869694663942868e-04
51                                     3.6257615177977265e-04
52                                     5.6771004882846809e-04
53                                     6.1893336342150329e-04
54                                     8.5439405985766881e-04
55                                     5.0621057879400577e-04
56                                    -4.8812303860659711e-04
57                                    -7.2710307075285474e-04
58                                    -1.7126704831646467e-04
59                                    -1.7286804247068285e-05
60                                     6.2227295256528370e-04
61                                     8.6426381662133012e-05
62                                     6.7270290761305140e-05
63                                    -6.2837848011040864e-04
64                                     4.8632086654644413e-04
65                                    -9.4893295190079385e-05
66                                    -1.1437779179751528e-06
67                                     1.3300876657529326e-04
68                                    -2.3854064200107272e-05
69                                    -4.3416969476087197e-05
70                                     2.1424122730324957e-05
71                                     2.0483346139107961e-04
72                                    -1.7732772607401137e-05
73                                    -8.5044541342810254e-05
74                                    -1.9134480476036553e-04
75                                     1.8172072595029620e-04
76                                     5.4899363682575641e-04
77                                    -1.4017583453788951e-04
78                                     1.9538946295903636e-04
79                                     5.8366180783445132e-04
80                                    -1.5394562597376149e-04
81                                    -2.3882403799981022e-04
82                                    -8.3321408984687872e-04
83                                     6.7264711134176758e-04
84                                    -5.5057869872829346e-04
85                                    -3.3615694652089356e-04
86                                     1.9282267118801016e-04
87                                    -9.6955324594746872e-04
88                                    -7.5791668559789527e-04
89                                    -1.0862973787694602e-04
90                                    -5.3694161261913509e-05
91                                    -5.5210287914797540e-04
92                                    -5.5334646653637520e-07
93                                    -2.2254160768218900e-04
94                                    -5.2491516823288675e-04
95                                     7.6599261357002124e-05
96                                     1.3146977324882125e-04
97                                    -5.3202792577777824e-04
98                                     1.1661869732528690e-04
   &Method [&Type "String"] "SCF"
   &Level [&Type "String"] "Relaxed density"
   &Mult [&Type "Integer"] 1
   &State [&Type "Integer"] 0
   &Irrep [&Type "Integer"] 0
$End
$Geometry
   &GeometryIndex 9
   &NAtoms [&Type "Integer"] 33
   &NCorelessECP [&Type "Integer"] 0
   &NGhostAtoms [&Type "Integer"] 0
   &CartesianCoordinates [&Type "Coordinates", &Dim(33,4), &Units "Bohr"] 
              C     -8.856030955371    4.646943032024   -0.090434042909
              C     -6.022723103113    4.509840241044    0.022247519595
              N     -4.968918009682    2.297758760807    0.495962558509
              C     -2.396106762264    2.139860600412    0.605153973918
              C     -1.263255791761   -0.232098658591    1.104886865417
              C      1.310865979828   -0.469680477400    1.235719972905
              C      2.922972079316    1.653192972392    0.875857744087
              C      5.670741653908    1.406025279025    1.031082887822
              C      7.410921729468    3.236305728086    1.706418575656
              C      9.912987289331    2.386023459513    1.636658331864
              C     10.170243303369   -0.125680092357    0.910805298318
              C     12.531293794545   -1.356364311941    0.681738850439
              C     13.122886868990   -3.771776637666   -0.052199472632
              C     11.332261650884   -5.644191489673   -0.759324603982
              N      9.926002907368   -7.215383291722   -1.338569058907
              C     15.703278715862   -4.541483788403   -0.133931905016
              N     17.794069073637   -5.180138604551   -0.179897537051
              S      7.174219512233   -1.438325033805    0.278427611321
              C      1.845079300423    3.986643795869    0.374933038147
              C     -0.800187714056    4.276233376160    0.234923269983
              C     -1.990646042704    6.621761931969   -0.278386179477
              C     -4.566583757650    6.736993099976   -0.381541228452
              H     -9.682007293162    2.800107018427    0.278290186811
              H     -9.485827396415    5.300060738577   -1.946517304119
              H     -9.582116297317    5.992882149555    1.298258884929
              H     -2.483983727690   -1.848340079826    1.395582707076
              H      2.132032993795   -2.295627614734    1.660742625351
              H      6.868138531659    5.113698540992    2.298039596144
              H     11.525413284419    3.542165483876    2.130942638065
              H     14.129642782954   -0.169404448118    1.171771542241
              H      3.029209315107    5.622596445996    0.040806827553
              H     -0.843838589812    8.292484833569   -0.579727966827
              H     -5.525886324905    8.503000121683   -0.767088886754
$End
$SCF_Energy
   &GeometryIndex 9
   &Method [&Type "String"] "SCF"
   &totalEnergy [&Type "ArrayOfDoubles", &Dim (1,1)] "Total energy of each state"
                                                         0

0                                     -1.2546657238992857e+03
   &Mult [&Type "ArrayOfIntegers", &Dim (1,1)] "Multiplicity of each state"
                                                         0

0                                                        1
$End
$DFT_Energy
   &GeometryIndex 9
   &nAlphaEl [&Type "Integer"] 78
   &nBetaEl [&Type "Integer"] 78
   &nTotalEl [&Type "Integer"] 156
   &finalEn [&Type "Double"]      -1.2546657238992857e+03  "No Van der Waals correction"
   &eExchange [&Type "Double"]      -1.1289475553133362e+02
   &eCorr [&Type "Double"]      -6.3809598159959382e+00
   &eXC [&Type "Double"]      -1.1927571534732955e+02
   &eCNL [&Type "Double"]       0.0000000000000000e+00
$End
$Solvation_Details
   &GeometryIndex 9
   &Solvent [&Type "String"] "TETRAHYDROFURAN"
   &Epsilon [&Type "Double"]       7.5650000000000004e+00
   &Refrac [&Type "Double"]       1.4050000000000000e+00
   &RSolv [&Type "Double"]       1.3000000000000000e+00
   &SurfaceType [&Type "String"] "GAUSSIAN VDW"
   &CPCMDielEnergy [&Type "Double"]      -2.7370332000000001e-02
   &NPoints [&Type "Integer"] 3322
   &SurfaceArea [&Type "Double"]       1.2339903729990001e+03
$End
$SCF_Timings
   &GeometryIndex 9
   &TOTAL [&Type "Double"]       5.1898711000000006e+01
   &PREP [&Type "Double"]       2.2653050000000001e+00
   &FOCK [&Type "Double"]       4.2831246999999998e+01
   &DENS [&Type "Double"]       1.4961730000000060e+00
   &ETOT [&Type "Double"]       9.3311099999999314e-01
   &TRAFO [&Type "Double"]       3.7829600000000596e-01
   &DIIS [&Type "Double"]       1.6019640000000033e+00
   &SOSCF [&Type "Double"]       1.7721210000000056e+00
   &XC [&Type "Double"]       4.1005160000000043e+00
   &FOCKSTART [&Type "Double"]       4.9214199999999542e-01
   &SOLV [&Type "Double"]       7.1963879999999856e+00
   &SOLV_INIT [&Type "Double"]       5.0565699999999980e-01
   &INT_PREP [&Type "Double"]       9.9999999747524271e-07
   &INT_BF [&Type "Double"]       1.1980600000000470e+00
   &INT_DENS [&Type "Double"]       8.3688599999995095e-01
   &INT_DENSIO [&Type "Double"]       5.9038102837000115e+04
   &INT_FUNC [&Type "Double"]       1.7709999999993187e-01
   &INT_POT [&Type "Double"]       6.0118299999995806e-01
   &INT_POTIO [&Type "Double"]       5.3791999999988072e-02
   &INT_SUM [&Type "Double"]       1.6489999999960148e-03
   &SPLITRIJ [&Type "Double"]       5.7644550000000097e+00
   &COSX [&Type "Double"]       2.4857918000000012e+01
$End
$Single_Point_Data
   &GeometryIndex 9
   &FinalEnergy [&Type "Double"]      -1.2546657238992857e+03  "Final single point energy"
   &Converged [&Type "Boolean"] true
$End
$SCF_Nuc_Gradient
   &GeometryIndex 9
   &NAtoms [&Type "Integer"] 33
   &gradNorm [&Type "Double"]       4.2433731800432207e-03
   &grad [&Type "ArrayOfDoubles", &Dim (99,1)] 
                                                         0

0                                      1.7284884459233679e-04
1                                     -6.3528117489063812e-05
2                                      1.3978741317896386e-05
3                                      1.1708477281316410e-04
4                                      1.6068045499667560e-04
5                                     -2.6594778632042099e-05
6                                     -1.3386135764470453e-04
7                                     -1.2274822973518118e-04
8                                      3.0712796448777169e-05
9                                      4.1607194330321728e-04
10                                    -2.8318303016555690e-05
11                                     1.0380182151794454e-05
12                                    -2.0012771221186720e-04
13                                     1.2036698168890053e-04
14                                    -2.7444140326215657e-05
15                                     1.1633531261559527e-04
16                                    -1.8908510829102054e-04
17                                     2.4013774775192773e-04
18                                    -1.0361273791104145e-03
19                                    -3.1292185571460407e-04
20                                    -2.9717666382631652e-04
21                                     1.1529409808276325e-03
22                                     2.9238141640163147e-06
23                                     5.6811202577380926e-04
24                                    -6.2059298936775753e-04
25                                     6.4709046846622709e-04
26                                    -4.8020414013669188e-04
27                                     9.1518237830898186e-04
28                                    -3.4118116759042361e-04
29                                    -8.9449603068293693e-04
30                                    -8.3875237553130214e-04
31                                    -2.3863533499375589e-04
32                                     9.8793137648666915e-04
33                                     9.4428087852488568e-04
34                                    -4.4774314563536532e-04
35                                    -5.9549992291220606e-04
36                                    -1.8300799683186736e-03
37                                     8.8413454835838123e-04
38                                     4.0434642428164441e-04
39                                    -2.5476550999781189e-04
40                                     1.0449240191151565e-04
41                                    -7.1809748626902592e-05
42                                     6.5387682709744377e-04
43                                    -1.0858190644880139e-04
44                                     1.4082706085594143e-04
45                                     7.6634040719719687e-04
46                                    -6.1534760832315794e-05
47                                    -1.1021286748632815e-03
48                                    -1.2031918597277258e-04
49                                    -1.3175803116358131e-04
50                                     5.2901845892225179e-04
51                                     1.1238602479987647e-04
52                                     2.6461557513596246e-04
53                                    -7.7765056200232441e-05
54                                     5.2608656750841032e-04
55                                     3.9701929063376551e-04
56                                    -2.1584751726932278e-04
57                                    -5.2093118293060348e-04
58                                    -2.9869815870539607e-05
59                                    -8.0164270906796752e-05
60                                     1.7717800499281178e-04
61                                    -1.1404938146059029e-04
62                                     8.0774575827412265e-05
63                                    -1.7797126240395866e-04
64                                     3.6913305144624375e-05
65                                    -4.8645100107561068e-06
66                                    -4.7811624439467182e-05
67                                     9.9747809797767761e-06
68                                    -2.3707993979590891e-06
69                                    -5.4223866842173507e-05
70                                     2.3083867338236086e-05
71                                     2.0147946618337409e-05
72                                    -4.0446694125506610e-05
73                                     1.9245537515713562e-05
74                                    -2.2188837159084485e-05
75                                    -7.0495956196320320e-05
76                                     1.0647746160685756e-04
77                                    -4.2669946444418017e-05
78                                     2.9375394088046458e-04
79                                     1.5455443008047243e-04
80                                    -8.5025528156340568e-07
81                                    -3.5517572686420695e-04
82                                    -2.4890133281138538e-04
83                                     4.3955758098902786e-04
84                                    -1.1850427149140419e-04
85                                    -2.0688823738332363e-05
86                                     2.0373088581170096e-04
87                                    -1.3220916565809260e-04
88                                    -1.2509579474692667e-04
89                                     3.0472633966719537e-04
90                                     2.0777670249493008e-04
91                                    -1.8038173820322800e-04
92                                    -3.6431927924865382e-05
93                                     2.0431699977035978e-05
94                                    -8.1720124700368491e-05
95                                    -1.2695505249033651e-05
96                                    -4.0179083419425443e-05
97                                    -8.4829935634939124e-05
98                                     1.6820579850349449e-05
   &Method [&Type "String"] "SCF"
   &Level [&Type "String"] "Relaxed density"
   &Mult [&Type "Integer"] 1
   &State [&Type "Integer"] 0
   &Irrep [&Type "Integer"] 0
$End
$Geometry
   &GeometryIndex 10
   &NAtoms [&Type "Integer"] 33
   &NCorelessECP [&Type "Integer"] 0
   &NGhostAtoms [&Type "Integer"] 0
   &CartesianCoordinates [&Type "Coordinates", &Dim(33,4), &Units "Bohr"] 
              C     -8.866446055621    4.635395316209   -0.050186767594
              C     -6.031962924218    4.507378254681    0.053927353098
              N     -4.968643529237    2.288598978565    0.472609142312
              C     -2.395485556485    2.137839199670    0.571751305903
              C     -1.250251885416   -0.240271210236    1.011346397250
              C      1.324964547432   -0.470103748491    1.126864430855
              C      2.929985185580    1.665963132224    0.810987566332
              C      5.677779231283    1.421883690689    0.949430099028
              C      7.423860006719    3.258516637557    1.598724571774
              C      9.922180976678    2.402341399564    1.553835514871
              C     10.178786945916   -0.120839660140    0.866414685215
              C     12.535274735978   -1.368698950782    0.696736480125
              C     13.134797979193   -3.801342134894    0.024057387667
              C     11.334810585583   -5.669037729039   -0.678285655014
              N      9.912447844031   -7.228966431353   -1.250201939667
              C     15.709875281249   -4.582292388802   -0.000788939762
              N     17.798514306633   -5.229901798421   -0.001753747122
              S      7.180163913424   -1.436748754673    0.244257606491
              C      1.838166145157    4.006242527068    0.371741507601
              C     -0.807966177603    4.288488933460    0.248468065184
              C     -2.008770960920    6.641287662625   -0.205245631194
              C     -4.585361045172    6.749016390264   -0.299718719498
              H     -9.683070946412    2.776545662176    0.275925893628
              H     -9.501485395531    5.329375500866   -1.889430439078
              H     -9.594532131281    5.944365767561    1.372181631010
              H     -2.461523831533   -1.869352325644    1.268278226337
              H      2.150759777226   -2.304208364191    1.504620399669
              H      6.889337401526    5.153762578029    2.138137848855
              H     11.535860711671    3.564610097930    2.029691426793
              H     14.131726875082   -0.175245563131    1.181010427540
              H      3.011525135837    5.657041790685    0.075784043189
              H     -0.869890309418    8.323844051408   -0.468689254167
              H     -5.551277836157    8.520594569728   -0.640847597601
$End
$SCF_Energy
   &GeometryIndex 10
   &Method [&Type "String"] "SCF"
   &totalEnergy [&Type "ArrayOfDoubles", &Dim (1,1)] "Total energy of each state"
                                                         0

0                                     -1.2546658130474339e+03
   &Mult [&Type "ArrayOfIntegers", &Dim (1,1)] "Multiplicity of each state"
                                                         0

0                                                        1
$End
$DFT_Energy
   &GeometryIndex 10
   &nAlphaEl [&Type "Integer"] 78
   &nBetaEl [&Type "Integer"] 78
   &nTotalEl [&Type "Integer"] 156
   &finalEn [&Type "Double"]      -1.2546658130474339e+03  "No Van der Waals correction"
   &eExchange [&Type "Double"]      -1.1289406441517116e+02
   &eCorr [&Type "Double"]      -6.3809641943975279e+00
   &eXC [&Type "Double"]      -1.1927502860956869e+02
   &eCNL [&Type "Double"]       0.0000000000000000e+00
$End
$Solvation_Details
   &GeometryIndex 10
   &Solvent [&Type "String"] "TETRAHYDROFURAN"
   &Epsilon [&Type "Double"]       7.5650000000000004e+00
   &Refrac [&Type "Double"]       1.4050000000000000e+00
   &RSolv [&Type "Double"]       1.3000000000000000e+00
   &SurfaceType [&Type "String"] "GAUSSIAN VDW"
   &CPCMDielEnergy [&Type "Double"]      -2.7413811999999999e-02
   &NPoints [&Type "Integer"] 3326
   &SurfaceArea [&Type "Double"]       1.2316285832340000e+03
$End
$SCF_Timings
   &GeometryIndex 10
   &TOTAL [&Type "Double"]       4.8518667000000001e+01
   &PREP [&Type "Double"]       2.0816000000000003e+00
   &FOCK [&Type "Double"]       3.9551873000000001e+01
   &DENS [&Type "Double"]       1.2963960000000014e+00
   &ETOT [&Type "Double"]       1.0890470000000070e+00
   &POP [&Type "Double"]       1.0000000045806701e-06
   &TRAFO [&Type "Double"]       4.1095800000000260e-01
   &DIIS [&Type "Double"]       1.7013579999999964e+00
   &SOSCF [&Type "Double"]       1.5442529999999977e+00
   &XC [&Type "Double"]       3.8682950000000043e+00
   &FOCKSTART [&Type "Double"]       5.5069700000000399e-01
   &SOLV [&Type "Double"]       6.5784200000000004e+00
   &SOLV_INIT [&Type "Double"]       5.0223000000000018e-01
   &INT_PREP [&Type "Double"]       9.9999999747524271e-07
   &INT_BF [&Type "Double"]       1.1120899999999150e+00
   &INT_DENS [&Type "Double"]       7.8165899999995059e-01
   &INT_DENSIO [&Type "Double"]       5.0259806703000097e+04
   &INT_FUNC [&Type "Double"]       1.6089499999998491e-01
   &INT_POT [&Type "Double"]       5.6833000000000578e-01
   &INT_POTIO [&Type "Double"]       4.3007000000081064e-02
   &INT_SUM [&Type "Double"]       1.2169999999986914e-03
   &SPLITRIJ [&Type "Double"]       5.1287650000000085e+00
   &COSX [&Type "Double"]       2.3415390999999993e+01
$End
$Single_Point_Data
   &GeometryIndex 10
   &FinalEnergy [&Type "Double"]      -1.2546658130474339e+03  "Final single point energy"
   &Converged [&Type "Boolean"] true
$End
$SCF_Nuc_Gradient
   &GeometryIndex 10
   &NAtoms [&Type "Integer"] 33
   &gradNorm [&Type "Double"]       2.6208469925272904e-03
   &grad [&Type "ArrayOfDoubles", &Dim (99,1)] 
                                                         0

0                                     -1.0088053608670738e-04
1                                      6.0624081388111969e-06
2                                     -1.2436010088931644e-05
3                                      2.6262175481726879e-04
4                                      2.0968740135821062e-04
5                                     -8.4052028637947307e-06
6                                     -1.0048000718312911e-04
7                                     -8.3354345550179509e-05
8                                      1.4256314472778364e-05
9                                      1.5808644977287345e-04
10                                    -7.5195505263817020e-05
11                                     4.0812578701476809e-05
12                                    -7.6104597795223494e-05
13                                     8.8121208354954850e-05
14                                    -2.7748631420364961e-05
15                                     6.7496986378534629e-05
16                                    -1.8220654335517061e-04
17                                     1.9611318096567076e-04
18                                    -5.9860606419438050e-04
19                                    -2.2699535619222222e-04
20                                     7.2787713062329173e-05
21                                     3.6240942865606307e-04
22                                    -1.8435967774237290e-05
23                                    -5.4653300161130319e-05
24                                     4.8105950229956895e-05
25                                     2.8673062088449552e-04
26                                     4.9990871881955279e-05
27                                     2.6871968259981061e-04
28                                    -1.7126735189769426e-04
29                                    -1.4422215694050167e-04
30                                    -2.4222496587878589e-04
31                                     3.9170791958930903e-04
32                                     3.9309015051953305e-04
33                                    -4.1209615755686364e-04
34                                    -1.0541478740087595e-03
35                                    -2.5778601884833899e-04
36                                     6.9586279420246616e-04
37                                     4.0765584306155789e-04
38                                     6.0956311980701547e-04
39                                    -7.1662334512656578e-04
40                                     5.5539224204131932e-04
41                                    -2.0209235339288534e-04
42                                     2.0716071661885938e-04
43                                    -4.1979362461053160e-04
44                                     6.1077327959291328e-05
45                                     2.5802264503188566e-04
46                                     2.0990677076045128e-04
47                                    -9.8767313406724613e-04
48                                    -1.1776682887632006e-04
49                                    -1.2535157831169985e-04
50                                     4.8335482505519286e-04
51                                     7.6949668507131364e-05
52                                     7.9147943532975606e-05
53                                    -1.9176171769778871e-04
54                                     1.4356457754260976e-04
55                                     4.1476027888272260e-04
56                                    -1.3287793275393658e-04
57                                    -2.9350637922700984e-04
58                                    -2.7154761500766678e-05
59                                    -2.9896016602960502e-05
60                                     1.7688514239080910e-04
61                                    -9.9059567526912917e-05
62                                     3.3945275082280374e-05
63                                    -2.3544168840364255e-04
64                                    -1.5303301896613108e-05
65                                    -1.2196892750192256e-05
66                                     6.6957562030456330e-06
67                                     2.1634221555211219e-05
68                                    -6.6662459628843984e-06
69                                     8.9506256825896968e-06
70                                    -3.5445071205293666e-05
71                                     1.0157794616771909e-05
72                                     2.6586156225097413e-05
73                                    -2.1079800665957382e-05
74                                     3.0545661031111671e-06
75                                    -1.7725661824133376e-05
76                                     5.2826301661562658e-05
77                                    -1.1317393327599928e-05
78                                     1.8940609053079427e-04
79                                     1.3722314541370073e-04
80                                    -1.2452290244227560e-05
81                                    -2.2788253895757171e-04
82                                    -7.8514481378938461e-05
83                                    -1.0051122970965165e-04
84                                    -5.2375736481258262e-05
85                                     1.5140160031026917e-05
86                                     1.6709184652852205e-05
87                                     9.1220069327824227e-05
88                                     5.0531047619817304e-06
89                                     1.8223005716325180e-04
90                                     1.5002644361818140e-04
91                                    -1.7067864687009271e-04
92                                     2.6425014536819724e-05
93                                    -1.3280280476757333e-05
94                                    -3.8166025268848713e-05
95                                    -7.9392741382348919e-06
96                                     6.2238692965926878e-06
97                                    -3.8899745973680622e-05
98                                     7.0678265007570809e-06
   &Method [&Type "String"] "SCF"
   &Level [&Type "String"] "Relaxed density"
   &Mult [&Type "Integer"] 1
   &State [&Type "Integer"] 0
   &Irrep [&Type "Integer"] 0
$End
$Geometry
   &GeometryIndex 11
   &NAtoms [&Type "Integer"] 33
   &NCorelessECP [&Type "Integer"] 0
   &NGhostAtoms [&Type "Integer"] 0
   &CartesianCoordinates [&Type "Coordinates", &Dim(33,4), &Units "Bohr"] 
              C     -8.870677396270    4.629673494377   -0.032684205923
              C     -6.035986467551    4.505674228127    0.069630586068
              N     -4.967771080688    2.282389972162    0.448155909319
              C     -2.394387032093    2.135227116553    0.545026531291
              C     -1.243438012600   -0.247851595860    0.942581812948
              C      1.331897875939   -0.473940777403    1.053990737471
              C      2.934178466007    1.670312143536    0.775761870790
              C      5.681607680507    1.428077145909    0.908128605859
              C      7.429557820994    3.269011537363    1.541944459438
              C      9.927433022258    2.415556009909    1.495189374277
              C     10.185471272630   -0.112918493896    0.827426852681
              C     12.541113964680   -1.364701834732    0.685494972662
              C     13.136384237375   -3.814972224516    0.069977500814
              C     11.331681537707   -5.691809381499   -0.590525316522
              N      9.897882484551   -7.253416163774   -1.126674535779
              C     15.708553044196   -4.602512523035    0.069180354474
              N     17.795765183700   -5.254724768549    0.086866827440
              S      7.185302744006   -1.435162003859    0.220320779934
              C      1.835628016621    4.014974076321    0.377865226788
              C     -0.810681875705    4.294385448429    0.260708936348
              C     -2.016827824735    6.652891615572   -0.150146225311
              C     -4.593307122793    6.756615342866   -0.242719113217
              H     -9.683279287103    2.763163442905    0.258707496594
              H     -9.506676252056    5.356409199041   -1.859062062490
              H     -9.601898228030    5.910529373635    1.413670830243
              H     -2.450547832916   -1.884736686976    1.170879279216
              H      2.158818629606   -2.314413359496    1.398861329483
              H      6.898688712954    5.170500288393    2.064000734247
              H     11.541639224740    3.582814659372    1.958477336353
              H     14.139155737211   -0.162107650675    1.142190705102
              H      3.003270332136    5.675422619546    0.112137596863
              H     -0.881704023595    8.343058863756   -0.382211978118
              H     -5.562698550490    8.532663967663   -0.551519889318
$End
$SCF_Energy
   &GeometryIndex 11
   &Method [&Type "String"] "SCF"
   &totalEnergy [&Type "ArrayOfDoubles", &Dim (1,1)] "Total energy of each state"
                                                         0

0                                     -1.2546658419224282e+03
   &Mult [&Type "ArrayOfIntegers", &Dim (1,1)] "Multiplicity of each state"
                                                         0

0                                                        1
$End
$DFT_Energy
   &GeometryIndex 11
   &nAlphaEl [&Type "Integer"] 78
   &nBetaEl [&Type "Integer"] 78
   &nTotalEl [&Type "Integer"] 156
   &finalEn [&Type "Double"]      -1.2546658419224282e+03  "No Van der Waals correction"
   &eExchange [&Type "Double"]      -1.1289388788609563e+02
   &eCorr [&Type "Double"]      -6.3809932191152496e+00
   &eXC [&Type "Double"]      -1.1927488110521088e+02
   &eCNL [&Type "Double"]       0.0000000000000000e+00
$End
$Solvation_Details
   &GeometryIndex 11
   &Solvent [&Type "String"] "TETRAHYDROFURAN"
   &Epsilon [&Type "Double"]       7.5650000000000004e+00
   &Refrac [&Type "Double"]       1.4050000000000000e+00
   &RSolv [&Type "Double"]       1.3000000000000000e+00
   &SurfaceType [&Type "String"] "GAUSSIAN VDW"
   &CPCMDielEnergy [&Type "Double"]      -2.7456507000000002e-02
   &NPoints [&Type "Integer"] 3324
   &SurfaceArea [&Type "Double"]       1.2299968724070000e+03
$End
$SCF_Timings
   &GeometryIndex 11
   &TOTAL [&Type "Double"]       4.9210293000000000e+01
   &PREP [&Type "Double"]       2.2283919999999999e+00
   &FOCK [&Type "Double"]       3.9219924000000006e+01
   &DENS [&Type "Double"]       1.3099550000000022e+00
   &ETOT [&Type "Double"]       1.1094239999999989e+00
   &TRAFO [&Type "Double"]       3.8889399999999874e-01
   &DIIS [&Type "Double"]       1.7445950000000012e+00
   &SOSCF [&Type "Double"]       2.3855250000000083e+00
   &XC [&Type "Double"]       4.0133619999999945e+00
   &FOCKSTART [&Type "Double"]       5.0775500000000173e-01
   &SOLV [&Type "Double"]       6.1743340000000035e+00
   &SOLV_INIT [&Type "Double"]       5.1254899999999992e-01
   &INT_PREP [&Type "Double"]       4.9999999944816409e-06
   &INT_BF [&Type "Double"]       1.0177200000000965e+00
   &INT_DENS [&Type "Double"]       7.1570900000006965e-01
   &INT_DENSIO [&Type "Double"]       4.5899880605000071e+04
   &INT_FUNC [&Type "Double"]       1.4914400000006545e-01
   &INT_POT [&Type "Double"]       5.3877399999989439e-01
   &INT_POTIO [&Type "Double"]       5.3899999999912573e-02
   &INT_SUM [&Type "Double"]       1.6179999999925698e-03
   &SPLITRIJ [&Type "Double"]       4.9951160000000048e+00
   &COSX [&Type "Double"]       2.3796409000000011e+01
$End
$Single_Point_Data
   &GeometryIndex 11
   &FinalEnergy [&Type "Double"]      -1.2546658419224282e+03  "Final single point energy"
   &Converged [&Type "Boolean"] true
$End
$SCF_Nuc_Gradient
   &GeometryIndex 11
   &NAtoms [&Type "Integer"] 33
   &gradNorm [&Type "Double"]       2.0451923444309537e-03
   &grad [&Type "ArrayOfDoubles", &Dim (99,1)] 
                                                         0

0                                     -8.4236297279181860e-05
1                                      2.0104399429688932e-05
2                                      7.3128970825299920e-06
3                                      1.3746236466881390e-04
4                                     -5.2655302066065279e-05
5                                      1.5455524692481459e-05
6                                     -1.5221487513628063e-04
7                                      9.5284706523313112e-05
8                                     -1.8759277482967296e-05
9                                      4.8707701185063401e-05
10                                    -4.6149554230323631e-05
11                                     2.1786422109884573e-05
12                                     1.4590891925397864e-04
13                                     6.9008263840687756e-05
14                                    -1.7563942136311628e-05
15                                    -1.3734939810280955e-04
16                                    -8.2676862370366366e-05
17                                     9.9283007411615082e-05
18                                    -2.6241790929161513e-04
19                                     6.1630900825393464e-05
20                                     1.9822477927858989e-04
21                                     6.3240955387164344e-05
22                                     2.5357138752894748e-05
23                                    -1.9488816318524727e-04
24                                     2.8571372842968457e-04
25                                    -2.0007550751974246e-04
26                                     2.8640200440298996e-04
27                                    -1.3857426190649891e-04
28                                    -9.4777468869752801e-05
29                                    -1.2788138323957532e-04
30                                    -5.4417674833773244e-06
31                                     3.4587366322057916e-04
32                                     1.1083027830633557e-04
33                                    -4.4009676420480063e-04
34                                    -4.9076739551311491e-04
35                                     1.1757915252843566e-04
36                                     6.9649466831000345e-04
37                                    -3.2063713508648228e-04
38                                     4.7439694597105862e-04
39                                    -6.6974127787372550e-04
40                                     2.6725652924347587e-04
41                                    -3.3631248195341301e-04
42                                     4.2535136555532649e-04
43                                     7.6239058566185403e-05
44                                     2.2749641514582808e-04
45                                    -5.7502389289254552e-05
46                                     2.4103192415651786e-04
47                                    -8.6903694610397653e-04
48                                    -9.0124029438642950e-05
49                                    -1.0775542455213061e-04
50                                     4.4412137008558415e-04
51                                    -1.4330456898817290e-05
52                                    -3.6403888142882979e-05
53                                    -2.7938902961570367e-04
54                                    -4.7962829271802621e-05
55                                     4.1136990338877522e-05
56                                    -8.7404718872471227e-05
57                                    -4.4182604967607508e-05
58                                     6.4502149764722461e-06
59                                     2.0389811511193636e-05
60                                    -8.1191416891224222e-05
61                                    -5.9184518113070128e-05
62                                    -7.7058017477829588e-06
63                                     6.2653591788530694e-05
64                                    -8.8266868451376823e-05
65                                     1.5701576626808711e-05
66                                     6.7371216772027509e-08
67                                    -2.7685539799454650e-05
68                                     2.1440795787974753e-06
69                                    -1.8130053419385117e-06
70                                    -2.5723608373370843e-05
71                                    -4.0193334098465039e-05
72                                     6.1470318748896302e-06
73                                     7.7643902994251057e-06
74                                     3.4048008688392084e-05
75                                    -6.9656726750064180e-05
76                                    -7.4757277730042038e-05
77                                     2.5298973897427968e-05
78                                     1.4444262076193648e-04
79                                    -1.9147145762093976e-05
80                                     4.3820400540961479e-06
81                                    -1.7351850678160724e-04
82                                     1.0892129153511343e-04
83                                    -2.0462212355567416e-04
84                                     6.9427066617416822e-05
85                                     7.2662136357690144e-05
86                                     1.0355082335912480e-05
87                                     1.8313923587928715e-04
88                                     1.1604739443378531e-04
89                                     6.2750184967153011e-05
90                                     1.8753348356403965e-04
91                                    -2.7909252518498739e-06
92                                     3.2125485710150087e-05
93                                     4.7523159873746890e-05
94                                     8.4873655989831098e-05
95                                    -1.0505198998173038e-05
96                                    -3.3458742319428247e-05
97                                     8.9811793633126635e-05
98                                    -1.5821636154928495e-05
   &Method [&Type "String"] "SCF"
   &Level [&Type "String"] "Relaxed density"
   &Mult [&Type "Integer"] 1
   &State [&Type "Integer"] 0
   &Irrep [&Type "Integer"] 0
$End
$Geometry
   &GeometryIndex 12
   &NAtoms [&Type "Integer"] 33
   &NCorelessECP [&Type "Integer"] 0
   &NGhostAtoms [&Type "Integer"] 0
   &CartesianCoordinates [&Type "Coordinates", &Dim(33,4), &Units "Bohr"] 
              C     -8.871750620843    4.627916696847   -0.031968386757
              C     -6.037375081569    4.505172985832    0.073556068642
              N     -4.967283758538    2.278823299299    0.428833684125
              C     -2.394178650330    2.133406723620    0.528635365919
              C     -1.241167184545   -0.252322418538    0.902743591797
              C      1.334137734910   -0.476631200664    1.017130690532
              C      2.935839685552    1.671572006954    0.764906579534
              C      5.682576687339    1.429694914793    0.898489452927
              C      7.432520045577    3.274390305879    1.517030486431
              C      9.930345554592    2.422148955928    1.464120976874
              C     10.187806165175   -0.109748031519    0.808219149934
              C     12.543375095027   -1.360677547623    0.668950147827
              C     13.136320412682   -3.821150209847    0.090578730810
              C     11.329191029711   -5.710433103635   -0.526362681694
              N      9.887884785004   -7.277623412135   -1.026326767310
              C     15.709036189352   -4.606760220116    0.090543205452
              N     17.797080157165   -5.256595946844    0.107803125156
              S      7.185268358819   -1.437935190615    0.225818744394
              C      1.834244383314    4.018766260554    0.389397907575
              C     -0.811885404157    4.296750098577    0.270868276683
              C     -2.019771057166    6.658599253807   -0.115552360581
              C     -4.596191476704    6.760874183767   -0.210965319152
              H     -9.683215560229    2.757388147074    0.235366184769
              H     -9.505242207368    5.376507670691   -1.850272384974
              H     -9.606501109509    5.890447601414    1.428533016558
              H     -2.446288767144   -1.893061200973    1.110792166005
              H      2.160078521428   -2.320658698092    1.343876138316
              H      6.905274010221    5.178602630886    2.031841729622
              H     11.545815881582    3.592905467222    1.912959546902
              H     14.142705711544   -0.150208522649    1.096678438811
              H      2.998295149064    5.684403465313    0.143014715102
              H     -0.886168933557    8.352283491181   -0.326449962538
              H     -5.566626745205    8.539234624775   -0.501156937665
$End
$SCF_Energy
   &GeometryIndex 12
   &Method [&Type "String"] "SCF"
   &totalEnergy [&Type "ArrayOfDoubles", &Dim (1,1)] "Total energy of each state"
                                                         0

0                                     -1.2546658524181523e+03
   &Mult [&Type "ArrayOfIntegers", &Dim (1,1)] "Multiplicity of each state"
                                                         0

0                                                        1
$End
$DFT_Energy
   &GeometryIndex 12
   &nAlphaEl [&Type "Integer"] 78
   &nBetaEl [&Type "Integer"] 78
   &nTotalEl [&Type "Integer"] 156
   &finalEn [&Type "Double"]      -1.2546658524181523e+03  "No Van der Waals correction"
   &eExchange [&Type "Double"]      -1.1289418848971744e+02
   &eCorr [&Type "Double"]      -6.3810303899422767e+00
   &eXC [&Type "Double"]      -1.1927521887965972e+02
   &eCNL [&Type "Double"]       0.0000000000000000e+00
$End
$Solvation_Details
   &GeometryIndex 12
   &Solvent [&Type "String"] "TETRAHYDROFURAN"
   &Epsilon [&Type "Double"]       7.5650000000000004e+00
   &Refrac [&Type "Double"]       1.4050000000000000e+00
   &RSolv [&Type "Double"]       1.3000000000000000e+00
   &SurfaceType [&Type "String"] "GAUSSIAN VDW"
   &CPCMDielEnergy [&Type "Double"]      -2.7482718999999999e-02
   &NPoints [&Type "Integer"] 3318
   &SurfaceArea [&Type "Double"]       1.2292970327139999e+03
$End
$SCF_Timings
   &GeometryIndex 12
   &TOTAL [&Type "Double"]       4.4182665000000000e+01
   &PREP [&Type "Double"]       2.2932910000000000e+00
   &FOCK [&Type "Double"]       3.5892376999999996e+01
   &DENS [&Type "Double"]       1.1858700000000155e+00
   &ETOT [&Type "Double"]       8.9373900000000894e-01
   &TRAFO [&Type "Double"]       4.1606100000000268e-01
   &DIIS [&Type "Double"]       1.7843790000000013e+00
   &SOSCF [&Type "Double"]       1.1308089999999993e+00
   &XC [&Type "Double"]       3.4449180000000004e+00
   &FOCKSTART [&Type "Double"]       4.9093900000000668e-01
   &SOLV [&Type "Double"]       6.1077030000000008e+00
   &SOLV_INIT [&Type "Double"]       5.0536200000000009e-01
   &INT_PREP [&Type "Double"]       4.0000000023354687e-06
   &INT_BF [&Type "Double"]       1.0635759999999692e+00
   &INT_DENS [&Type "Double"]       7.1193099999993503e-01
   &INT_DENSIO [&Type "Double"]       4.2351904064000082e+04
   &INT_FUNC [&Type "Double"]       1.4903199999999295e-01
   &INT_POT [&Type "Double"]       5.1846299999988954e-01
   &INT_POTIO [&Type "Double"]       4.2790000000082706e-02
   &INT_SUM [&Type "Double"]       1.3470000000133098e-03
   &SPLITRIJ [&Type "Double"]       4.8915429999999969e+00
   &COSX [&Type "Double"]       2.1277486999999997e+01
$End
$Single_Point_Data
   &GeometryIndex 12
   &FinalEnergy [&Type "Double"]      -1.2546658524181523e+03  "Final single point energy"
   &Converged [&Type "Boolean"] true
$End
$SCF_Nuc_Gradient
   &GeometryIndex 12
   &NAtoms [&Type "Integer"] 33
   &gradNorm [&Type "Double"]       1.5121020179827609e-03
   &grad [&Type "ArrayOfDoubles", &Dim (99,1)] 
                                                         0

0                                     -6.0740686075075323e-05
1                                      4.4236731129883647e-05
2                                      1.4086934808183946e-05
3                                      3.7888849210854225e-06
4                                     -7.2827711699266495e-05
5                                      1.2920285878743887e-05
6                                     -3.5002111049203810e-05
7                                      5.4782966508182263e-05
8                                     -1.5022861416996713e-05
9                                      1.1069713213338050e-05
10                                    -2.1878012013920589e-05
11                                     2.3384090880075592e-06
12                                     4.4328312585023566e-05
13                                     3.7730538366198552e-05
14                                    -6.3578685662191853e-06
15                                    -7.3692152623067164e-05
16                                    -8.0729450207976672e-05
17                                     3.4733678290273240e-05
18                                     1.9251919390478323e-06
19                                     1.1883000240855979e-04
20                                     1.3367752267355940e-04
21                                    -6.5896421510502901e-05
22                                    -2.5014664518522092e-05
23                                    -1.6966238650576240e-04
24                                     2.0369423753896498e-04
25                                    -1.3476226075398445e-04
26                                     2.2981012954438607e-04
27                                    -1.4618098268701085e-04
28                                    -3.5201363711531708e-05
29                                     9.2010091483671341e-05
30                                     2.2202079065218594e-04
31                                     1.7442158829816465e-04
32                                    -1.5734893976184633e-04
33                                    -2.6844240292630585e-04
34                                     1.6716521667046319e-05
35                                     1.2143110870792284e-04
36                                     5.5361801697649191e-04
37                                    -3.9602875012622468e-04
38                                     4.7791825624294085e-04
39                                    -2.2709579291951831e-04
40                                     3.1544253159010438e-04
41                                    -2.8072824996919210e-04
42                                     5.3784087123198709e-05
43                                    -1.3386886034399970e-04
44                                     1.3508747866028403e-04
45                                    -1.5514863466881135e-04
46                                     2.4643934593093775e-04
47                                    -7.3493331210767836e-04
48                                    -1.2234271555056075e-05
49                                    -1.1089946760978187e-04
50                                     4.0571641584129150e-04
51                                    -9.4678054478214424e-05
52                                    -3.2716140473704192e-05
53                                    -7.1803692350339010e-05
54                                    -1.0210139971035537e-04
55                                    -9.0365641886303028e-06
56                                    -6.3480211205273196e-05
57                                     5.0850128164303676e-05
58                                    -1.2047656740024615e-05
59                                     3.9034883650690671e-05
60                                    -5.9876842463335578e-05
61                                     1.5553023101577690e-05
62                                    -2.6953270140784441e-05
63                                     4.8474362515066316e-05
64                                    -6.2846794094406633e-06
65                                     9.9703181060065843e-06
66                                     1.7051354728916945e-05
67                                    -1.0098055766238900e-05
68                                     3.2849227362130584e-06
69                                     8.3757120446364963e-06
70                                    -2.9258345147525899e-05
71                                    -1.2722741117798808e-05
72                                     1.1464926601020831e-05
73                                    -5.6000298361696954e-06
74                                     4.1377854758800625e-06
75                                    -1.0867084301383056e-05
76                                    -1.1386862672713161e-05
77                                     1.7375446729816363e-05
78                                     5.0966605561808542e-05
79                                     1.3171302721409761e-05
80                                    -4.1169487425204987e-06
81                                    -8.4078405371980358e-05
82                                     3.8720483163334762e-05
83                                    -1.5577557159569128e-04
84                                     2.0079582827237097e-05
85                                     7.1200113381381103e-06
86                                    -2.3913219645753381e-05
87                                     9.0925023315813203e-06
88                                     2.7613952808314135e-05
89                                    -3.6127239142258460e-05
90                                     7.7507687690880900e-05
91                                    -2.2684430473013384e-05
92                                     2.2552608783928119e-05
93                                     1.4865447013345801e-06
94                                     1.7800223874736565e-05
95                                     6.5863813013579409e-06
96                                     6.4566020850226336e-06
97                                     2.1744106107030037e-05
98                                    -3.7261440499944919e-06
   &Method [&Type "String"] "SCF"
   &Level [&Type "String"] "Relaxed density"
   &Mult [&Type "Integer"] 1
   &State [&Type "Integer"] 0
   &Irrep [&Type "Integer"] 0
$End
$Geometry
   &GeometryIndex 13
   &NAtoms [&Type "Integer"] 33
   &NCorelessECP [&Type "Integer"] 0
   &NGhostAtoms [&Type "Integer"] 0
   &CartesianCoordinates [&Type "Coordinates", &Dim(33,4), &Units "Bohr"] 
              C     -8.871489456500    4.627241878374   -0.035936464359
              C     -6.037353882875    4.504742296639    0.072453435132
              N     -4.966920585557    2.277320255506    0.420296229933
              C     -2.393984551152    2.132525087603    0.523030172229
              C     -1.240585164834   -0.254087241823    0.890077018798
              C      1.334586888653   -0.477667568479    1.007987865085
              C      2.936360162223    1.671715555982    0.765830989031
              C      5.682799846892    1.430033005012    0.901720588988
              C      7.433858000227    3.277176008573    1.510247336422
              C      9.931670235027    2.424966106453    1.453848918150
              C     10.187886664113   -0.109677983336    0.807255218715
              C     12.543727725231   -1.359136143055    0.663225982726
              C     13.134507033552   -3.822643389135    0.095219445626
              C     11.327193035304   -5.717923089282   -0.501143292175
              N      9.883168831365   -7.287845029649   -0.984322365277
              C     15.708274168211   -4.606309148401    0.087928312302
              N     17.797039984977   -5.253974127033    0.098306230536
              S      7.184277859659   -1.440389636714    0.238175485172
              C      1.834062561772    4.019767065510    0.396926994400
              C     -0.811983018937    4.297197593606    0.275511706217
              C     -2.020117690865    6.660157420068   -0.103277502663
              C     -4.596463421921    6.761985415865   -0.201410713513
              H     -9.683081206211    2.755289600490    0.220881206645
              H     -9.503052033795    5.385281615800   -1.851004189253
              H     -9.608420288830    5.882189839242    1.430038010604
              H     -2.445266321313   -1.896135741763    1.089794573749
              H      2.159720256051   -2.323001863365    1.329396715691
              H      6.908598386949    5.182317792242    2.023445010123
              H     11.548174957782    3.597448852236    1.894252619867
              H     14.144205546987   -0.145785336542    1.077553523138
              H      2.996718278933    5.687311989748    0.157446123769
              H     -0.886745098482    8.354918284621   -0.306329285878
              H     -5.567218701446    8.541073716174   -0.485792579903
$End
$SCF_Energy
   &GeometryIndex 13
   &Method [&Type "String"] "SCF"
   &totalEnergy [&Type "ArrayOfDoubles", &Dim (1,1)] "Total energy of each state"
                                                         0

0                                     -1.2546658552212432e+03
   &Mult [&Type "ArrayOfIntegers", &Dim (1,1)] "Multiplicity of each state"
                                                         0

0                                                        1
$End
$DFT_Energy
   &GeometryIndex 13
   &nAlphaEl [&Type "Integer"] 78
   &nBetaEl [&Type "Integer"] 78
   &nTotalEl [&Type "Integer"] 156
   &finalEn [&Type "Double"]      -1.2546658552212432e+03  "No Van der Waals correction"
   &eExchange [&Type "Double"]      -1.1289427629135923e+02
   &eCorr [&Type "Double"]      -6.3810441891384437e+00
   &eXC [&Type "Double"]      -1.1927532048049768e+02
   &eCNL [&Type "Double"]       0.0000000000000000e+00
$End
$Solvation_Details
   &GeometryIndex 13
   &Solvent [&Type "String"] "TETRAHYDROFURAN"
   &Epsilon [&Type "Double"]       7.5650000000000004e+00
   &Refrac [&Type "Double"]       1.4050000000000000e+00
   &RSolv [&Type "Double"]       1.3000000000000000e+00
   &SurfaceType [&Type "String"] "GAUSSIAN VDW"
   &CPCMDielEnergy [&Type "Double"]      -2.7493465000000002e-02
   &NPoints [&Type "Integer"] 3322
   &SurfaceArea [&Type "Double"]       1.2291477009549999e+03
$End
$SCF_Timings
   &GeometryIndex 13
   &TOTAL [&Type "Double"]       4.4635695999999996e+01
   &PREP [&Type "Double"]       2.1957700000000000e+00
   &FOCK [&Type "Double"]       3.6677167999999995e+01
   &DENS [&Type "Double"]       1.1459710000000030e+00
   &ETOT [&Type "Double"]       9.3862599999999663e-01
   &TRAFO [&Type "Double"]       4.2082399999999787e-01
   &DIIS [&Type "Double"]       9.4757300000000022e-01
   &SOSCF [&Type "Double"]       1.6056470000000029e+00
   &XC [&Type "Double"]       3.3448539999999962e+00
   &FOCKSTART [&Type "Double"]       4.8238200000000431e-01
   &SOLV [&Type "Double"]       6.0384599999999962e+00
   &SOLV_INIT [&Type "Double"]       5.0718400000000008e-01
   &INT_PREP [&Type "Double"]       9.9999999747524271e-07
   &INT_BF [&Type "Double"]       1.0448340000000060e+00
   &INT_DENS [&Type "Double"]       7.0425700000007829e-01
   &INT_DENSIO [&Type "Double"]       4.3291860168000072e+04
   &INT_FUNC [&Type "Double"]       1.4978200000010933e-01
   &INT_POT [&Type "Double"]       4.7146699999999342e-01
   &INT_POTIO [&Type "Double"]       4.2805999999924182e-02
   &INT_SUM [&Type "Double"]       1.1459999999976489e-03
   &SPLITRIJ [&Type "Double"]       4.7412910000000013e+00
   &COSX [&Type "Double"]       2.2323940999999994e+01
$End
$Single_Point_Data
   &GeometryIndex 13
   &FinalEnergy [&Type "Double"]      -1.2546658552212432e+03  "Final single point energy"
   &Converged [&Type "Boolean"] true
$End
$SCF_Nuc_Gradient
   &GeometryIndex 13
   &NAtoms [&Type "Integer"] 33
   &gradNorm [&Type "Double"]       1.1489768690056436e-03
   &grad [&Type "ArrayOfDoubles", &Dim (99,1)] 
                                                         0

0                                     -6.8275623802543928e-06
1                                      2.9377848982652111e-05
2                                      2.0877916203470171e-05
3                                     -4.7776711514263548e-05
4                                     -7.2050538992632363e-05
5                                      1.2707725434511763e-05
6                                      5.9539045693668413e-07
7                                      2.9094647610028446e-05
8                                     -1.2576493385658971e-05
9                                      8.9424083079409078e-06
10                                     1.6315488668428024e-07
11                                    -6.1851810216027869e-06
12                                     1.7147706191988910e-05
13                                     1.5588896024737453e-05
14                                     4.2589090443155564e-06
15                                    -4.7408746104649069e-05
16                                    -3.9237140777657886e-05
17                                     1.8586429282665962e-06
18                                     7.1107654882870963e-05
19                                     8.4766888699683296e-05
20                                     3.3056157631872890e-05
21                                    -3.8734847083166102e-05
22                                    -6.2924551335592424e-05
23                                    -5.5423922295457645e-05
24                                     1.0303736083407122e-04
25                                    -2.4345955784238482e-05
26                                     8.5829233035648878e-05
27                                    -1.0214863695127974e-04
28                                     3.7020828566172725e-05
29                                     4.0326363244205798e-05
30                                     2.1321422804047169e-04
31                                    -6.3478912251915126e-05
32                                    -1.2384801579889970e-04
33                                    -7.9008287520429543e-05
34                                     2.2784064086591414e-04
35                                     8.7315214961317111e-05
36                                     1.1485710261912446e-04
37                                    -3.5114455967173025e-04
38                                     4.0878160806132394e-04
39                                    -3.3383075411286267e-05
40                                     1.6356479489698650e-04
41                                    -2.6943483614376429e-04
42                                     3.1055561013682009e-05
43                                    -5.7950816148066853e-05
44                                     1.4133147921241429e-04
45                                    -6.7999666049423091e-05
46                                     1.9991977605739175e-04
47                                    -6.7531766515401773e-04
48                                    -4.2390939199998812e-06
49                                    -1.0127198113482616e-04
50                                     3.8248884300749958e-04
51                                    -1.1172860067204526e-04
52                                    -1.1119007027077243e-05
53                                     1.0035936134508705e-05
54                                    -7.0663289145775354e-05
55                                    -2.3422229695438390e-05
56                                    -1.9314103706369323e-05
57                                     5.1869796456535666e-05
58                                    -5.9130615648050888e-06
59                                     1.9446266120139166e-05
60                                    -5.0486307871633329e-05
61                                     2.4486872079648725e-05
62                                    -1.5842304292055381e-05
63                                     5.1998858529717085e-05
64                                     1.0288467712657456e-05
65                                     1.0687326206652512e-05
66                                     8.0163514699915783e-06
67                                    -9.7949642339223431e-06
68                                     5.5419976428341955e-06
69                                     4.3460864409400335e-07
70                                    -1.7570806291056229e-05
71                                    -9.2427500110736638e-06
72                                     9.1171641515563895e-07
73                                     2.3866537701561219e-06
74                                    -4.4620157715058451e-06
75                                    -5.2813567294612840e-06
76                                    -1.7148211259032653e-06
77                                     6.4414492013491198e-06
78                                     1.7782632851223723e-05
79                                     1.3758894193971472e-06
80                                    -1.6509483947990677e-07
81                                    -4.3317557921473959e-05
82                                     4.2885870265574333e-06
83                                    -2.9153363443210067e-05
84                                     1.7077538354753896e-05
85                                    -8.3920711283630434e-06
86                                    -1.5462940128781189e-05
87                                    -2.9264779416060538e-05
88                                     1.4116200262107026e-05
89                                    -3.6632086541407705e-05
90                                     2.6601858470656770e-05
91                                    -5.9943001766982196e-06
92                                    -3.3872558307529443e-07
93                                     1.4071233350732015e-07
94                                     4.1786256876064076e-06
95                                     3.4949716472658376e-06
96                                     3.4770687571961112e-06
97                                     7.8669749090931607e-06
98                                    -1.0805393691225903e-06
   &Method [&Type "String"] "SCF"
   &Level [&Type "String"] "Relaxed density"
   &Mult [&Type "Integer"] 1
   &State [&Type "Integer"] 0
   &Irrep [&Type "Integer"] 0
$End
$Geometry
   &GeometryIndex 14
   &NAtoms [&Type "Integer"] 33
   &NCorelessECP [&Type "Integer"] 0
   &NGhostAtoms [&Type "Integer"] 0
   &CartesianCoordinates [&Type "Coordinates", &Dim(33,4), &Units "Bohr"] 
              C     -8.871276964865    4.626515209969   -0.038550737768
              C     -6.037205661340    4.504293139013    0.071195853413
              N     -4.966651151911    2.276558884716    0.417230715298
              C     -2.393804101871    2.132164867043    0.521474702392
              C     -1.240090899273   -0.254517341462    0.886921558917
              C      1.335065490779   -0.477505724953    1.006594461963
              C      2.936678579949    1.672269161887    0.767383105380
              C      5.683090776538    1.430853467921    0.904420298713
              C      7.434835696564    3.278967541836    1.508210030871
              C      9.932521298803    2.425890927015    1.452293475865
              C     10.187652844082   -0.110131793647    0.810561347193
              C     12.543439435910   -1.359577123323    0.662889932517
              C     13.133298150367   -3.823369062491    0.096053587765
              C     11.325403506893   -5.720548158035   -0.492811780794
              N      9.879831669561   -7.290904777401   -0.970030911151
              C     15.707680021037   -4.605915112725    0.082808424692
              N     17.796856890423   -5.252251019827    0.087420784700
              S      7.183770571073   -1.441196507426    0.246070993061
              C      1.834035120445    4.020470271673    0.400074836240
              C     -0.812038037795    4.297344676258    0.277115539999
              C     -2.020265021501    6.660477362444   -0.099800981919
              C     -4.596626273635    6.762023864794   -0.199331239722
              H     -9.682868604665    2.753915824184    0.213362010566
              H     -9.501988365253    5.389005089360   -1.852028561614
              H     -9.609207837933    5.877813183936    1.430056668614
              H     -2.444427377515   -1.897089106868    1.084003412449
              H      2.159982404573   -2.323107162727    1.326845619617
              H      6.910825800692    5.184924511572    2.019454769030
              H     11.549539570950    3.598935791865    1.889130500371
              H     14.144714647177   -0.145723857227    1.072639900465
              H      2.995979737478    5.688751758687    0.162794839839
              H     -0.887022608814    8.355562784974   -0.300510881756
              H     -5.567580305731    8.541181510127   -0.482308955178
$End
$SCF_Mulliken_Population_Analysis
   &GeometryIndex 14
   &NAtoms [&Type "Integer"] 33
   &ATNO [&Type "ArrayOfIntegers", &Dim (33,1)] 
                                                         0

0                                                        6
1                                                        6
2                                                        7
3                                                        6
4                                                        6
5                                                        6
6                                                        6
7                                                        6
8                                                        6
9                                                        6
10                                                       6
11                                                       6
12                                                       6
13                                                       6
14                                                       7
15                                                       6
16                                                       7
17                                                      16
18                                                       6
19                                                       6
20                                                       6
21                                                       6
22                                                       1
23                                                       1
24                                                       1
25                                                       1
26                                                       1
27                                                       1
28                                                       1
29                                                       1
30                                                       1
31                                                       1
32                                                       1
   &AtomicCharges [&Type "ArrayOfDoubles", &Dim (33,1)] 
                                                         0

0                                     -6.2794924376926708e-01
1                                      9.4630918693207278e-02
2                                     -1.7017071487242497e-01
3                                      1.6610636150471425e-01
4                                     -3.0494877738936133e-01
5                                     -1.5116853477174974e-01
6                                      1.1324723089276389e-01
7                                     -3.6575029553406235e-01
8                                     -1.2199669185415640e-01
9                                     -1.7514284370114819e-01
10                                    -1.4295597454945685e-01
11                                    -7.3401683705382581e-02
12                                    -1.7760810637582036e-01
13                                     1.6622621818126948e-01
14                                    -2.0612732953787205e-01
15                                     6.1112124496971454e-02
16                                    -2.2441524280165570e-01
17                                     1.7789829181751671e-01
18                                    -1.8252925934539910e-01
19                                    -4.7721785418211482e-02
20                                    -2.5899877482285572e-01
21                                    -1.6826331485048218e-01
22                                     1.9940087011526098e-01
23                                     1.9756451831115984e-01
24                                     1.9729036309171055e-01
25                                     2.2517282605843914e-01
26                                     2.5880274282488647e-01
27                                     2.5336766473361605e-01
28                                     2.5099017567688819e-01
29                                     2.6493654220304608e-01
30                                     2.8173576650792087e-01
31                                     2.4572684543071011e-01
32                                     2.4493911275905988e-01
   &Method [&Type "String"] "SCF"
   &Level [&Type "String"] "Relaxed density"
   &Mult [&Type "Integer"] 1
   &State [&Type "Integer"] -1
   &Irrep [&Type "Integer"] 0
$End
$SCF_Loewdin_Population_Analysis
   &GeometryIndex 14
   &NAtoms [&Type "Integer"] 33
   &ATNO [&Type "ArrayOfIntegers", &Dim (33,1)] 
                                                         0

0                                                        6
1                                                        6
2                                                        7
3                                                        6
4                                                        6
5                                                        6
6                                                        6
7                                                        6
8                                                        6
9                                                        6
10                                                       6
11                                                       6
12                                                       6
13                                                       6
14                                                       7
15                                                       6
16                                                       7
17                                                      16
18                                                       6
19                                                       6
20                                                       6
21                                                       6
22                                                       1
23                                                       1
24                                                       1
25                                                       1
26                                                       1
27                                                       1
28                                                       1
29                                                       1
30                                                       1
31                                                       1
32                                                       1
   &AtomicCharges [&Type "ArrayOfDoubles", &Dim (33,1)] 
                                                         0

0                                     -4.1543756241529017e-01
1                                      2.3218111726906798e-02
2                                     -2.0130784659084267e-01
3                                      2.2795112451906796e-02
4                                     -1.4464875550421041e-01
5                                     -1.4820673420349983e-01
6                                     -8.3179506417440763e-02
7                                     -2.0392667429125844e-01
8                                     -1.9050623715076220e-01
9                                     -1.3457722668648042e-01
10                                    -2.7229007221047841e-01
11                                    -5.1252328514554968e-02
12                                    -1.6004355304672924e-01
13                                     3.5869005705683854e-02
14                                    -1.6868931556677413e-01
15                                     5.1387529933250242e-02
16                                    -1.8263175626881356e-01
17                                     6.2029931590422827e-01
18                                    -1.1372531007468467e-01
19                                    -6.2086238650204351e-02
20                                    -1.0207832365948022e-01
21                                    -1.6899708193642660e-01
22                                     1.6778875075389310e-01
23                                     1.7540434421028017e-01
24                                     1.7519377985350393e-01
25                                     1.8449810883357798e-01
26                                     1.8127784086623511e-01
27                                     1.9357603552872937e-01
28                                     1.9687353898728310e-01
29                                     2.1410029746121473e-01
30                                     1.8917324244659695e-01
31                                     1.8652184802994709e-01
32                                     1.8560766049445665e-01
   &Method [&Type "String"] "SCF"
   &Level [&Type "String"] "Relaxed density"
   &Mult [&Type "Integer"] 1
   &State [&Type "Integer"] -1
   &Irrep [&Type "Integer"] 0
$End
$SCF_Mayer_Population_Analysis
   &GeometryIndex 14
   &NAtoms [&Type "Integer"] 33 "Total number of atoms"
   &NBondOrdersPrint [&Type "Integer"] 38 "The number of bond orders larger than threshold"
   &bondThresh [&Type "Double"]       1.0000000000000001e-01  "The threshold for printing"
   &components [&Type "ArrayOfIntegers", &Dim (38,4)] "The indices and atomic numbers of the bonding atoms"
                                                         0                           1                           2                           3

0                                                        0                           6                           1                           6
1                                                        0                           6                          22                           1
2                                                        0                           6                          23                           1
3                                                        0                           6                          24                           1
4                                                        1                           6                           2                           7
5                                                        1                           6                          21                           6
6                                                        2                           7                           3                           6
7                                                        3                           6                           4                           6
8                                                        3                           6                          19                           6
9                                                        4                           6                           5                           6
10                                                       4                           6                          25                           1
11                                                       5                           6                           6                           6
12                                                       5                           6                          26                           1
13                                                       6                           6                           7                           6
14                                                       6                           6                          17                          16
15                                                       6                           6                          18                           6
16                                                       7                           6                           8                           6
17                                                       7                           6                          10                           6
18                                                       7                           6                          17                          16
19                                                       8                           6                           9                           6
20                                                       8                           6                          27                           1
21                                                       9                           6                          10                           6
22                                                       9                           6                          28                           1
23                                                      10                           6                          11                           6
24                                                      10                           6                          17                          16
25                                                      11                           6                          12                           6
26                                                      11                           6                          17                          16
27                                                      11                           6                          29                           1
28                                                      12                           6                          13                           6
29                                                      12                           6                          15                           6
30                                                      13                           6                          14                           7
31                                                      15                           6                          16                           7
32                                                      18                           6                          19                           6
33                                                      18                           6                          30                           1
34                                                      19                           6                          20                           6
35                                                      20                           6                          21                           6
36                                                      20                           6                          31                           1
37                                                      21                           6                          32                           1
   &BondOrders [&Type "ArrayOfDoubles", &Dim (38,1)] "The bond orders"
                                                         0

0                                      8.5369545783869061e-01
1                                      9.8960346235726682e-01
2                                      9.5200638874554722e-01
3                                      9.5281941164875106e-01
4                                      1.6796404027280318e+00
5                                      1.2307922587716882e+00
6                                      1.4166825308285220e+00
7                                      1.3771036379079493e+00
8                                      1.1230863809508951e+00
9                                      1.7668296782870700e+00
10                                     8.6289472387490451e-01
11                                     1.2711280494714401e+00
12                                     8.3337846132419990e-01
13                                     8.7519518093044069e-01
14                                    -1.9105474408539019e-01
15                                     1.5083281529994252e+00
16                                     1.5075305424114400e+00
17                                     1.0081439449235340e-01
18                                     1.3566118911681280e+00
19                                     1.4618224036793137e+00
20                                     8.6582380321008012e-01
21                                     1.4104935213391072e+00
22                                     8.9412973679789820e-01
23                                     1.2517852558575395e+00
24                                     1.2341524403796051e+00
25                                     1.4811982135381381e+00
26                                    -1.5238750452513999e-01
27                                     8.8997277221470894e-01
28                                     9.6379969911950669e-01
29                                     1.0333738980981584e+00
30                                     2.9864064443429150e+00
31                                     2.9936508080419655e+00
32                                     1.3690990367805616e+00
33                                     8.2753164720758499e-01
34                                     1.2913661019380971e+00
35                                     1.7059132691639087e+00
36                                     9.1584001863031450e-01
37                                     8.6960993555578725e-01
   &ATNO [&Type "ArrayOfIntegers", &Dim (33,1)] "Atomic number of the elements"
                                                         0

0                                                        6
1                                                        6
2                                                        7
3                                                        6
4                                                        6
5                                                        6
6                                                        6
7                                                        6
8                                                        6
9                                                        6
10                                                       6
11                                                       6
12                                                       6
13                                                       6
14                                                       7
15                                                       6
16                                                       7
17                                                      16
18                                                       6
19                                                       6
20                                                       6
21                                                       6
22                                                       1
23                                                       1
24                                                       1
25                                                       1
26                                                       1
27                                                       1
28                                                       1
29                                                       1
30                                                       1
31                                                       1
32                                                       1
   &NA [&Type "ArrayOfDoubles", &Dim (33,1)] "Mulliken gross atomic population"
                                                         0

0                                      6.6279492437692742e+00
1                                      5.9053690813067936e+00
2                                      7.1701707148724303e+00
3                                      5.8338936384952831e+00
4                                      6.3049487773893622e+00
5                                      6.1511685347717533e+00
6                                      5.8867527691072352e+00
7                                      6.3657502955340615e+00
8                                      6.1219966918541591e+00
9                                      6.1751428437011509e+00
10                                     6.1429559745494551e+00
11                                     6.0734016837053808e+00
12                                     6.1776081063758177e+00
13                                     5.8337737818187296e+00
14                                     7.2061273295378729e+00
15                                     5.9388878755030303e+00
16                                     7.2244152428016557e+00
17                                     1.5822101708182480e+01
18                                     6.1825292593454044e+00
19                                     6.0477217854182133e+00
20                                     6.2589987748228548e+00
21                                     6.1682633148504822e+00
22                                     8.0059912988473902e-01
23                                     8.0243548168884027e-01
24                                     8.0270963690828978e-01
25                                     7.7482717394156075e-01
26                                     7.4119725717511364e-01
27                                     7.4663233526638384e-01
28                                     7.4900982432311192e-01
29                                     7.3506345779695403e-01
30                                     7.1826423349207902e-01
31                                     7.5427315456929012e-01
32                                     7.5506088724094034e-01
   &ZA [&Type "ArrayOfDoubles", &Dim (33,1)] "Total nuclear charge"
                                                         0

0                                      6.0000000000000000e+00
1                                      6.0000000000000000e+00
2                                      7.0000000000000000e+00
3                                      6.0000000000000000e+00
4                                      6.0000000000000000e+00
5                                      6.0000000000000000e+00
6                                      6.0000000000000000e+00
7                                      6.0000000000000000e+00
8                                      6.0000000000000000e+00
9                                      6.0000000000000000e+00
10                                     6.0000000000000000e+00
11                                     6.0000000000000000e+00
12                                     6.0000000000000000e+00
13                                     6.0000000000000000e+00
14                                     7.0000000000000000e+00
15                                     6.0000000000000000e+00
16                                     7.0000000000000000e+00
17                                     1.6000000000000000e+01
18                                     6.0000000000000000e+00
19                                     6.0000000000000000e+00
20                                     6.0000000000000000e+00
21                                     6.0000000000000000e+00
22                                     1.0000000000000000e+00
23                                     1.0000000000000000e+00
24                                     1.0000000000000000e+00
25                                     1.0000000000000000e+00
26                                     1.0000000000000000e+00
27                                     1.0000000000000000e+00
28                                     1.0000000000000000e+00
29                                     1.0000000000000000e+00
30                                     1.0000000000000000e+00
31                                     1.0000000000000000e+00
32                                     1.0000000000000000e+00
   &QA [&Type "ArrayOfDoubles", &Dim (33,1)] "Mulliken gross atomic charge"
                                                         0

0                                     -6.2794924376927419e-01
1                                      9.4630918693206389e-02
2                                     -1.7017071487243030e-01
3                                      1.6610636150471692e-01
4                                     -3.0494877738936221e-01
5                                     -1.5116853477175329e-01
6                                      1.1324723089276478e-01
7                                     -3.6575029553406146e-01
8                                     -1.2199669185415907e-01
9                                     -1.7514284370115085e-01
10                                    -1.4295597454945508e-01
11                                    -7.3401683705380805e-02
12                                    -1.7760810637581770e-01
13                                     1.6622621818127037e-01
14                                    -2.0612732953787294e-01
15                                     6.1112124496969678e-02
16                                    -2.2441524280165570e-01
17                                     1.7789829181752026e-01
18                                    -1.8252925934540443e-01
19                                    -4.7721785418213258e-02
20                                    -2.5899877482285483e-01
21                                    -1.6826331485048218e-01
22                                     1.9940087011526098e-01
23                                     1.9756451831115973e-01
24                                     1.9729036309171022e-01
25                                     2.2517282605843925e-01
26                                     2.5880274282488636e-01
27                                     2.5336766473361616e-01
28                                     2.5099017567688808e-01
29                                     2.6493654220304597e-01
30                                     2.8173576650792098e-01
31                                     2.4572684543070988e-01
32                                     2.4493911275905966e-01
   &VA [&Type "ArrayOfDoubles", &Dim (33,1)] "Mayer's total valence"
                                                         0

0                                      3.7057096693280513e+00
1                                      3.7759990603427913e+00
2                                      3.1444908248562400e+00
3                                      3.8118302567720272e+00
4                                      4.1440473857368385e+00
5                                      3.9470985255192765e+00
6                                      3.5762918896752454e+00
7                                      3.9651128675939904e+00
8                                      3.9257885687302192e+00
9                                      4.0001373400037563e+00
10                                     4.0365776530329951e+00
11                                     3.7695510413564062e+00
12                                     3.6360990911161299e+00
13                                     3.9168847468515606e+00
14                                     3.1102290863771747e+00
15                                     4.1375072719264265e+00
16                                     3.1076006169857573e+00
17                                     2.5780820661464041e+00
18                                     3.7927269128218439e+00
19                                     3.8400282556435696e+00
20                                     4.0384856398959776e+00
21                                     3.8461962868291075e+00
22                                     9.5939655280477487e-01
23                                     9.3393971956184785e-01
24                                     9.3402922636863739e-01
25                                     9.4721286574127439e-01
26                                     9.0577605619201174e-01
27                                     9.0380705506183190e-01
28                                     9.0455068353601920e-01
29                                     8.9776920676834970e-01
30                                     8.7468982028171904e-01
31                                     9.0392117754271895e-01
32                                     9.0999672497291240e-01
   &BVA [&Type "ArrayOfDoubles", &Dim (33,1)] "Mayer's bonded valence"
                                                         0

0                                      3.7057096693279878e+00
1                                      3.7759990603428100e+00
2                                      3.1444908248562040e+00
3                                      3.8118302567719522e+00
4                                      4.1440473857369291e+00
5                                      3.9470985255193844e+00
6                                      3.5762918896755274e+00
7                                      3.9651128675940548e+00
8                                      3.9257885687301664e+00
9                                      4.0001373400036551e+00
10                                     4.0365776530328787e+00
11                                     3.7695510413562787e+00
12                                     3.6360990911161348e+00
13                                     3.9168847468515819e+00
14                                     3.1102290863772026e+00
15                                     4.1375072719265074e+00
16                                     3.1076006169858585e+00
17                                     2.5780820661463224e+00
18                                     3.7927269128217866e+00
19                                     3.8400282556437269e+00
20                                     4.0384856398961091e+00
21                                     3.8461962868290760e+00
22                                     9.5939655280476777e-01
23                                     9.3393971956183630e-01
24                                     9.3402922636862895e-01
25                                     9.4721286574127828e-01
26                                     9.0577605619205948e-01
27                                     9.0380705506182113e-01
28                                     9.0455068353599222e-01
29                                     8.9776920676832750e-01
30                                     8.7468982028168962e-01
31                                     9.0392117754275725e-01
32                                     9.0999672497288053e-01
   &FA [&Type "ArrayOfDoubles", &Dim (33,1)] "Mayer's free valence"
                                                         0

0                                      0.0000000000000000e+00
1                                      0.0000000000000000e+00
2                                      0.0000000000000000e+00
3                                      0.0000000000000000e+00
4                                      0.0000000000000000e+00
5                                      0.0000000000000000e+00
6                                      0.0000000000000000e+00
7                                      0.0000000000000000e+00
8                                      0.0000000000000000e+00
9                                      0.0000000000000000e+00
10                                     0.0000000000000000e+00
11                                     0.0000000000000000e+00
12                                     0.0000000000000000e+00
13                                     0.0000000000000000e+00
14                                     0.0000000000000000e+00
15                                     0.0000000000000000e+00
16                                     0.0000000000000000e+00
17                                     0.0000000000000000e+00
18                                     0.0000000000000000e+00
19                                     0.0000000000000000e+00
20                                     0.0000000000000000e+00
21                                     0.0000000000000000e+00
22                                     0.0000000000000000e+00
23                                     0.0000000000000000e+00
24                                     0.0000000000000000e+00
25                                     0.0000000000000000e+00
26                                     0.0000000000000000e+00
27                                     0.0000000000000000e+00
28                                     0.0000000000000000e+00
29                                     0.0000000000000000e+00
30                                     0.0000000000000000e+00
31                                     0.0000000000000000e+00
32                                     0.0000000000000000e+00
   &Method [&Type "String"] "SCF"
   &Level [&Type "String"] "Relaxed density"
   &Mult [&Type "Integer"] 1
   &State [&Type "Integer"] -1
   &Irrep [&Type "Integer"] 0
$End
$SCF_Energy
   &GeometryIndex 14
   &Method [&Type "String"] "SCF"
   &totalEnergy [&Type "ArrayOfDoubles", &Dim (1,1)] "Total energy of each state"
                                                         0

0                                     -1.2546658554148592e+03
   &Mult [&Type "ArrayOfIntegers", &Dim (1,1)] "Multiplicity of each state"
                                                         0

0                                                        1
$End
$DFT_Energy
   &GeometryIndex 14
   &nAlphaEl [&Type "Integer"] 78
   &nBetaEl [&Type "Integer"] 78
   &nTotalEl [&Type "Integer"] 156
   &finalEn [&Type "Double"]      -1.2546658554148592e+03  "No Van der Waals correction"
   &eExchange [&Type "Double"]      -1.1289429796480459e+02
   &eCorr [&Type "Double"]      -6.3810482898845402e+00
   &eXC [&Type "Double"]      -1.1927534625468914e+02
   &eCNL [&Type "Double"]       0.0000000000000000e+00
$End
$Solvation_Details
   &GeometryIndex 14
   &Solvent [&Type "String"] "TETRAHYDROFURAN"
   &Epsilon [&Type "Double"]       7.5650000000000004e+00
   &Refrac [&Type "Double"]       1.4050000000000000e+00
   &RSolv [&Type "Double"]       1.3000000000000000e+00
   &SurfaceType [&Type "String"] "GAUSSIAN VDW"
   &CPCMDielEnergy [&Type "Double"]      -2.7492322999999999e-02
   &NPoints [&Type "Integer"] 3321
   &SurfaceArea [&Type "Double"]       1.2290992915280001e+03
$End
$SCF_Timings
   &GeometryIndex 14
   &TOTAL [&Type "Double"]       3.2786951000000002e+01
   &PREP [&Type "Double"]       2.1212200000000001e+00
   &FOCK [&Type "Double"]       2.6729514999999999e+01
   &DENS [&Type "Double"]       7.8431300000000093e-01
   &ETOT [&Type "Double"]       6.2259899999999391e-01
   &POP [&Type "Double"]       4.0203899999999493e-01
   &TRAFO [&Type "Double"]       2.0305000000000462e-01
   &DIIS [&Type "Double"]       2.6897199999999977e-01
   &SOSCF [&Type "Double"]       1.1669699999999956e+00
   &XC [&Type "Double"]       2.2263010000000012e+00
   &FOCKSTART [&Type "Double"]       2.5887299999999813e-01
   &SOLV [&Type "Double"]       4.0303230000000019e+00
   &SOLV_INIT [&Type "Double"]       5.0091199999999980e-01
   &INT_PREP [&Type "Double"]       1.0000000010279564e-06
   &INT_BF [&Type "Double"]       6.6136500000003551e-01
   &INT_DENS [&Type "Double"]       4.7484199999994381e-01
   &INT_DENSIO [&Type "Double"]       2.1047575448000011e+04
   &INT_FUNC [&Type "Double"]       9.4766000000006123e-02
   &INT_POT [&Type "Double"]       3.6537700000007867e-01
   &INT_POTIO [&Type "Double"]       3.2164999999977795e-02
   &INT_SUM [&Type "Double"]       5.5000000000227089e-04
   &SPLITRIJ [&Type "Double"]       3.0210119999999998e+00
   &COSX [&Type "Double"]       1.8171197000000003e+01
$End
$Single_Point_Data
   &GeometryIndex 14
   &FinalEnergy [&Type "Double"]      -1.2546658554148592e+03  "Final single point energy"
   &Converged [&Type "Boolean"] true
$End
$SCF_Dipole_Moment
   &GeometryIndex 14
   &dipoleMagnitude [&Type "Double", &Units "a.u."]       5.3888922348581341e+00
   &dipoleElecContrib [&Type "ArrayOfDoubles", &Dim (3,1)] "Electronic contribution"
                                                         0

0                                      2.2101392778816301e+01
1                                     -1.2634595504622533e+01
2                                     -6.2241013154509195e-01
   &dipoleNucContrib [&Type "ArrayOfDoubles", &Dim (3,1)] "Nuclear contribution"
                                                         0

0                                     -2.4302794476233260e+01
1                                      1.7514979711118173e+01
2                                      1.2354681080138434e+00
   &dipoleTotal [&Type "ArrayOfDoubles", &Dim (3,1)] "Total"
                                                         0

0                                     -2.2014016974169586e+00
1                                      4.8803842064956395e+00
2                                      6.1305797646875149e-01
   &doAtomicDipole [&Type "Boolean"] false
   &Method [&Type "String"] "SCF"
   &Level [&Type "String"] "Relaxed density"
   &Mult [&Type "Integer"] 1
   &State [&Type "Integer"] -1
   &Irrep [&Type "Integer"] 0
$End
$THERMOCHEMISTRY_Energies
   &GeometryIndex 14
   &temperature [&Type "Double"]       2.9814999999999998e+02
   &pressure [&Type "Double"]       1.0000000000000000e+00
   &totalMass [&Type "Double"]       3.0136699999999990e+02
   &spinDegeneracy [&Type "Integer"] 1
   &elEnergy [&Type "Double"]      -1.2546658554148592e+03
   &transEnergy [&Type "Double"]       1.4162714244859817e-03
   &rotEnergy [&Type "Double"]       1.4162714244859817e-03
   &vibEnergy [&Type "Double"]       1.6007533087638456e-02
   &numOfFreqs [&Type "Integer"] 99
   &freqScalingFactor [&Type "Double"]       1.0000000000000000e+00
   &FREQ [&Type "ArrayOfDoubles", &Units "cm^-1", &Dim (99,1)] 
                                                         0

0                                      0.0000000000000000e+00
1                                      0.0000000000000000e+00
2                                      0.0000000000000000e+00
3                                      0.0000000000000000e+00
4                                      0.0000000000000000e+00
5                                      0.0000000000000000e+00
6                                      2.1978463853301438e+01
7                                      2.8882963984103544e+01
8                                      4.3411177876999972e+01
9                                      5.7385613345377266e+01
10                                     6.3287310586288932e+01
11                                     7.1515700491417121e+01
12                                     1.0454379364367587e+02
13                                     1.2806331142055231e+02
14                                     1.3552376164410762e+02
15                                     1.7076956866329570e+02
16                                     1.7560862162449564e+02
17                                     1.9337148685674794e+02
18                                     2.3756472571439008e+02
19                                     2.5039443309333825e+02
20                                     2.6882016098928273e+02
21                                     3.2866541973074146e+02
22                                     3.5216215606952784e+02
23                                     3.9127815620102587e+02
24                                     4.0870277310586926e+02
25                                     4.2090821646249827e+02
26                                     4.6530968031738462e+02
27                                     4.6894426197790563e+02
28                                     4.8549677199210345e+02
29                                     4.8770800675805549e+02
30                                     5.2722569260497778e+02
31                                     5.3371388683764189e+02
32                                     5.4480275650571775e+02
33                                     5.6263627970254322e+02
34                                     6.0563620693755308e+02
35                                     6.2959103763915175e+02
36                                     6.3859270468380385e+02
37                                     6.4537480445486744e+02
38                                     6.6395490127690891e+02
39                                     6.7044607325226082e+02
40                                     6.8031931285028634e+02
41                                     7.2827653874987118e+02
42                                     7.5586033661352235e+02
43                                     7.6462816262844103e+02
44                                     8.0616372416076808e+02
45                                     8.2208404406511534e+02
46                                     8.2801839151254194e+02
47                                     8.3155836974342230e+02
48                                     8.4639236000976609e+02
49                                     9.0302038478593568e+02
50                                     9.1493065962266201e+02
51                                     9.3573971104295299e+02
52                                     9.6342404803667625e+02
53                                     9.6416275021297452e+02
54                                     9.8530272519269192e+02
55                                     9.9724631361148158e+02
56                                     1.0174358308411958e+03
57                                     1.0295501025548181e+03
58                                     1.0625913401592793e+03
59                                     1.1007393536098389e+03
60                                     1.1576339094202285e+03
61                                     1.1661110867102711e+03
62                                     1.1798361138964672e+03
63                                     1.2042795954441469e+03
64                                     1.2252979057687949e+03
65                                     1.2509724052976494e+03
66                                     1.2707003462959919e+03
67                                     1.2933935856808262e+03
68                                     1.3066723123775000e+03
69                                     1.3337910139126918e+03
70                                     1.3616147800038166e+03
71                                     1.3733936814661633e+03
72                                     1.3910695768008281e+03
73                                     1.3953412114638893e+03
74                                     1.4188117166630359e+03
75                                     1.4313493005326163e+03
76                                     1.4707811995028076e+03
77                                     1.4843192752682785e+03
78                                     1.4862282113562953e+03
79                                     1.5093128630675783e+03
80                                     1.5232553305436891e+03
81                                     1.5449482494403487e+03
82                                     1.5913561653738611e+03
83                                     1.5946429837574115e+03
84                                     1.6388188797346452e+03
85                                     1.6523973629414852e+03
86                                     2.3034747615070819e+03
87                                     2.3213138646796356e+03
88                                     3.0336508775133643e+03
89                                     3.0764325593231069e+03
90                                     3.1299860827218085e+03
91                                     3.1675404239029726e+03
92                                     3.1686588220210328e+03
93                                     3.1754854128980173e+03
94                                     3.1814234448757566e+03
95                                     3.1877385872542563e+03
96                                     3.1918350161944222e+03
97                                     3.2022392749698238e+03
98                                     3.2211550629069848e+03
   &zpe [&Type "Double"]       2.3997529482565638e-01
   &innerEnergyU [&Type "Double"]      -1.2544070400440971e+03
   &enthalpyH [&Type "Double"]      -1.2544060958350549e+03
   &qEl [&Type "Double"]       0.0000000000000000e+00
   &qRot [&Type "Double"]       1.6589624972076812e-02
   &qVib [&Type "Double"]       2.8446961996329678e-02
   &qTrans [&Type "Double"]       2.0433614128721422e-02
   &entropyS [&Type "Double"]       6.5470201097127909e-02
   &freeEnergyG [&Type "Double"]      -1.2544715660361521e+03
   &isLinear [&Type "Boolean"] false
$End
$Hessian
   &GeometryIndex 14
   &HESSIAN [&Type "ArrayOfDoubles", &Dim (99,99)] "The Hessian"
                                                         0                           1                           2                           3                           4                           5                           6                           7

0                                      4.8507002043813807e-01         1.4358748198228171e-02        -3.8717452575158058e-03        -2.0614916008848649e-01        -2.7760911596159434e-03        -3.9399041796061790e-03        -2.4384424401150229e-02         1.6220105573081484e-02
1                                      1.4358748198228171e-02         5.9231814947387373e-01        -8.2486051659299252e-03        -1.2856308448450524e-02        -8.7375103591246658e-02         1.3536517054585652e-03         4.0909132681773520e-02        -6.9195992112109136e-03
2                                     -3.8717452575158058e-03        -8.2486051659299252e-03         5.3121624061886019e-01        -2.3589440094968772e-03         1.7665962279934310e-03        -7.5435071507292090e-02        -6.4748657231358999e-03         1.1805309954550161e-03
3                                     -2.0614916008848649e-01        -1.2856308448450524e-02        -2.3589440094968772e-03         6.4537807998214514e-01        -4.3655402339307009e-02         2.0826212693257039e-02        -1.7287586351198553e-01         1.0274488308719303e-01
4                                     -2.7760911596159434e-03        -8.7375103591246658e-02         1.7665962279934310e-03        -4.3655402339307009e-02         6.4325899537930253e-01        -6.4664037120383752e-02         7.9075986975342905e-02        -3.2365568539963563e-01
5                                     -3.9399041796061790e-03         1.3536517054585652e-03        -7.5435071507292090e-02         2.0826212693257039e-02        -6.4664037120383752e-02         2.0186998530422534e-01        -1.4612015455756723e-02         3.9441584133306215e-02
6                                     -2.4384424401150229e-02         4.0909132681773520e-02        -6.4748657231358999e-03        -1.7287586351198553e-01         7.9075986975342905e-02        -1.4612015455756723e-02         5.3463983741163223e-01        -1.3450564416398109e-01
7                                      1.6220105573081484e-02        -6.9195992112109136e-03         1.1805309954550161e-03         1.0274488308719303e-01        -3.2365568539963563e-01         3.9441584133306215e-02        -1.3450564416398109e-01         5.1249170089218421e-01
8                                     -3.0166998417924858e-03         2.0743452796448555e-03        -1.3005223692477835e-03        -1.7943063379698254e-02         3.8661002938821937e-02        -7.0975253512272837e-02         3.3472206222653435e-02        -6.3142868414596098e-02
9                                      2.2759850756458935e-03         1.1398161085396340e-03        -4.3605313158705901e-04        -4.0633292096056373e-02         8.2866474031695975e-02        -1.2949563538269936e-02        -2.7006303124020092e-01        -9.5505402679272322e-03
10                                    -1.0278900991982374e-03        -2.3417768388591890e-03         2.0956193172715931e-03         4.9649955655913014e-02        -1.8118633859466840e-02         4.4926336478353784e-03        -2.0403844374891254e-02        -1.0520366779223393e-01
11                                    -1.5495246568496962e-04         2.1272906980450198e-03         1.2284846051151446e-02        -8.2549981167102798e-03         5.8087728928188616e-03         2.0659022295420326e-03        -3.8787202475709763e-03         5.1266094052948089e-03
12                                     2.7950574615519252e-04         1.0552421027880455e-03        -1.8546684800508609e-04        -3.3283756945246142e-03        -2.2798712500204737e-02         2.8233431434570144e-03        -5.8218876730315824e-02         5.7382492595374618e-02
13                                    -2.2843826451079269e-04         4.9829108028076662e-04         2.1179011148648379e-05        -3.8200351640304900e-03         2.2067749856023406e-02        -2.2309606550127057e-03         3.6981566714314414e-02        -1.0524440352821171e-02
14                                     1.3710051341150409e-06         9.2119092093875999e-05         8.6287388494817193e-04         2.0518891777501422e-04        -2.9403523707678303e-03         6.8742306166722465e-03        -7.0087487114747372e-03         3.1952287706838263e-03
15                                    -5.5781149130773675e-04         1.8524506384285115e-04        -4.0167138448682393e-05         2.4342095864630193e-04         2.4025404427261733e-02        -3.2715958143360200e-03         2.5788600417541465e-02        -1.2529649864680059e-02
16                                    -2.5315219657893366e-04        -1.2315424873892675e-04        -6.5067732728417660e-05         8.0641054019648219e-04         7.8835202320277162e-03        -1.0305857106218967e-03         1.1294949605501113e-02        -1.0119864753823586e-02
17                                     6.6408126002045256e-05        -1.0907274077749286e-04        -6.4206041446958752e-04        -2.7371379570565119e-04         6.1574168754145319e-05         3.0859840198060992e-04        -2.9977174122954421e-04         1.4939946428072354e-03
18                                    -6.4953692009112659e-04         6.7172025495314421e-04        -1.4688980358537525e-04         1.7791966219837681e-03        -5.9790672074988404e-03         8.4492926618440407e-04        -8.4295192118737320e-03         5.4564628720870220e-03
19                                     1.1479065890502987e-03        -6.1028576410034475e-04         1.6444891550358785e-04        -2.1422136547229334e-03        -2.0832873157131927e-02         2.8054967675570155e-03        -1.6924468532267832e-02         9.4652223853530677e-03
20                                    -1.6981121558144264e-04         1.3088088742728454e-04         1.5513233782921284e-04         3.8790093301601785e-04         2.4451725596282333e-03        -2.3455235586386980e-04         1.7789141054239217e-03        -1.1628466896907298e-03
21                                     6.1333125894137502e-04        -6.6496735130251174e-04         1.3104669452728009e-04        -1.7525186837686502e-03         2.3432237424218776e-03        -3.9932102847573523e-04         5.2378805797300126e-03        -3.2084708768036589e-03
22                                     4.5678330911048839e-05         4.6454897763321691e-06        -6.4521292454605239e-06        -1.7994527810617105e-04        -4.1570866539375267e-04         1.2512335592784293e-04        -3.0041010446012944e-04         4.6025262855037014e-04
23                                     1.4560865936700433e-05        -1.3657491161028828e-05         3.8269706759224640e-05        -1.6283586337935692e-04         2.2930480457103954e-04        -2.6264567262792462e-05         4.9512086202445598e-04        -3.7553132976961994e-04
24                                    -2.8677517716423800e-04         3.7988018334359240e-04        -2.4154031718766254e-05         8.0294930290089161e-04        -1.4759219534858853e-03         2.1729768528353532e-04        -2.8911538869805242e-03         1.7879206038838602e-03
25                                    -1.0787161224496788e-04         9.9738406719301832e-05        -1.9042903684057738e-05         3.3959353719927423e-04        -3.5783422762867200e-04         5.0161289201634262e-05        -8.9131919909888441e-04         4.6669473363759395e-04
26                                    -9.7049536005050117e-06         1.4591439972755809e-05         4.4972930803282774e-06         1.7391633956432445e-05        -1.4087606467907146e-04         5.0672863405847955e-05        -1.9615809324614137e-04         9.1572087938400753e-05
27                                     1.4940654840825529e-04        -2.0010065387689069e-04        -6.3501500688827205e-06        -3.8907915359481012e-04         9.1557287182648418e-04        -1.3309480642203911e-04         1.5333143950845506e-03        -8.9626394784939772e-04
28                                    -1.3628457886355287e-04         1.7308999392205002e-04        -9.4222130969200559e-06         4.0167006764014942e-04        -7.6130391206233566e-04         1.2184968088661557e-04        -1.4174492888335600e-03         9.0363839368390667e-04
29                                    -1.1164166729769670e-05         5.2084156198617400e-06         3.2844479178490397e-05         9.0877661013647252e-05         1.0111357049113100e-04        -2.0125551400832239e-05        -3.2693766888044855e-05        -2.8394188418431573e-05
30                                    -3.3267198857029229e-04         5.2113897812916261e-04        -7.5660506441948779e-05         5.6342082889807878e-04        -7.0123762740429709e-04         1.2480552326363291e-04        -1.8599456019996062e-03         1.3311758129450364e-03
31                                     1.7917531466154081e-04        -2.4659912938203711e-04         1.4479775708861070e-05        -4.8155716020243706e-04         6.1038783985705369e-04        -1.0052348838928142e-04         1.4490393121032129e-03        -8.6428174011497609e-04
32                                     1.3434363168230237e-05        -1.9034612991474130e-05        -1.4932968128980604e-05        -3.7918400717860842e-05         2.5057729439536766e-04         2.6189663722077478e-05         3.2251761210389137e-04        -1.7874664817656968e-04
33                                     2.3629437210393703e-04        -3.6599438415836725e-04         4.8718879904692297e-05        -4.4981626926787039e-04         5.7419658719325161e-04        -1.0439861676527219e-04         1.4537179330889683e-03        -1.0360341225000556e-03
34                                    -2.7946198696614705e-04         4.0878759473087780e-04        -6.2297880678732255e-05         5.9152047502885707e-04        -5.3213131363656781e-04         1.1418019422854871e-04        -1.6575027607789818e-03         1.1632264290780897e-03
35                                    -7.0962388094082562e-05         1.0408126969985041e-04        -1.1215916862996245e-05         1.1432780813530579e-04        -1.4581268129515201e-04        -7.0008823240798998e-06        -3.7063146553123635e-04         2.8525945781331108e-04
36                                    -6.9955795565290990e-05         1.0964428391144491e-04        -1.3777787354098347e-05         1.3220857215349942e-04        -1.7324799140233039e-04         3.0430608609550613e-05        -4.3470356221681611e-04         3.0745355816650066e-04
37                                     2.3240268046410129e-04        -3.4466777284681682e-04         4.7059844638118552e-05        -4.7097346825145071e-04         5.4337538092387916e-04        -1.0192696418002606e-04         1.4332587690935638e-03        -1.0038568597918584e-03
38                                     5.3982515803102107e-05        -7.9764687258085975e-05         1.1876966814869982e-05        -1.0667077661929202e-04         1.4321397447032645e-04        -2.1278053059890603e-05         3.4480204897658208e-04        -2.4412581541629496e-04
39                                    -8.3362947771512767e-05         1.2521040709395078e-04        -1.5112561366610491e-05         1.6108351352603053e-04        -2.0731456572123397e-04         3.8082690124365375e-05        -5.1725003142176593e-04         3.5835676434777474e-04
40                                    -7.7431805250882235e-05         1.1712680296632410e-04        -1.5267907690388850e-05         1.4805301764906861e-04        -1.8484937824312438e-04         3.5953811932012115e-05        -4.7261984179926487e-04         3.2907170618459041e-04
41                                    -2.7268459720588580e-05         4.0508027789142717e-05        -4.1574620280178151e-06         4.9791371595315700e-05        -5.6836787708748214e-05         7.6878365642529388e-06        -1.5264691965320045e-04         1.1090880132745443e-04
42                                     4.2729120663584407e-05        -6.5534464927366720e-05         7.3249603602563117e-06        -7.3885209641473548e-05         1.1362089805475538e-04        -2.0240159775581474e-05         2.6481932918483208e-04        -1.8260014070956834e-04
43                                     5.8119996264274776e-05        -8.6149442897031053e-05         1.2596883781039561e-05        -1.1758387104030986e-04         1.1767102739616505e-04        -2.3644671434508774e-05         3.4196592725249490e-04        -2.3828811722770163e-04
44                                     1.8515756652436326e-05        -2.7146096091012155e-05         4.2886075572903766e-06        -3.5635400962286655e-05         4.0940779724061221e-05        -9.4896056582315311e-06         1.0943272913918893e-04        -7.9005138040700988e-05
45                                     1.2956627795712142e-04        -1.9137495473773702e-04         2.6831096361241280e-05        -2.6569956365771511e-04         2.8454292815350608e-04        -5.3923349218335827e-05         7.7712215007546127e-04        -5.4733448737393354e-04
46                                    -2.8403300759392955e-05         4.1494848078967261e-05        -5.6436120101637253e-06         5.6846223173810315e-05        -6.1816926904523261e-05         9.6563562767126543e-06        -1.6470129894279460e-04         1.1870917207265072e-04
47                                     2.2781339653069873e-06        -4.2951991995765136e-06         7.8485989735117266e-07        -4.5697889755339325e-06         8.6210319851141381e-06         1.0191470639489863e-06         1.7778759898628056e-05        -1.2941329616997796e-05
48                                    -8.0151416960408135e-05         1.1931294025792786e-04        -1.6805753809670187e-05         1.6431181090452852e-04        -1.6934306278474547e-04         3.2179274719376213e-05        -4.7461222982610684e-04         3.3678076679887923e-04
49                                     2.1828681926509667e-05        -3.2413974847577719e-05         4.5499760081314314e-06        -4.5292881772703735e-05         4.4231917355314830e-05        -8.2398988975780358e-06         1.2873350476451343e-04        -8.9426769573670178e-05
50                                    -2.3148155116153333e-07         5.9931824801781601e-07        -2.2826099441197836e-07         7.2147066207754871e-07        -2.5130500580893099e-06        -6.1591519384095586e-07        -4.0408524370245867e-06         2.7990824890245601e-06
51                                     1.6533800544230528e-05        -6.0767319178843169e-05        -1.0727972009704827e-05         2.9375160984460052e-05         1.8849587553232042e-05        -1.1723486433141349e-05         5.6445929079622934e-05        -1.9175306456611745e-04
52                                     7.3227272450832005e-05        -6.4132191158822578e-05         4.0218648126075527e-05        -2.4045733616438010e-04         5.0717737728039761e-04        -1.1897140173695571e-04         8.7972760749663358e-04        -5.2676243403531513e-04
53                                     2.9708000886249035e-05        -3.4584741043937266e-05        -1.1851747630865847e-05        -1.9115265631669786e-05        -3.0183923685097051e-04         5.1548535882814206e-05        -2.8767241048641872e-04         1.6404000338275768e-04
54                                     1.5672009933225075e-03        -8.6563514891331789e-04         2.6833864088650946e-04        -3.9263804415711583e-03        -1.7905155819152193e-02         2.3658284994739738e-03        -9.7001560172259860e-03         4.9513052427724389e-03
55                                    -8.7442062507800400e-04         6.9745786853220976e-04        -2.8603212712244330e-04         2.4910534061111369e-03         7.5869074614024930e-03        -9.9353368971590071e-04         9.6177152826863775e-04        -9.2064114164592988e-03
56                                     1.7063975543482265e-04        -2.5819173365135956e-04        -1.0983048443523867e-03        -2.8083799280733616e-04        -1.6989732741830919e-03         1.0693295216505894e-04        -9.5155340859874268e-04         2.4240112151394516e-03
57                                    -2.4188613990422788e-03         2.2191486870414899e-03        -4.3702030248890522e-04         6.9239559921082730e-03         8.3163910840001794e-03        -5.7272478304572390e-04        -3.2921704395496243e-02        -2.8671838629540106e-02
58                                     1.7032572128512120e-03        -1.3039507650657446e-03         1.9065854735797222e-04        -2.5496715010506626e-03        -4.7349566096803249e-02         5.3389796505301009e-03        -4.9319240414762239e-02         3.3293826992852812e-02
59                                    -3.3320362068896102e-04         2.4804388260054016e-04        -4.5389512860930772e-04         8.7851911307972909e-04         5.7913543741500168e-03        -9.1779562923179070e-03         5.3074871399847292e-03        -3.6039312626127799e-03
60                                     3.9180507445855939e-03        -3.9495554480021098e-03         6.4684390774352089e-04        -3.4707554692810637e-02        -7.0513011040697113e-02         8.5341416753953042e-03        -4.1557516903831623e-02         3.1973311097289354e-02
61                                    -2.7940308297480024e-03        -4.7266181121619249e-03         1.0362239564687167e-03        -2.8328482276881204e-02         3.7590934117428962e-02        -5.5202274403849489e-03         2.7698399517084013e-02        -1.6172580582917376e-02
62                                     4.4985792149678579e-04         9.4851253210233234e-04         3.2326940064241914e-03         2.6711234500719047e-03        -7.0454319148505595e-03         5.5071216320961847e-03        -5.1611039195963437e-03         2.7377261660290189e-03
63                                    -2.3774467888952603e-02        -2.7246548104574358e-02         2.8397898426472594e-03        -1.6304627211809972e-01        -2.2000411188722480e-02         2.2665270298820317e-04         5.9739603613493709e-02        -2.4604766358806797e-02
64                                    -4.6101648804218326e-03         5.8521737622250092e-03        -2.6506725547918329e-05        -8.5835575392821994e-02        -2.0559044337122237e-01         1.5991369971466978e-02         2.3301409137976622e-02        -7.2270721036286276e-02
65                                    -3.0698314330801502e-04        -7.7549905017138617e-04         7.1308727913507869e-03         9.1422190462644298e-03         1.8012901026967291e-02        -7.4461216344939657e-02        -1.9941766839908417e-03         1.2611198979276971e-02
66                                    -8.8555224803143928e-02        -9.1560255192221163e-02         1.2346940299959364e-02        -1.4322994750500877e-02        -3.2933161975828074e-02         4.4612709159833836e-03         4.0410783530759851e-03        -1.3019740118381982e-03
67                                    -9.8358788689608123e-02        -2.7421558720987610e-01         3.0356027931259810e-02         1.6524562447835581e-03         1.5352375975126176e-03        -3.9542201838073734e-04         1.8656958584457152e-03         6.1361604823049597e-04
68                                     1.3360405096256783e-02         3.0554819813618114e-02        -5.2480367278598422e-02        -7.4428815189941672e-04        -1.5135480482961158e-03        -1.0906269075396744e-03        -1.0587741947844524e-04        -2.0272171532161189e-04
69                                    -6.9010065554509087e-02         2.5502238732805452e-02        -6.8940930838191389e-02        -9.8510386652614322e-03         1.3556778618677937e-02        -3.0277948419598216e-02        -3.4331297102866173e-03        -4.1544037188467279e-04
70                                     2.4902642460799197e-02        -8.0835092679094167e-02         8.5869638369119691e-02         2.4504297441776627e-03        -1.3857272900022824e-03         1.6888880526830946e-04         1.9315342569695020e-03        -2.2554990865334914e-04
71                                    -6.8470079515433074e-02         8.5631622737184568e-02        -2.4594395740113847e-01         8.8543466005869265e-05        -8.8537306790254541e-04         1.8786142524379046e-03        -3.2714277212899886e-04        -1.3310963004494196e-04
72                                    -7.8023251228807877e-02         5.2464586345739389e-02         6.6445922307154348e-02        -1.1424700420683179e-02         2.1518334422322656e-02         2.4195774554656269e-02        -3.6584432158580796e-03         2.8411439532812378e-05
73                                     5.1845310162969248e-02        -1.4186271788913607e-01        -1.1372816313370918e-01         2.0958226610911200e-03        -7.3187747354300399e-04         1.0942585612855366e-03         1.9413803882898433e-03        -3.1072480336962090e-04
74                                     6.6272955899076030e-02        -1.1344106366145182e-01        -1.7623103762027831e-01        -1.7376275634491192e-03         3.0971363312272864e-03         2.8687381529593301e-03        -4.2937357174993953e-04         1.2560652883080630e-04
75                                    -6.7549210677740092e-06        -8.1482069309950808e-05        -1.5795091349045441e-06         7.5382975773982262e-05        -2.4611387842917798e-04         4.6601343836041626e-05         1.2168890826450640e-03        -5.7185045688544923e-05
76                                     1.6819235966700880e-05        -2.4771203431769189e-05         2.6785404128262357e-05         2.1697375440455431e-04        -3.2491901480203580e-05        -2.0318572597026940e-05        -1.7007286770099796e-03         2.7641437994510134e-03
77                                    -1.0054410675021654e-05         3.4579316502505582e-05         1.7309420437709085e-04        -5.4876630617288783e-06        -1.2686895820082395e-04        -1.4638464657741406e-04         2.2904591987579553e-04        -7.4822357789681418e-04
78                                    -2.5340279939836826e-05         1.4805505236174042e-04        -1.1293716001139385e-05        -3.4754551373450171e-04         1.8638147043242693e-04        -5.9111368542366205e-06        -6.5606742935401499e-04         1.5370260682383650e-03
79                                     2.3072048480165912e-06        -3.4322304407367925e-05        -2.0516495406998666e-05         2.1630100857385724e-06         1.7638796669211743e-04        -1.3796937111015136e-04         2.3520215727812336e-04        -2.0485290526437014e-04
80                                    -5.4889396559223524e-07        -5.0535133935059012e-06        -1.0548720849514953e-04         4.1694132614069327e-05         4.9854630033816351e-05        -7.4003759247834051e-04         7.3424245731625254e-05         5.7196208217466109e-05
81                                     4.4838942181432760e-06        -8.1849770879674217e-06         3.9810168970459281e-06        -2.7468398590085771e-05         5.8780338368921373e-06        -6.3972938019819157e-07         7.5053924710699995e-05         8.1066278185305276e-06
82                                     1.2206874721463947e-06        -4.1244538393587972e-06         8.8322352067353304e-06        -2.3661573102855282e-05         5.1868436687749409e-05        -7.9176874446358831e-06         9.6362960521482782e-05        -5.7145639676819959e-06
83                                     6.8574902308236332e-06        -1.8361370858561325e-06        -2.0382116766578661e-05        -2.8954352811480424e-05        -1.4307075446158245e-04         3.1705741100150685e-05        -8.0029748484622821e-05         1.1674656519147493e-04
84                                    -7.3943048528133260e-06         1.3519122300386524e-05        -2.7282203435420488e-06         1.2961776747919484e-05         4.3378457222553117e-06         3.4694114612135609e-07        -3.2747831079449715e-05         2.6982588984866189e-05
85                                    -1.9423994750903794e-07        -3.3735708518118417e-07        -4.3777065475944373e-07         3.8962096070185143e-06         5.0010932616395220e-06         1.7060329875378352e-06        -6.5572714486446205e-07         6.1993629446458268e-07
86                                    -5.2080781270142252e-06         6.4967706442078111e-06         1.8731311229697112e-06         1.1593080946295493e-05        -1.9313518559637900e-05        -2.6396993022294228e-06        -4.1456260565409599e-05         2.9451391145279143e-05
87                                    -1.3031961503017549e-06         2.2777163553022446e-06        -3.4365501367994464e-07         5.7395081599078638e-06         2.1434331526690518e-05        -4.5267977866240657e-06         5.8834064208719843e-06        -3.5613306740162336e-06
88                                    -3.2508282827681896e-06         4.6363464410155314e-06        -5.1762775785912151e-08         3.1326861216313627e-06        -9.1253465792019201e-06         1.9424132983310747e-06        -1.3044107810420834e-05         1.0457252810196400e-05
89                                     4.9316274181990710e-06        -5.8069994877406007e-06        -2.2012153195804009e-06        -7.2677262977936664e-06        -2.2187696857287487e-05         5.3721077903655094e-06        -9.6291211797423394e-06         3.5843929268646545e-06
90                                    -4.1181742156257617e-05         1.3873159437527264e-04        -3.2253757002115429e-05         4.5072229058984057e-04        -4.0640172490128941e-04         9.3750752350737078e-05        -1.5000116565136168e-03        -1.6857029214138036e-03
91                                    -8.7189515409233191e-06         2.9510745938525853e-05         1.8072547863608656e-05         1.3218696812189717e-04         4.7782738202486059e-04        -1.0699678814552575e-04         3.1894767927355318e-04        -6.1422280429369609e-06
92                                    -1.5821521167310903e-05         2.8285141233081116e-05         1.5064526774645376e-04         6.5593475968010089e-06        -6.7830488780020682e-05        -2.9696384690966688e-04        -4.9653872082345215e-05        -1.2986910081881642e-05
93                                    -1.1515279039945397e-04        -1.5394039550279126e-03         2.4240988352045977e-04        -4.9941625844677224e-03         2.6783438860247316e-03        -9.0782210840636111e-04        -2.0038696115917096e-04        -6.9768677471413821e-05
94                                     1.2813855351196255e-04         1.0633405152650840e-04        -1.0587198996311545e-04         1.3555572789355911e-03         1.6769383841805682e-03         1.3188910110993809e-03         1.9969128050627500e-04         5.0385730925160254e-05
95                                    -2.7063480345064717e-06        -1.5826120290110199e-04        -6.7477446239622282e-04        -7.0499123135491556e-04         1.3380641113794841e-03         1.0504394575194075e-02         6.1752252482959223e-05        -5.5333285850890667e-04
96                                     2.6974006540572649e-04        -4.1951420973369228e-04         9.9889721986952461e-05         1.1842998561180238e-02        -1.4550364410745321e-02         2.4179388442363593e-03        -1.0207019969876855e-03        -5.0071986772374476e-03
97                                     6.3968412082150705e-04         7.9996767437455929e-04        -2.4567189832709401e-04         1.5589762482324715e-02        -1.6739039538377076e-02         2.9782812573791399e-03        -3.2581751080432301e-03        -4.5829952258788775e-03
98                                    -5.4023195413930962e-05        -2.2223043375722867e-04        -8.7038628448887182e-04        -1.8399783512460816e-03         1.9853311489334878e-03         4.8676326759109975e-04         2.5976956189087072e-04         1.2605711943173166e-03
                                                         8                           9                          10                          11                          12                          13                          14                          15

0                                     -3.0166998417924858e-03         2.2759850756458935e-03        -1.0278900991982374e-03        -1.5495246568496962e-04         2.7950574615519252e-04        -2.2843826451079269e-04         1.3710051341150409e-06        -5.5781149130773675e-04
1                                      2.0743452796448555e-03         1.1398161085396340e-03        -2.3417768388591890e-03         2.1272906980450198e-03         1.0552421027880455e-03         4.9829108028076662e-04         9.2119092093875999e-05         1.8524506384285115e-04
2                                     -1.3005223692477835e-03        -4.3605313158705901e-04         2.0956193172715931e-03         1.2284846051151446e-02        -1.8546684800508609e-04         2.1179011148648379e-05         8.6287388494817193e-04        -4.0167138448682393e-05
3                                     -1.7943063379698254e-02        -4.0633292096056373e-02         4.9649955655913014e-02        -8.2549981167102798e-03        -3.3283756945246142e-03        -3.8200351640304900e-03         2.0518891777501422e-04         2.4342095864630193e-04
4                                      3.8661002938821937e-02         8.2866474031695975e-02        -1.8118633859466840e-02         5.8087728928188616e-03        -2.2798712500204737e-02         2.2067749856023406e-02        -2.9403523707678303e-03         2.4025404427261733e-02
5                                     -7.0975253512272837e-02        -1.2949563538269936e-02         4.4926336478353784e-03         2.0659022295420326e-03         2.8233431434570144e-03        -2.2309606550127057e-03         6.8742306166722465e-03        -3.2715958143360200e-03
6                                      3.3472206222653435e-02        -2.7006303124020092e-01        -2.0403844374891254e-02        -3.8787202475709763e-03        -5.8218876730315824e-02         3.6981566714314414e-02        -7.0087487114747372e-03         2.5788600417541465e-02
7                                     -6.3142868414596098e-02        -9.5505402679272322e-03        -1.0520366779223393e-01         5.1266094052948089e-03         5.7382492595374618e-02        -1.0524440352821171e-02         3.1952287706838263e-03        -1.2529649864680059e-02
8                                      9.9552276252098393e-02        -5.5210072497658795e-03         4.8790482409529750e-03        -6.6415231733283064e-02        -9.6411172577077660e-03         2.5152236896822003e-03        -1.8733316318838740e-03         2.3005194493337703e-03
9                                     -5.5210072497658795e-03         6.4392836936501574e-01        -2.9643552153105726e-02         2.0267585690001609e-02        -1.1713962414336654e-01         5.7783171582113380e-02        -9.6852416567718373e-03        -4.0818279380032241e-02
10                                     4.8790482409529750e-03        -2.9643552153105726e-02         6.5375902162000155e-01        -6.9098163875200069e-02         2.7006683769632403e-02        -2.6378320266069344e-01         2.9026822758833521e-02         6.1399284293959827e-02
11                                    -6.6415231733283064e-02         2.0267585690001609e-02        -6.9098163875200069e-02         1.6872903833692429e-01        -5.0624692119250279e-03         2.9856538249212829e-02        -6.3089670332678816e-02        -1.0362428523658963e-02
12                                    -9.6411172577077660e-03        -1.1713962414336654e-01         2.7006683769632403e-02        -5.0624692119250279e-03         7.4755277833462253e-01         4.8654939300320652e-02         1.3270555818302370e-02        -3.8476226394272639e-01
13                                     2.5152236896822003e-03         5.7783171582113380e-02        -2.6378320266069344e-01         2.9856538249212829e-02         4.8654939300320652e-02         6.6297178414286750e-01        -7.4539590443059342e-02        -5.6655282100521072e-03
14                                    -1.8733316318838740e-03        -9.6852416567718373e-03         2.9026822758833521e-02        -6.3089670332678816e-02         1.3270555818302370e-02        -7.4539590443059342e-02         1.3634142772531674e-01        -1.0124691333354642e-02
15                                     2.3005194493337703e-03        -4.0818279380032241e-02         6.1399284293959827e-02        -1.0362428523658963e-02        -3.8476226394272639e-01        -5.6655282100521072e-03        -1.0124691333354642e-02         7.1332630993633672e-01
16                                     2.4732577965690828e-03         2.5666807991122587e-02         2.1187075378741982e-02        -2.2303393151152581e-03         5.0163321199874766e-02        -1.3279154212250932e-01         1.3280402778895257e-02        -5.7050395049716832e-02
17                                     6.0646599927094008e-03        -6.0021271595129006e-03         8.6075633707882737e-06         6.3494067529715204e-04        -1.7532948655842494e-02         1.0828716794407823e-02        -5.7802632305689272e-02         2.9803677080582840e-02
18                                    -9.5408491516232451e-04         1.0593706135755873e-02        -6.2241245582032832e-03         1.3936198317244985e-03        -4.2489442728813484e-02        -2.1141006508958123e-02         1.6146001827482999e-03        -1.5889925404286515e-01
19                                    -1.8789636400173525e-03         1.1178885376609549e-02        -4.5998844152957553e-02         6.2808927556520424e-03        -5.8530841956577456e-02         3.3924123401348760e-02        -6.9611045546963193e-03        -3.8925188567706839e-02
20                                    -1.1398431642598396e-03        -7.5605049780294391e-04         5.1417228953471780e-03        -4.2532539604924133e-03         6.0692914761570184e-03        -4.2331155015560996e-03         5.7275861026987729e-03         2.9145420412902655e-03
21                                     6.0858589251913372e-04        -6.1376045043103128e-03         1.9488287953085539e-03        -3.8632562126002571e-04         8.7558013657901522e-03        -6.0847987520149232e-03         8.1365739666456813e-04        -3.8095725029764112e-02
22                                    -1.6371588252375906e-04         9.4182180597743304e-05        -1.4611916691377076e-03         3.2569350810889600e-04        -2.4285367447430305e-03        -5.1379198004233885e-03         1.3995255671064865e-03        -2.9345617598537641e-02
23                                    -4.9708428846402725e-04        -5.0187409851201758e-04         2.7524274327836852e-04        -8.0277553906937804e-04         6.2680638247146264e-04         9.3026062936664910e-04         4.2864689171827099e-03         5.2334972908398697e-04
24                                    -5.6275744889892551e-04         2.7630256661460078e-03        -2.0602461883728949e-03         5.5596637127302857e-04        -4.7082418768373364e-03         1.1828565281158574e-03         5.1911036914463883e-04         2.8263864142264034e-03
25                                    -7.0156245938998100e-05         1.0615788023358970e-03        -2.5531935580423108e-05         4.1701869208899788e-05        -9.2304681033616998e-04         1.4011852975581965e-03        -2.6394437635649036e-04         5.0040614385048407e-03
26                                    -1.2064286781192216e-05         3.3588934112743947e-06        -2.9478602690088333e-04         2.2147564297218011e-04        -2.8334283258278810e-04         3.0954269616123402e-05        -3.2809391100889251e-04         1.4145055279464538e-03
27                                     3.5001433100732816e-04        -1.3949271928027445e-03         1.0116578293419424e-03        -4.1332798647650498e-04         2.2738155325575265e-03        -1.2733877563938841e-03         5.5543867070092313e-05        -3.9502921947899474e-03
28                                    -2.9994473925008596e-04         1.4068770637885968e-03        -1.1123003399719389e-03         3.0621282237637917e-04        -2.1401876538037867e-03         9.5960447350877946e-04         2.8297569764063773e-04         1.2566802708352323e-03
29                                    -1.1074841315734685e-04         1.6263314663911917e-04         1.9107853811962109e-04         5.4491191029041033e-05         1.1538664461826012e-05        -3.8884974538579045e-04         1.0574670137941065e-04        -9.9913278478913365e-04
30                                    -3.0341317968127527e-04         1.0276444070454506e-03        -3.1944985169028110e-04         2.2174794795390613e-04        -1.6450034641376217e-03         6.5343971570488415e-04        -5.6254419504672584e-04         1.0060841162775533e-03
31                                     3.1611485126839463e-04        -1.2360981962614716e-03         6.7316222699262190e-04        -3.8286293998030397e-04         1.7198896452485393e-03        -7.3098763617593788e-04        -9.1999471917728228e-05        -2.1244250834801404e-03
32                                     1.8395926396503470e-05        -2.4583615852650760e-04         4.7438384661602391e-04         9.8172877089216110e-05         6.2975339773255049e-04        -6.1090627632338131e-04        -2.0306759624529448e-05        -2.4924098176632228e-04
33                                     2.5507099850314007e-04        -8.3777710189134145e-04         5.2927512328353329e-04        -1.7195815271188095e-04         1.3740079380838599e-03        -8.3324189918601522e-04         3.2006171636946636e-04        -6.1397556425870259e-04
34                                    -2.6712344306286583e-04         1.0843003166365521e-03        -4.0937742360688334e-04         1.5980596466109016e-04        -1.3933156582758045e-03         9.4773907603164481e-04        -3.6461667586564942e-04         8.1332856409889248e-04
35                                    -2.6652932657170584e-05         2.3892430295801824e-04        -8.8950633348992914e-05        -5.1126924023648346e-05        -3.1337982309130830e-04         2.9212823236778322e-04        -4.7345955764725923e-05         1.3105205925204147e-04
36                                    -7.8894935383148128e-05         2.4003521744391830e-04        -1.7321407042714105e-04         5.4077383449056108e-05        -4.0279194863645455e-04         2.4407796386441858e-04        -7.8790214559008130e-05         1.6171766218646454e-04
37                                     2.4386678859890880e-04        -9.3052431922110578e-04         4.6392773875532486e-04        -1.6266717011314278e-04         1.3102039887702040e-03        -8.3029663523514216e-04         2.9042691854427519e-04        -7.5708984510121260e-04
38                                     4.6520139697323542e-05        -2.2824157689983000e-04         1.4536681996946170e-04        -5.5407172223073605e-07         3.3178287315831874e-04        -2.2162184322325771e-04         7.1653083717507170e-05        -2.0031593641816391e-04
39                                    -9.2426097762196124e-05         3.3001504858891026e-04        -1.7183321068271621e-04         5.9912463366319888e-05        -4.8868958727212822e-04         3.0200775281002728e-04        -9.7625418433978277e-05         2.6664632403694077e-04
40                                    -8.4937665282899452e-05         2.9541143133893449e-04        -1.5235386675269353e-04         5.1395637140676242e-05        -4.3486591525101819e-04         2.7390893448185898e-04        -8.4222814841148665e-05         2.4440262452092164e-04
41                                    -2.9657881265884463e-05         9.6230487527919516e-05        -3.5633009690439453e-05         1.2278248814713523e-05        -1.3398850626089381e-04         8.7343102196406591e-05        -1.9342767481780865e-05         6.5884603655229584e-05
42                                     5.1375756664144470e-05        -1.6647337506139095e-04         7.5560424503871848e-05        -3.3190889883543480e-05         2.5943998265942929e-04        -1.5205944625018363e-04         5.2515701728468289e-05        -1.3765617709064672e-04
43                                     5.4468441022975552e-05        -2.1637662820723829e-04         1.0509349452072049e-04        -2.8557071578487405e-05         2.9167644225076015e-04        -1.9888097439331410e-04         6.2473721677523279e-05        -1.6418696807465839e-04
44                                     1.9833104759897139e-05        -6.9401590095527856e-05         3.4226472057435182e-05        -1.0170861361131922e-05         9.5159993803203076e-05        -6.8206096369536067e-05         2.2113232143894514e-05        -5.2624360905184457e-05
45                                     1.2883252793173717e-04        -4.9033094784361477e-04         2.6296433772193860e-04        -8.5557382945954618e-05         6.7688045495038263e-04        -4.4860772067080912e-04         1.5204967598961183e-04        -3.6472967494020957e-04
46                                    -2.7020916774800466e-05         1.0077332430692338e-04        -6.1104825967254258e-05         1.8482173188492549e-05        -1.4342286276386310e-04         9.4900431834659099e-05        -3.6621152969217575e-05         7.9888639566511044e-05
47                                    -1.4139188289195079e-06        -1.2296797726253431e-05         7.7494865191395250e-06        -4.2186216410448205e-06         2.2910529699970148e-05        -9.4775324412548135e-06         6.9732327727258999e-06        -8.8756975478620001e-06
48                                    -7.8038947984977248e-05         2.8974740774671945e-04        -1.6305696182208115e-04         5.1040620144476704e-05        -4.0450279881035873e-04         2.7258712061572766e-04        -9.2600929447682665e-05         1.9637018152682912e-04
49                                     2.0684115210029133e-05        -7.7040233308982195e-05         4.4714931532602309e-05        -1.3860388967352040e-05         1.0822013061224922e-04        -7.2782180035922431e-05         2.6442026722877378e-05        -5.2381424381178526e-05
50                                     1.7704789509691775e-06         2.7189245664473010e-06        -3.5599701774483095e-06        -1.4618755940064558e-06        -6.8761032673910889e-06         2.3404953725641185e-06         1.6179622409822252e-07         3.3790734600503013e-06
51                                     1.4534583506119577e-04         2.6354636842184189e-04         2.9556333168569246e-04        -6.4117912364522049e-05        -3.0984787732695439e-05        -1.5619493499872614e-04        -4.0546010077805437e-04        -1.1820326444444730e-03
52                                    -8.6213602214131612e-06        -1.0489161042663618e-03         5.8027884189451140e-04         1.0029056778235759e-04         1.4195981555398104e-03        -1.1153459332781900e-03         4.9574264925902726e-04        -2.8693906002611944e-03
53                                     3.3605366973251213e-05         1.8950276313465245e-04        -6.7752053525019706e-04         8.1505046296402638e-05        -8.0459593332697665e-04         6.3805356612468378e-04        -2.5009475469934200e-04         6.7813731366912051e-04
54                                    -1.2147922407797379e-03        -2.3121471612585182e-02        -4.7578377339600013e-02         6.3488752007732022e-03        -3.3587570395597670e-02         2.1159183978631035e-02        -4.4515493723658048e-03         5.0189743584768631e-02
55                                     2.0339172535472957e-03        -2.8763663456412604e-02         3.4067556215205366e-02        -6.2407678351785248e-03         2.5753764373153184e-02        -1.7152287985618773e-02         3.4742115503380681e-03        -2.7693233202512341e-02
56                                     5.5674479043837351e-03         4.0777237973445048e-03        -6.4651921791109863e-03        -3.5813221512862037e-04        -4.9749822061798434e-03         3.1691402767324833e-03        -3.7155291272884458e-04         5.6357731147544752e-03
57                                     2.2718956968872488e-03        -1.6971965717343759e-01        -4.3821183619110644e-02         1.5887690559176111e-03         4.9363871092922396e-02        -1.9522541180934522e-02         4.5376765352310141e-03        -4.1586236129200170e-02
58                                    -4.0865655260905326e-03        -4.5430644363087969e-02        -2.1575965134609770e-01         1.9396512200382562e-02        -6.7685924163089269e-03        -3.6379593231221405e-02         5.0872595800752068e-03        -2.8217348806262796e-03
59                                     1.5851277662778725e-02         2.3493043944346282e-03         1.9659720244224646e-02        -6.5972007328901267e-02         2.3112304696520630e-03         4.6312665626517084e-03         1.6238118190433914e-03        -6.5629891189833683e-04
60                                    -5.6446128909382644e-03         5.5246166260648898e-02        -5.0620248268432241e-03         2.5980520262474959e-03        -1.1849938551082594e-02         2.8221388316732017e-03        -1.0271773581999174e-03         1.1511920827120301e-02
61                                     2.5935015875359823e-03        -1.9318716431164187e-02        -3.9750240615936454e-02         5.2549288242547754e-03         2.4359309210655357e-03        -7.0847630116013648e-03         1.7521090756505899e-03        -1.0066027002033968e-02
62                                    -4.3532664318033801e-03         4.3535100280657213e-03         5.5670154873198917e-03         2.0547526676342499e-03        -9.5999690185377012e-04         1.7624582252691828e-03         4.2030134548590873e-03         1.8226261795532077e-03
63                                     4.6211715479105488e-03        -4.4063781066890698e-02        -2.7051746002685895e-03        -8.8763921557389984e-04         1.1088721054076303e-02        -1.0312975774619646e-02         1.8212032264818675e-03        -1.5157058931075790e-02
64                                     1.4089496686790867e-02        -3.1423389478562255e-02         3.2090120688075922e-04        -2.2558655041581429e-03         9.2330252755158486e-03        -7.4328642520663200e-03         1.3968100178609775e-03        -9.2384065911584740e-03
65                                     2.1229050880564274e-02         3.2313391015740770e-03        -1.3261001119035509e-03        -7.8780640103677715e-03        -9.5784201854385784e-04         7.3707787265954753e-04         1.7542727460228994e-04         8.2938136711715061e-04
66                                     3.1857602087069395e-04        -4.4676516396290750e-05         4.3298374061890091e-04        -6.6125560759801489e-05         1.9526028155497389e-04        -1.6278761946717145e-04         2.5428930773900053e-05        -2.2579633617454372e-04
67                                    -6.0426950129644809e-05         2.3609444598530691e-05         4.5141116419611816e-04        -1.0749890900454018e-04        -8.4457009348413124e-05        -7.6179765686482077e-05        -9.8075204039968825e-07        -6.1165771776736880e-05
68                                    -2.6875904584539479e-04         2.5755848054271691e-06        -8.0549398798996177e-05        -2.0520729480002586e-04         1.9355316626525597e-05        -1.5433075186567238e-06        -7.1658302559597301e-05         3.9210977383465827e-06
69                                    -1.3563537177595738e-03        -1.1279106953769285e-03         8.0736110238769114e-04         2.2803922399765959e-03        -1.3068164599645989e-04        -3.1644396792078244e-04         2.1050829724331019e-04        -2.2493394516781762e-04
70                                     5.0974885984281584e-04        -1.4683174830305411e-04         1.4396106429102529e-04        -5.6528270950586450e-04         2.6185649874601495e-04        -1.9074044082216857e-04         4.0295706445888908e-05        -3.1219357050036309e-04
71                                    -3.0170406536319844e-04         2.1669066501832368e-04        -2.2863059858869268e-04        -2.8723438198894935e-04        -1.1008519797480257e-04         4.0508782693641506e-05        -2.1608654585707036e-05         1.1448299586147321e-04
72                                     1.2025667200612875e-03        -9.4586621653114714e-04         1.3229627327090122e-04        -2.4325714040030542e-03        -1.2943129905106511e-04        -3.4894007446296672e-04        -1.2103987648214713e-04        -2.1907078165440895e-04
73                                    -3.9056177142535696e-04        -2.1639283845421376e-04         3.2580377061899651e-04         3.4532260908088909e-04         2.7412251140059235e-04        -1.9126199987913259e-04         2.4788140174666061e-05        -3.2279351365733361e-04
74                                    -1.1889316083469638e-04        -2.4339355886534469e-04         5.8589137474603483e-05        -6.2967405677758501e-04         3.0461227463454232e-05        -1.2799023985772120e-05        -1.6137367359342529e-05        -3.7763009599165766e-05
75                                     1.6540213392721062e-04         1.0439587084295394e-02         1.1633622778532828e-02        -1.4515270114864782e-03        -1.5303219430862589e-01        -1.3188006849355174e-01         1.5023714200619469e-02        -1.4152019365316335e-02
76                                    -9.0882114782333862e-04        -1.8542351013279886e-02        -1.9239606428683775e-02         2.7196280292083354e-03        -1.3083509102265600e-01        -2.4052129613456555e-01         2.5238288062524112e-02         3.9785457487576011e-03
77                                    -3.1467746053067880e-03         2.9649213642676253e-03         3.3287423190935207e-03         3.6524123177923782e-03         1.4844854445816718e-02         2.5384560749227472e-02        -3.9342595724746354e-02        -1.0246551276834994e-03
78                                    -2.7819397766111156e-04        -4.3962028334851959e-03        -1.9986983215731125e-03        -2.5857437153351101e-04        -9.9523314535156678e-03         3.1196418979028369e-02        -4.9966545468544954e-03        -1.0341038084043254e-01
79                                     1.5371530474430636e-04        -6.9527650134979489e-04         1.9385034467426809e-03         1.1039265550972371e-03        -1.5623071395959309e-04         1.7191868563845858e-03         3.4720965666390805e-04         9.9391722055089601e-02
80                                     4.6948574929686810e-04        -3.0449750532859747e-04         1.1003117900925277e-03         8.7678711120493906e-03        -8.4268317154685517e-05         1.1437193653867179e-03         4.6175661331365105e-03        -1.8737275620801443e-02
81                                    -8.5877309332750581e-06        -1.1859004791270594e-05         6.4469126844286643e-05         5.3197916313979608e-07         9.2265710635953523e-05         6.9696241814491504e-05        -2.1857589327443512e-05         2.5495739303963913e-05
82                                    -2.6870961791525524e-05         2.2206769737664325e-05         1.1361123263135581e-04        -2.5425613192454856e-05         1.6219734920818948e-04        -7.5189525295500309e-05         1.4018714790824024e-06        -3.4923437722647350e-04
83                                     4.9063631138176661e-05         1.2030754288021010e-04        -2.9541610132981493e-04        -5.0182352537490338e-05        -2.7515728325130527e-04         2.7031939972893841e-04         3.4912538598758272e-05         5.1125472771413835e-04
84                                    -7.6584472950926344e-06         6.7929762127518964e-06        -1.1034289279297609e-05         8.6695632951780882e-06        -2.8573857894452579e-05        -1.1565820675977069e-04         5.4949851958235329e-05        -4.1660802259449177e-04
85                                     2.5614308198639328e-06        -3.9392791417672138e-06        -2.9965218203557072e-06        -1.4343538058723913e-05         3.7264693289219342e-05         8.0479795971491260e-05        -1.8570760439142201e-05         1.7320378222013499e-04
86                                    -1.7290033217875213e-05         2.6640885541563474e-05        -2.6490648694708435e-05         7.2051233150619001e-06        -7.7662057566542044e-05         1.3434667525544241e-04         4.6671193606505930e-06         1.9846295071921445e-05
87                                     8.2870449597205004e-07        -1.3166622257994483e-05         1.3446615856479711e-05        -5.2948462067763766e-06         2.9166380815390247e-05         7.6359509542475344e-07         1.7525447359839310e-05        -2.7570187053033634e-05
88                                    -5.2288686501601820e-06         9.3166999330616409e-06         5.8656789410311888e-06         9.4622749620391723e-06        -1.6839252057210545e-05         3.3907718454991557e-06        -3.0933729618920142e-06        -1.8094932025301087e-06
89                                     8.3296895230318834e-06         1.6297130021733421e-06        -6.4492625997875395e-05        -1.2152162787163467e-05        -3.6297428511121790e-05         2.3911537373897268e-05        -2.8766390042299123e-05         1.7909705845053542e-05
90                                     1.9033603434243730e-04        -3.9015969847044311e-03         3.2179968417728284e-03        -7.7573745409487594e-04        -4.5255585441442234e-04         4.5269409991450203e-04         1.9763313111134141e-06        -8.9374946641237150e-04
91                                     6.6145451782111597e-05         1.5977264859586126e-03         9.6351147174851201e-04         8.5791263511526448e-04         4.7084511937613149e-04         1.9420787815183256e-04        -9.4387590046383311e-05         3.8245249454439125e-03
92                                     1.8184204734047213e-04        -6.9191964165726382e-04         9.8479416991072480e-04         5.6048059220864975e-03         1.3896228313690744e-04        -1.4319826045104006e-04        -3.7773151701929681e-04        -1.0365631910416726e-03
93                                     1.4086289991987496e-04        -1.1366521882857257e-03         2.9062066252549743e-03        -6.6788922100470820e-04         4.7192574093236667e-04         7.3082112629623507e-04        -7.7853069227337826e-05         3.1955040242001272e-04
94                                    -5.5582551693112347e-04         4.4513847408811195e-03        -2.4009153149812238e-03         1.3957567637236229e-03        -1.4242455375964498e-03        -7.8698157937225120e-04         4.8564560596769870e-05         1.9629266160690884e-05
95                                    -3.8470548543377988e-03        -8.5185582130086423e-04         1.3260325781503908e-03         6.0167664886069186e-03         1.9029846558091718e-04         1.2488523755989478e-04        -9.7041710165383173e-05         2.7150759529968958e-05
96                                     4.7382219219441071e-04        -1.2404401166596292e-03        -1.0465592257714092e-05        -1.9657726592284513e-05         3.6863545359534317e-04        -5.8231334855241576e-05         5.0791265726104703e-05        -1.6680241709040686e-04
97                                     1.3106998202950442e-03        -1.5522559467043774e-03         6.7699610905238693e-04        -1.7330006217559566e-04         3.5169376104097604e-04        -5.9995774594161027e-05        -1.5705822201561429e-04        -7.5600356435018756e-05
98                                     5.3419875022000249e-03         1.9758564661139327e-04        -1.0042384453178525e-04        -2.6534620744640621e-04         2.7577730217658689e-05        -1.7121968399719080e-04        -1.2007226346188926e-03        -1.5181764907782271e-05
                                                        16                          17                          18                          19                          20                          21                          22                          23

0                                     -2.5315219657893366e-04         6.6408126002045256e-05        -6.4953692009112659e-04         1.1479065890502987e-03        -1.6981121558144264e-04         6.1333125894137502e-04         4.5678330911048839e-05         1.4560865936700433e-05
1                                     -1.2315424873892675e-04        -1.0907274077749286e-04         6.7172025495314421e-04        -6.1028576410034475e-04         1.3088088742728454e-04        -6.6496735130251174e-04         4.6454897763321691e-06        -1.3657491161028828e-05
2                                     -6.5067732728417660e-05        -6.4206041446958752e-04        -1.4688980358537525e-04         1.6444891550358785e-04         1.5513233782921284e-04         1.3104669452728009e-04        -6.4521292454605239e-06         3.8269706759224640e-05
3                                      8.0641054019648219e-04        -2.7371379570565119e-04         1.7791966219837681e-03        -2.1422136547229334e-03         3.8790093301601785e-04        -1.7525186837686502e-03        -1.7994527810617105e-04        -1.6283586337935692e-04
4                                      7.8835202320277162e-03         6.1574168754145319e-05        -5.9790672074988404e-03        -2.0832873157131927e-02         2.4451725596282333e-03         2.3432237424218776e-03        -4.1570866539375267e-04         2.2930480457103954e-04
5                                     -1.0305857106218967e-03         3.0859840198060992e-04         8.4492926618440407e-04         2.8054967675570155e-03        -2.3455235586386980e-04        -3.9932102847573523e-04         1.2512335592784293e-04        -2.6264567262792462e-05
6                                      1.1294949605501113e-02        -2.9977174122954421e-04        -8.4295192118737320e-03        -1.6924468532267832e-02         1.7789141054239217e-03         5.2378805797300126e-03        -3.0041010446012944e-04         4.9512086202445598e-04
7                                     -1.0119864753823586e-02         1.4939946428072354e-03         5.4564628720870220e-03         9.4652223853530677e-03        -1.1628466896907298e-03        -3.2084708768036589e-03         4.6025262855037014e-04        -3.7553132976961994e-04
8                                      2.4732577965690828e-03         6.0646599927094008e-03        -9.5408491516232451e-04        -1.8789636400173525e-03        -1.1398431642598396e-03         6.0858589251913372e-04        -1.6371588252375906e-04        -4.9708428846402725e-04
9                                      2.5666807991122587e-02        -6.0021271595129006e-03         1.0593706135755873e-02         1.1178885376609549e-02        -7.5605049780294391e-04        -6.1376045043103128e-03         9.4182180597743304e-05        -5.0187409851201758e-04
10                                     2.1187075378741982e-02         8.6075633707882737e-06        -6.2241245582032832e-03        -4.5998844152957553e-02         5.1417228953471780e-03         1.9488287953085539e-03        -1.4611916691377076e-03         2.7524274327836852e-04
11                                    -2.2303393151152581e-03         6.3494067529715204e-04         1.3936198317244985e-03         6.2808927556520424e-03        -4.2532539604924133e-03        -3.8632562126002571e-04         3.2569350810889600e-04        -8.0277553906937804e-04
12                                     5.0163321199874766e-02        -1.7532948655842494e-02        -4.2489442728813484e-02        -5.8530841956577456e-02         6.0692914761570184e-03         8.7558013657901522e-03        -2.4285367447430305e-03         6.2680638247146264e-04
13                                    -1.3279154212250932e-01         1.0828716794407823e-02        -2.1141006508958123e-02         3.3924123401348760e-02        -4.2331155015560996e-03        -6.0847987520149232e-03        -5.1379198004233885e-03         9.3026062936664910e-04
14                                     1.3280402778895257e-02        -5.7802632305689272e-02         1.6146001827482999e-03        -6.9611045546963193e-03         5.7275861026987729e-03         8.1365739666456813e-04         1.3995255671064865e-03         4.2864689171827099e-03
15                                    -5.7050395049716832e-02         2.9803677080582840e-02        -1.5889925404286515e-01        -3.8925188567706839e-02         2.9145420412902655e-03        -3.8095725029764112e-02        -2.9345617598537641e-02         5.2334972908398697e-04
16                                     6.6763432397540301e-01        -8.1788289260899164e-02        -8.7338491803659934e-02        -2.1730798160160267e-01         1.7098350394523992e-02        -1.1058191591952704e-02         8.2177455158255579e-03        -1.4989761163916287e-03
17                                    -8.1788289260899164e-02         1.4427505609713495e-01         1.2057493036460502e-02         1.9355499599961717e-02        -6.4359809629560616e-02        -3.2707378468017009e-03        -2.1295486127749213e-03         1.4656355843005835e-03
18                                    -8.7338491803659934e-02         1.2057493036460502e-02         6.2024380425370573e-01        -2.0805523298719160e-02         2.1175801901876415e-02        -2.2275829804874350e-01         1.2297363479011399e-02        -9.2916320920259643e-03
19                                    -2.1730798160160267e-01         1.9355499599961717e-02        -2.0805523298719160e-02         6.4760883346396869e-01        -5.7913658877023294e-02         4.6998846381572611e-03        -9.9523133805703601e-02        -2.8508635148558614e-03
20                                     1.7098350394523992e-02        -6.4359809629560616e-02         2.1175801901876415e-02        -5.7913658877023294e-02         1.5390894696537027e-01        -8.3786477009488818e-03        -2.0842923059719853e-03        -5.3234020616011263e-02
21                                    -1.1058191591952704e-02        -3.2707378468017009e-03        -2.2275829804874350e-01         4.6998846381572611e-03        -8.3786477009488818e-03         6.2926032020461065e-01         7.0487304128753758e-02         5.4664332248405459e-02
22                                     8.2177455158255579e-03        -2.1295486127749213e-03         1.2297363479011399e-02        -9.9523133805703601e-02        -2.0842923059719853e-03         7.0487304128753758e-02         4.5587984930614539e-01         7.9370447153831319e-02
23                                    -1.4989761163916287e-03         1.4656355843005835e-03        -9.2916320920259643e-03        -2.8508635148558614e-03        -5.3234020616011263e-02         5.4664332248405459e-02         7.9370447153831319e-02         1.4106783948963064e-01
24                                     6.6796376322001694e-03        -4.7997385221601138e-04        -3.6354461538679932e-02        -1.8970913475973617e-02        -8.3439188366027754e-03        -1.8533890487792146e-01        -8.3819351313824647e-02        -3.0143038860044172e-02
25                                     7.7518262463050316e-04         4.0099630670384356e-04        -8.2514105509231689e-03         1.2917749980565090e-02         3.9903455901196642e-04        -1.2126633863964746e-01        -2.2757026228764615e-01        -5.1168465763735765e-02
26                                     1.1805686010079460e-03         2.5757192889801560e-03        -1.6864810840097090e-03        -2.3371692176667614e-04         3.8971422333250079e-03        -4.3645841451717335e-02        -5.0508780821919390e-02        -7.6078130903212693e-02
27                                    -2.2559907621669036e-03        -3.2261461554083384e-04         8.5882870970656056e-03        -4.1478683584464061e-03         3.8766183859070304e-04        -6.8601909440720005e-02        -4.8790594333283484e-02        -1.8020310341076973e-02
28                                     1.8880811865585208e-03         1.9530529951592985e-04        -8.6632761966345985e-03        -2.4942706455859647e-03        -2.9282314799939039e-03         4.1047014787118537e-03         3.5307898142476687e-02         7.6481886424853958e-03
29                                     2.7192626408206581e-04         2.0963852477668863e-04        -1.5259608841456176e-03        -2.4826201550133516e-03         3.9164027054306759e-03        -4.6829386266565576e-03         4.8552183273571688e-03         8.0542163706857489e-03
30                                     3.7320602923198382e-03         3.1522038326904579e-04        -3.5628356090534712e-03         3.1227395070441630e-03        -1.5300385818483976e-03        -2.7522809036105489e-02         2.5650558033070248e-02         5.2336737713285795e-03
31                                    -2.7295002009975174e-03         1.1638545242103541e-05         5.5748892347129517e-03        -7.3089300791038345e-03        -6.1270893808933495e-04         1.3518481642928182e-03        -1.9454199987677622e-02        -6.6704725800569072e-03
32                                     3.2551826876039085e-04        -4.1889323723734483e-07         7.4453500614487904e-04        -1.1150482062310448e-03        -1.9073312303365120e-05        -1.9701910175681844e-03        -4.9015974718176984e-03         5.6204720717143095e-03
33                                    -1.8993115056468589e-03        -4.0097575526997897e-04         3.3895480417001946e-03        -5.7631050979455728e-05         1.2061751991344046e-03        -9.8753739774257894e-03        -1.6650519131086661e-02        -5.4892277699508506e-03
34                                     2.2673901822111995e-03         5.5184221958529708e-04        -4.7950749438677104e-03         3.4745297596162458e-03        -1.4773492500841181e-03         3.3540719560838138e-03         3.4381177576868994e-03         2.1143037645677239e-03
35                                     5.2144145409932724e-04         7.7547892218555108e-05        -1.5223666346690047e-03         1.3868541300535224e-04         2.3491000075376001e-03         6.9675455097935931e-04        -8.8424137990860633e-05        -1.7020721577718050e-03
36                                     5.3366858872251242e-04         9.0798481135587189e-05        -6.6290969463975776e-04         2.1373250688693727e-04        -3.3933714245171903e-04         1.5567508514642415e-03         4.8813859536372328e-03         1.5571236905415208e-03
37                                    -1.8363433381344441e-03        -4.0490789200556591e-04         3.8039466547917906e-03        -1.1805986576291483e-03         1.0605342150004637e-03        -7.4965039366321398e-03        -1.0671864493555894e-02        -3.7917216240025515e-03
38                                    -4.2402575007353195e-04        -9.4446570692591583e-05         9.0775371831186980e-04        -2.5194636158177902e-04         2.8919791696812376e-04        -1.7671083519925925e-03        -2.2565878789835162e-03        -8.7208166653344901e-04
39                                     6.9004498688593984e-04         1.0326212713885068e-04        -1.2859011440380175e-03         2.6424958740511525e-04        -3.6733834917630277e-04         2.2429153838211197e-03         5.3532646006962375e-03         1.7365511060767353e-03
40                                     6.5287673058925092e-04         9.7071357572376879e-05        -1.1525153908366319e-03         4.3716626093920959e-04        -4.3067247539361651e-04         1.5692155830490436e-03         3.4017095840239847e-03         1.3035982735900981e-03
41                                     2.2471497918690855e-04         2.4369393648564642e-05        -5.0104691565353802e-04         2.8905420205026884e-05         2.6108996406929417e-04         6.4752516113489311e-04         1.3023443850193606e-03        -1.6493797318199981e-05
42                                    -4.2678247170988741e-04        -4.5286864087946445e-05         7.4159682194573952e-04        -9.5750880169236021e-05         2.2873177858930721e-04        -3.4562585299006965e-04        -2.8479624092288712e-03        -9.3644292685884293e-04
43                                    -4.0157310594179897e-04        -8.6135653579841277e-05         7.8276376395781336e-04        -4.3353234466673475e-04         2.3821449438652352e-04        -1.6490076596600272e-03        -1.2183375646176628e-03        -6.2528186596458378e-04
44                                    -1.1728298750370044e-04         1.3505658091694339e-06         2.9493892647738267e-04        -8.8041827829806298e-05        -7.4509148302637397e-05        -5.0165829836374353e-04        -5.8148349570503251e-04         2.2039033274479786e-04
45                                    -9.0757165912414537e-04        -2.0415059258159507e-04         1.7114023465033376e-03        -7.9351341027475647e-04         5.1299779527612843e-04        -3.2996752594169993e-03        -4.8713643367477421e-03        -1.7606110801149054e-03
46                                     1.8984522843307040e-04         6.0115859741422168e-05        -3.3952554893486417e-04         1.3121927117002688e-04        -1.0416045040217400e-04         7.7321221709647178e-04         1.0888269770257394e-03         3.7194696043611389e-04
47                                    -4.1791688356906320e-05        -1.9070757580105638e-05         9.5418674883662410e-05         3.5400401416710561e-05        -1.4406685066890387e-04        -7.6730721857501419e-05        -1.4044505480814479e-04         1.2137213891231072e-04
48                                     5.3488456415848578e-04         1.2453118299605992e-04        -9.2639298456447840e-04         4.9706156517285993e-04        -2.9062227650029546e-04         1.8431995713469873e-03         2.8526495480455201e-03         1.0173888735451032e-03
49                                    -1.4553992528235787e-04        -3.7278597780194124e-05         2.3954423332652082e-04        -1.2961638981161890e-04         8.0327628617049356e-05        -4.9024368004048032e-04        -7.8509315778659634e-04        -2.7705852578021575e-04
50                                     1.0243947594882075e-05         7.6074484617944184e-06        -1.6905219922836146e-05        -4.4549887185121175e-06         1.5757640224317051e-06         1.6665392809421414e-05         2.2882303135108011e-05         3.9593278266062413e-06
51                                     2.2507730862676382e-03        -1.4100122311393073e-04        -1.2910644239149560e-02         2.5434776346582800e-02         5.8426503194460482e-03        -6.6550933190598086e-02         5.2531025854541308e-02         1.1381014116490965e-02
52                                     2.9907831787970448e-04        -7.7989733887577411e-04         1.4259458269512276e-02        -4.0208576787084749e-03         7.2175835349290451e-04         2.2461558717209465e-02        -1.2404479463144681e-01        -2.1741640817007621e-02
53                                    -1.0193262163745000e-03        -2.0309578543082252e-04         1.4064733666138915e-03         9.0359655820636611e-04        -6.5379766863180033e-04         5.6108311683367440e-03        -2.0105383067428116e-02        -3.7971042390453430e-02
54                                     4.4795730627378520e-03         3.0504909659701505e-04        -1.4914241112759885e-01         5.1605287440181016e-02        -1.1081510719383091e-02        -3.2700081584728730e-02         3.2827609118319584e-02        -5.1087610815482984e-03
55                                    -5.4638941917772826e-02         8.5425857312871212e-03         9.2597491001039187e-02        -2.9757796562185851e-01         3.5128436532082745e-02         2.5003872840806955e-02         1.0256055394197838e-03         1.9543834747874477e-03
56                                     8.8344367743514764e-03         5.3901786723818401e-03        -1.9349158713418510e-02         3.6208394243587544e-02        -6.7502134479777487e-02        -1.3939885284728910e-03         2.3618070743816094e-03         3.3639369801425137e-03
57                                    -2.0951785517164222e-02         1.7452149011581211e-03        -2.2478952980376589e-02         6.7061308243710024e-02        -9.7417965493607032e-03         8.4440754371882046e-03         1.7435964238137792e-03         3.2722640072800732e-04
58                                    -1.1057242054768428e-03        -3.7311598421863219e-04         3.3435484178744257e-02        -4.5559228881566442e-03         2.7371098082109545e-03         5.7704540802285334e-04        -4.8496996531772318e-03         1.2526573599391617e-03
59                                    -7.5968429599543134e-04        -1.7589290437869179e-03        -6.2844718235068112e-03         2.7684945597480082e-03         4.5394072072321018e-03         6.9327281979627859e-04         1.5457981843851436e-03         6.5080459356999755e-03
60                                     6.0710801300706951e-03        -3.3470262417018026e-04        -4.9961315981006359e-03        -1.9126441742052344e-02         2.0360140773468187e-03        -1.2406287937110141e-03         8.3155999044669466e-04        -1.5656728751442723e-04
61                                    -4.5651906607574733e-03         2.2160447734809381e-04        -2.9677695022283200e-03         1.6838970097522027e-02        -1.5647764226678872e-03         2.2334647417383384e-03         7.2721284840844905e-04         1.7693690699081594e-04
62                                     7.8113492056818088e-04        -8.7686057263473285e-04         3.3884425250853148e-04        -2.3441315685900060e-03         6.2362784985125468e-03        -6.7429727133189415e-04         9.2666045770652713e-05         3.8632602025179394e-04
63                                    -5.9796730346356698e-03         2.7650138761911298e-04         9.3521247017383166e-04         1.8493332720377863e-02        -2.3803592218836936e-03         1.1185459733850510e-03         4.8939449982865154e-04         2.7263457105633590e-05
64                                    -4.1529211544183023e-03         1.9200089417220818e-04         1.4005114375057535e-03         1.0100469089372543e-02        -1.2462265802730876e-03         5.7127010384577358e-04        -2.0347540079404351e-04        -3.7041806153551682e-05
65                                     4.3328949415632567e-04         7.7037413183776000e-05        -1.2538638432939519e-04        -7.4832677100305459e-04        -9.0747619393661432e-05        -2.6776685334147643e-05        -1.1409071194931145e-04        -2.8259191586827001e-04
66                                    -8.7317732472886358e-05         1.2271035115590752e-05        -7.2884826791527605e-05         2.4760087006824868e-04        -4.0947735554701430e-05         9.8903735604845549e-05         9.7811772416744826e-06         3.8965526266746101e-06
67                                     2.9028384785017902e-05         2.1645393354218379e-06        -5.0935876606316940e-05         7.4849238785726965e-05        -1.2187162760974115e-05         7.1554642741588535e-05        -2.4569627510751153e-07         4.3187445665803285e-06
68                                    -2.4805433213868198e-06         2.0895902107426366e-05         8.7010339941334531e-06        -6.2406773439184157e-06         2.2090070608506726e-05        -1.1832656149595870e-05         2.9758255588959619e-07        -1.0214575840534904e-05
69                                    -5.6420394557620346e-05        -1.3414262552030452e-04        -1.8634222762977976e-04         2.6098540187724620e-04        -9.1144120518166051e-06         2.3254556763348537e-04        -6.5733969817931748e-06         1.3213485431577527e-05
70                                    -1.7399027769560296e-04         3.6882628273184038e-05        -1.3289838458672119e-04         4.3151401831772128e-04        -6.2849375768096930e-05         1.3453097658798317e-04         8.7346842593387397e-06        -7.1956302851903468e-06
71                                     4.9058649825827822e-05         2.0009188823916576e-05         1.0463889266758373e-05        -1.6104940301987802e-04         2.5927402852893931e-05         1.9770435225800829e-07        -6.4420146452849885e-06         1.0603833711581956e-05
72                                    -1.9648836607893705e-05         1.4602805901040470e-04        -1.8893499305136261e-04         2.4469735220040560e-04        -7.4086097890233051e-05         2.3951892682844595e-04        -3.7831629785702427e-06        -5.9159551771449529e-07
73                                    -1.8297986306411244e-04         1.0323704165069667e-05        -1.3979808883471260e-04         4.5341267558985960e-04        -6.5515703900074349e-05         1.3471599804094816e-04         1.6138142716897016e-05         2.2056591877562322e-05
74                                     7.7917604086744128e-06         3.0526317646060265e-05         2.6279068266551737e-05         4.5852753464232501e-05        -7.4392555277497514e-07        -3.2477641428999644e-05         3.7896075420860032e-06        -1.5199995142019924e-06
75                                    -2.5968004110129131e-02         3.3496821929585759e-03        -4.2500648193756208e-03         2.2065502471194879e-03        -6.8039661158040654e-04        -1.0956530439715061e-04        -1.3871408420037448e-03         8.5802768928717739e-05
76                                     7.3715299442242681e-03        -5.2737807701856558e-04         1.5104991836546971e-03         1.4667292662369001e-03         1.0198523796783191e-03         2.6451090836250764e-04         2.4595408632805500e-04         7.2871371063566986e-05
77                                    -1.2074412779852211e-03         3.6166523739455448e-03        -9.6272169266021839e-04         1.2709574385422601e-03         8.1300616379301159e-03         1.3279534315390975e-04        -6.4201201406271331e-05         5.1610132725080375e-04
78                                     9.8552959292544207e-02        -1.8338953757872901e-02         1.0448631762317809e-02        -1.7324181495000309e-02         2.7513027916875477e-03         1.1700790066900392e-03        -6.3444990265165788e-04         2.0770877303553025e-05
79                                    -2.8482058964808377e-01         4.2418633917013789e-02         1.1240424624602528e-02        -1.7487676314262800e-02         3.4550483017429107e-03         1.7379730281432276e-03         2.0466777719226493e-05        -2.6693611213483674e-04
80                                     4.3496353793260868e-02        -4.4664468403815577e-02        -2.0549269801231739e-03         2.3510238260199875e-03         2.3193425688103628e-03         2.8245903153732818e-04        -3.5663227027903587e-04        -2.3045823320393451e-03
81                                    -6.5043855524223601e-05         1.2167269468215205e-04         4.1102527082823677e-04         8.2969129392664650e-04         4.4208798306224540e-04         8.7890258092901963e-03        -1.9553133724727938e-02        -5.5041221137655891e-03
82                                    -1.2095323931005450e-04         9.1959249984682441e-05         1.0473663309091361e-03        -3.6892854658116155e-05         1.0816465039868467e-03         5.6029635559913665e-03        -1.4152120469996483e-02        -4.5738390791684163e-03
83                                     1.6132314289726504e-04        -1.9290349787257169e-05        -6.4518850490576703e-04         1.0756732985792343e-03        -2.8332545311405208e-03         3.0763758865040144e-03        -5.9585126705840050e-03         1.8959808635867249e-03
84                                     2.2208227035316246e-04        -6.2919106808063735e-05         1.6997771316773079e-05        -1.1453825113198106e-03        -2.3630041616658090e-04        -4.3558107496391423e-03         1.5515767745762109e-03        -1.2995877008025944e-04
85                                    -1.3700643085966008e-04         1.4044175547758787e-04         2.0696519733435955e-04         8.5947620274644536e-04         1.0004923025073236e-04         3.4377831146390689e-03        -1.2287185133331411e-03        -1.0315523461181370e-03
86                                    -1.5937942133181153e-04        -2.6987651364084519e-04        -1.1726354540724524e-04         2.2674897358389322e-04         3.3040702118427808e-04         5.6039139481437773e-04        -1.1154404937092348e-03         3.3656340249959404e-03
87                                    -2.4827099825610734e-05        -5.1119533551790609e-06         1.6842110775660028e-04         4.5630019003405574e-04         1.6233763811283758e-04        -1.0586139623403820e-03        -1.2700064113321252e-03        -4.6744567369190048e-04
88                                     2.7908104490159883e-05        -8.3464598024421649e-07        -9.3470060462179328e-05        -2.9334455958550734e-04         1.1952207536490193e-04         1.0676881619497633e-03         6.8187334605313596e-04         7.2338921214729741e-05
89                                    -5.1845455712320299e-05         2.2185010911042813e-05         2.4876025012232985e-04         6.7466117775423062e-05        -7.4015144478148311e-04         1.2894809972934022e-05         3.8823519998683819e-06         6.6047873379302974e-04
90                                     2.7309399211015066e-03        -6.9180452831395993e-04         1.1597303613216071e-02         1.1302598418220363e-02        -1.5215128401473593e-03         1.2231141587914530e-04         3.1483473430477405e-04        -3.5920473851977237e-05
91                                    -3.0636894266448606e-03         1.5566938457044050e-03        -1.6875151098002868e-02        -1.8469267675152213e-02         3.0279104238899917e-03        -1.6799326864274287e-03         2.0811812234083384e-04        -8.5970174262488134e-04
92                                     1.2575672650341823e-03         5.8991341260876068e-03         4.1125603144667169e-03         3.4537748654583714e-03         3.8498595155750689e-03        -8.2631934387701101e-04        -8.3810278541541832e-04        -3.7909946560660884e-03
93                                     7.3615832035666242e-05         1.9512154519907027e-07         1.3372246011784445e-04        -4.3257891683469484e-04         8.4431990335467785e-05        -1.0343608481360955e-04        -2.1737870421425920e-05        -2.1219925203434375e-05
94                                     7.3509955201854276e-05        -4.4442328262805006e-05         2.4068945058946817e-04         2.7831109605050159e-05        -1.0353614190680791e-05        -1.5669393720699746e-04        -2.4502385448720606e-05         5.9088628082248212e-06
95                                    -1.6283336320585767e-05        -7.0155572095324966e-05        -5.7320800963414978e-05        -3.1171799594893312e-05        -6.2478372362107220e-05         5.1728767618022101e-05         2.0714528466698399e-05         9.8761511021178741e-05
96                                    -1.1007052376053042e-04         2.2348867369448208e-05        -5.1393703895071517e-04         1.6356513275498730e-04        -4.4597996259078808e-05         1.2230929319032876e-04         1.3535595187985264e-04         8.8767627231691024e-06
97                                    -7.9609639887875017e-05         5.7808619347284951e-06         1.7580327589061730e-04         4.9897969538312617e-05        -8.5237713784910732e-05        -1.6206800882705816e-04         8.1192336571841040e-06        -2.5580756915812399e-05
98                                     1.8859933233444356e-06         5.9371942016058479e-05        -3.3821393716648077e-05        -1.0136134207305999e-04        -6.1711084085453805e-04         3.9266531495182982e-05         6.9492832110195274e-07        -9.4623764784972485e-05
                                                        24                          25                          26                          27                          28                          29                          30                          31

0                                     -2.8677517716423800e-04        -1.0787161224496788e-04        -9.7049536005050117e-06         1.4940654840825529e-04        -1.3628457886355287e-04        -1.1164166729769670e-05        -3.3267198857029229e-04         1.7917531466154081e-04
1                                      3.7988018334359240e-04         9.9738406719301832e-05         1.4591439972755809e-05        -2.0010065387689069e-04         1.7308999392205002e-04         5.2084156198617400e-06         5.2113897812916261e-04        -2.4659912938203711e-04
2                                     -2.4154031718766254e-05        -1.9042903684057738e-05         4.4972930803282774e-06        -6.3501500688827205e-06        -9.4222130969200559e-06         3.2844479178490397e-05        -7.5660506441948779e-05         1.4479775708861070e-05
3                                      8.0294930290089161e-04         3.3959353719927423e-04         1.7391633956432445e-05        -3.8907915359481012e-04         4.0167006764014942e-04         9.0877661013647252e-05         5.6342082889807878e-04        -4.8155716020243706e-04
4                                     -1.4759219534858853e-03        -3.5783422762867200e-04        -1.4087606467907146e-04         9.1557287182648418e-04        -7.6130391206233566e-04         1.0111357049113100e-04        -7.0123762740429709e-04         6.1038783985705369e-04
5                                      2.1729768528353532e-04         5.0161289201634262e-05         5.0672863405847955e-05        -1.3309480642203911e-04         1.2184968088661557e-04        -2.0125551400832239e-05         1.2480552326363291e-04        -1.0052348838928142e-04
6                                     -2.8911538869805242e-03        -8.9131919909888441e-04        -1.9615809324614137e-04         1.5333143950845506e-03        -1.4174492888335600e-03        -3.2693766888044855e-05        -1.8599456019996062e-03         1.4490393121032129e-03
7                                      1.7879206038838602e-03         4.6669473363759395e-04         9.1572087938400753e-05        -8.9626394784939772e-04         9.0363839368390667e-04        -2.8394188418431573e-05         1.3311758129450364e-03        -8.6428174011497609e-04
8                                     -5.6275744889892551e-04        -7.0156245938998100e-05        -1.2064286781192216e-05         3.5001433100732816e-04        -2.9994473925008596e-04        -1.1074841315734685e-04        -3.0341317968127527e-04         3.1611485126839463e-04
9                                      2.7630256661460078e-03         1.0615788023358970e-03         3.3588934112743947e-06        -1.3949271928027445e-03         1.4068770637885968e-03         1.6263314663911917e-04         1.0276444070454506e-03        -1.2360981962614716e-03
10                                    -2.0602461883728949e-03        -2.5531935580423108e-05        -2.9478602690088333e-04         1.0116578293419424e-03        -1.1123003399719389e-03         1.9107853811962109e-04        -3.1944985169028110e-04         6.7316222699262190e-04
11                                     5.5596637127302857e-04         4.1701869208899788e-05         2.2147564297218011e-04        -4.1332798647650498e-04         3.0621282237637917e-04         5.4491191029041033e-05         2.2174794795390613e-04        -3.8286293998030397e-04
12                                    -4.7082418768373364e-03        -9.2304681033616998e-04        -2.8334283258278810e-04         2.2738155325575265e-03        -2.1401876538037867e-03         1.1538664461826012e-05        -1.6450034641376217e-03         1.7198896452485393e-03
13                                     1.1828565281158574e-03         1.4011852975581965e-03         3.0954269616123402e-05        -1.2733877563938841e-03         9.5960447350877946e-04        -3.8884974538579045e-04         6.5343971570488415e-04        -7.3098763617593788e-04
14                                     5.1911036914463883e-04        -2.6394437635649036e-04        -3.2809391100889251e-04         5.5543867070092313e-05         2.8297569764063773e-04         1.0574670137941065e-04        -5.6254419504672584e-04        -9.1999471917728228e-05
15                                     2.8263864142264034e-03         5.0040614385048407e-03         1.4145055279464538e-03        -3.9502921947899474e-03         1.2566802708352323e-03        -9.9913278478913365e-04         1.0060841162775533e-03        -2.1244250834801404e-03
16                                     6.6796376322001694e-03         7.7518262463050316e-04         1.1805686010079460e-03        -2.2559907621669036e-03         1.8880811865585208e-03         2.7192626408206581e-04         3.7320602923198382e-03        -2.7295002009975174e-03
17                                    -4.7997385221601138e-04         4.0099630670384356e-04         2.5757192889801560e-03        -3.2261461554083384e-04         1.9530529951592985e-04         2.0963852477668863e-04         3.1522038326904579e-04         1.1638545242103541e-05
18                                    -3.6354461538679932e-02        -8.2514105509231689e-03        -1.6864810840097090e-03         8.5882870970656056e-03        -8.6632761966345985e-03        -1.5259608841456176e-03        -3.5628356090534712e-03         5.5748892347129517e-03
19                                    -1.8970913475973617e-02         1.2917749980565090e-02        -2.3371692176667614e-04        -4.1478683584464061e-03        -2.4942706455859647e-03        -2.4826201550133516e-03         3.1227395070441630e-03        -7.3089300791038345e-03
20                                    -8.3439188366027754e-03         3.9903455901196642e-04         3.8971422333250079e-03         3.8766183859070304e-04        -2.9282314799939039e-03         3.9164027054306759e-03        -1.5300385818483976e-03        -6.1270893808933495e-04
21                                    -1.8533890487792146e-01        -1.2126633863964746e-01        -4.3645841451717335e-02        -6.8601909440720005e-02         4.1047014787118537e-03        -4.6829386266565576e-03        -2.7522809036105489e-02         1.3518481642928182e-03
22                                    -8.3819351313824647e-02        -2.2757026228764615e-01        -5.0508780821919390e-02        -4.8790594333283484e-02         3.5307898142476687e-02         4.8552183273571688e-03         2.5650558033070248e-02        -1.9454199987677622e-02
23                                    -3.0143038860044172e-02        -5.1168465763735765e-02        -7.6078130903212693e-02        -1.8020310341076973e-02         7.6481886424853958e-03         8.0542163706857489e-03         5.2336737713285795e-03        -6.6704725800569072e-03
24                                     6.1614887281501918e-01        -5.3420165104205178e-02         1.9388132953406783e-02        -2.9083500780072241e-01         3.9280825311521286e-02        -5.7907978821420810e-03        -3.2327708715204566e-02         6.9249568006061538e-02
25                                    -5.3420165104205178e-02         7.2881536614368025e-01         1.6353639724096275e-01         8.9833546984023502e-02        -1.3858235354613987e-01        -1.4493676667802421e-02         1.9746627538993256e-02        -1.9066820441730681e-02
26                                     1.9388132953406783e-02         1.6353639724096275e-01         1.7106355939659176e-01         7.0530045408019309e-03        -1.7446560642420332e-02        -6.7707159025648639e-02         3.2741604332868672e-03        -3.4666116640281446e-03
27                                    -2.9083500780072241e-01         8.9833546984023502e-02         7.0530045408019309e-03         7.1497061160725062e-01         6.6258170304777042e-02         5.9709084253156533e-02        -7.9920894869648221e-02        -1.0469579093978323e-02
28                                     3.9280825311521286e-02        -1.3858235354613987e-01        -1.7446560642420332e-02         6.6258170304777042e-02         6.3403282094772773e-01         1.3737608704775034e-01         4.0950359863254383e-03        -3.0801772047804488e-01
29                                    -5.7907978821420810e-03        -1.4493676667802421e-02        -6.7707159025648639e-02         5.9709084253156533e-02         1.3737608704775034e-01         1.7476503545427444e-01        -4.6587158976809967e-04        -6.6501344804661189e-02
30                                    -3.2327708715204566e-02         1.9746627538993256e-02         3.2741604332868672e-03        -7.9920894869648221e-02         4.0950359863254383e-03        -4.6587158976809967e-04         5.4588552929013567e-01        -1.1300871357752246e-01
31                                     6.9249568006061538e-02        -1.9066820441730681e-02        -3.4666116640281446e-03        -1.0469579093978323e-02        -3.0801772047804488e-01        -6.6501344804661189e-02        -1.1300871357752246e-01         5.7233634610547068e-01
32                                     1.5541358735676374e-02        -6.1952772053074871e-03         8.8369632832542427e-03        -4.4850872142806232e-03        -6.4628463148618892e-02        -7.4531450765568996e-02         2.3899005653229234e-03         1.1510413141754064e-01
33                                     2.3540939007883073e-02         5.5788816188979233e-03         2.1764225254893551e-03        -2.1302378766593449e-02         3.4177359164963346e-02         7.0905923699843337e-03        -2.5393182147482818e-01         7.5385542343274450e-02
34                                    -1.7712157662319001e-02        -1.0804129988913620e-02        -4.9338453322720190e-03         4.7085619765307535e-02        -4.0653145451135901e-02        -6.5292917146307222e-03         5.9758897447325321e-02        -1.1589118190609053e-01
35                                    -3.1123081998178171e-03        -3.5946001708058112e-03         4.2374136393881203e-03         1.0467490791973358e-02        -7.6551092074106106e-03        -1.7694280999649525e-03         7.2045358216955423e-04        -1.1207739614938605e-02
36                                    -6.1796972511011534e-03        -5.7337964088203033e-04        -3.5572033390206010e-04         2.5887266685006372e-04        -7.4017164426513600e-03        -2.1889801578899477e-03        -1.0388773151299798e-02         3.9036177157199467e-02
37                                     1.8050967601096764e-02         5.0327496220065162e-03         2.3250882020565619e-03        -1.1313538905076940e-02         2.3719791927659328e-02         4.2392978249781478e-03         3.8722129251567157e-02        -4.2335543107467760e-02
38                                     4.0760218574311469e-03         1.4856462354994006e-03        -4.7183756165654757e-04        -3.0536977086675320e-03         4.2757055213922040e-03         4.9066194766162960e-03         8.2940651697852724e-03        -9.9372968329623952e-03
39                                    -7.2991849628212197e-03        -2.1890637673392960e-03        -8.6875317288267399e-04         4.2415246282190081e-03        -8.3251429692875415e-03        -1.7886837309457645e-03        -9.9227496279076892e-03         1.2429978201978907e-02
40                                    -6.2052386638783629e-03        -2.0379423534181017e-03        -7.3877253887815559e-04         3.8568566964357520e-03        -7.4003449471588432e-03        -1.5837489414643243e-03        -1.0883490258369594e-02         1.1283796526740485e-02
41                                    -2.0249604178825464e-03        -5.7496212050624218e-04        -4.5917955484392356e-04         1.2697341892452777e-03        -2.3442650737782456e-03        -6.4985647604027803e-04        -2.9778952244050184e-03         4.6142752088299708e-03
42                                     3.9192618481611397e-03         1.6775970080508814e-03         5.9290777092298359e-04        -2.3770028206920686e-03         4.5890065198759362e-03         1.0101196108257245e-03         5.1887304394848035e-03        -6.1393942490136156e-03
43                                     3.2395633947298209e-03         9.9454293406800801e-04         3.7476462583410641e-04        -1.9773982451289857e-03         3.6484385602445438e-03         8.1880903549772649e-04         4.9122477384851071e-03        -5.1441295521520427e-03
44                                     1.0643767063591820e-03         3.4033908633607701e-04         1.7669915412044947e-04        -6.3862634201927390e-04         1.2386528263602637e-03         1.2756539306404144e-04         1.5338130288741895e-03        -1.7723023502999157e-03
45                                     8.4471364572401928e-03         2.5451803577900183e-03         1.0489088742168758e-03        -5.4472273806488950e-03         9.8937302808036667e-03         2.0052304446603730e-03         1.4349378351697153e-02        -1.3362699004856895e-02
46                                    -1.8998331463344292e-03        -9.5533814260554632e-04        -2.2496001143928009e-04         2.2973844776968937e-03        -2.0323826940162894e-03        -6.8719623592400879e-04        -4.2756764694452786e-03        -3.2959961086591848e-04
47                                     1.5123576246275900e-04         1.0663983175148556e-05        -3.4479273118112906e-04         5.4016367360004523e-05        -1.0906000901354595e-04         1.2891622294426408e-03        -6.1334327238000150e-04        -2.9728693393509973e-03
48                                    -4.9020560709629101e-03        -1.3350191739188986e-03        -5.5480986213383293e-04         2.7382805189781183e-03        -5.5146314753900883e-03        -1.1659632755554460e-03        -6.6084066508818300e-03         8.0963795882777502e-03
49                                     1.3407250001701897e-03         4.4687229012546257e-04         1.4470569998922855e-04        -9.7414603260592074e-04         1.4213372740656356e-03         3.8610702169374110e-04         2.2115883331960836e-03        -1.6997189534576332e-03
50                                    -3.2427240107814490e-05        -5.7422435083576128e-06         8.9510485949854861e-05        -6.1555072316822150e-06         3.7325550208493864e-05        -3.7771939427865990e-04         1.7180512256823396e-04         5.4676458152818296e-04
51                                     1.1230873211460976e-03         8.4698033957015736e-03         1.5099819242240242e-03        -2.3274900169075734e-02        -3.0699656324217159e-02        -9.7149572694527134e-03        -1.1420153820031920e-01        -5.9443550150442240e-02
52                                    -2.5871847973829659e-02        -5.2839524312109927e-02        -1.8254793279455825e-02        -6.4260443808904014e-03        -4.5191197659878529e-02        -1.4060407788663336e-02        -1.7660284669915212e-02        -6.4009199133391967e-02
53                                    -8.2324177703229553e-03        -1.5836251084716153e-02         3.5167577864009744e-03        -3.5205023022002110e-03        -1.6098550975556805e-02         2.1465856032730074e-03        -1.0274308078478778e-02        -1.3132323623143450e-02
54                                     2.3723268758845950e-03         3.4737822446999477e-03        -8.0700067212770982e-04        -5.2430973188576438e-04         1.3124206178568795e-03         9.2110973526691054e-04        -5.1353948401202613e-04         6.2417299108348599e-04
55                                    -7.7913048392994413e-03        -2.7196219078965342e-03        -5.4388123672086293e-05         2.8077626649258172e-03        -3.2701561908910857e-03        -3.7161574144663439e-04        -3.8717408487266907e-03         3.1921112949896678e-03
56                                    -1.3755911809667995e-03        -2.5436230249152505e-04        -6.5564112789085350e-04         8.6465317257201088e-04        -3.3125012358506455e-04         6.9573324521544477e-05        -6.7466068751984975e-04         7.1561678185484159e-05
57                                    -1.1997924940548663e-03        -1.7031317460791647e-03         5.6547661570656698e-04         4.2711701620014655e-04        -4.9741088363392796e-04        -6.2358380672665383e-04        -8.8161689361588636e-04         7.2339025302919132e-04
58                                    -1.7397258705321127e-04        -2.6201434068579737e-04        -3.0775398520899340e-04         2.6795914854155516e-04         2.7458046392367971e-04         1.6272388199711492e-04         1.2962936661874342e-04        -4.4356762534515138e-04
59                                     8.1630555189358175e-04        -2.2694516230769451e-04        -8.2148386970582734e-05        -5.2887429310558768e-04         2.0582644554487692e-04         2.3576296203370697e-04         9.3112466492909472e-04         1.3248312389717119e-04
60                                     5.5017632394438606e-05         2.9248940852367393e-04        -5.3674023007238260e-05         5.8423110845489654e-05        -3.9947223794034210e-05         1.2072022436290621e-04         6.6206406623672419e-05         6.2125558693787366e-05
61                                    -8.0070028952220656e-04        -4.5402522420146668e-04         9.5513298430901497e-05         2.8574757999647342e-04        -3.3743161799685141e-04        -1.7407698560976660e-04        -1.0285079908956168e-03         5.9518248137885657e-04
62                                     2.3895276710663295e-04         6.5307613302382096e-05         6.9178992161159444e-05        -8.3213103874407791e-05         1.2704516570466204e-04        -3.0265689887158999e-05         1.9794626677559446e-04        -9.6333273633950433e-05
63                                    -2.5900275642695188e-04        -2.3861322178044919e-04         7.1644722054185371e-05        -6.3114978083561157e-06        -7.8521080664409630e-05        -1.4311541111694775e-04        -7.5763403807114886e-04         3.3038897554257764e-04
64                                    -5.2334085260125665e-05        -1.0613341394081863e-04         1.5257204076927862e-05         3.3205516308653828e-05         1.7346828733852596e-05        -3.3492199190596049e-06        -5.3900877236517475e-04         7.4711045351427864e-05
65                                    -8.2141214677873783e-05         2.4940512925415725e-05        -7.5190398374513678e-05         5.4926356763954339e-05        -4.2052203945268927e-05         5.6431698602705635e-06        -6.7667118779380809e-05         2.1373370592092665e-05
66                                    -5.7039091329696688e-05        -1.1387548671029174e-05        -7.4421982585239381e-06         2.9679016722595339e-05        -2.5294123027315154e-05         2.5902030660325499e-06        -1.0483239529132418e-04         4.5700802015029841e-05
67                                    -4.7012045746978149e-05        -9.3496326575067540e-06        -4.8628892069986236e-06         2.3887470137941053e-05        -2.2522048318727626e-05        -3.6061410842083003e-07        -7.0287695218843540e-05         3.5511682892054393e-05
68                                     5.7848727272400451e-06         1.4910925882651423e-06         2.1160914145771051e-06        -2.7319778748012697e-06         2.4800052876600532e-06        -1.4571538935329334e-06         1.0938839790497833e-05        -3.9835255813260946e-06
69                                    -1.4811116528752702e-04        -2.4596289117355592e-05        -1.2840211155085108e-05         7.1192480230525788e-05        -6.5279350844205802e-05         1.3724573133353540e-05        -2.6567157414710262e-04         1.0852929096302608e-04
70                                    -6.5141211684371589e-05        -2.1644917540203156e-05        -1.1261346237699250e-06         3.4714361531098685e-05        -2.9301442325139216e-05        -2.4676655601532567e-06        -9.5155247797442890e-05         4.4246779386525285e-05
71                                    -1.6173022976071813e-05         3.6211741498729465e-06        -4.5622803859646103e-06         9.6772508685315781e-06        -8.2963838135812894e-06         1.9477042351633759e-06        -3.2630086373481912e-05         1.5454346464812736e-05
72                                    -1.6669662432130110e-04        -2.7347616247591416e-05        -1.4904153368144754e-05         8.8429933523429081e-05        -7.3780625932015598e-05        -9.2516837192125907e-07        -2.7202626707677267e-04         1.2144038202333343e-04
73                                    -5.4821459163759507e-05        -2.4795402052096106e-05         1.8323934082976976e-06         2.8874952209467019e-05        -2.4854672169433201e-05        -1.9804173763278399e-06        -7.9492300393313621e-05         3.7787703235315157e-05
74                                     2.4896424353250280e-05         1.8461826488356810e-06         4.5960126343971039e-06        -1.2198805335923376e-05         1.1429192210385536e-05        -5.0548421581107133e-06         4.5036204710833443e-05        -1.8587819554736172e-05
75                                    -5.1413399018542698e-04         1.7545653366178679e-04         2.9297467513294964e-05         4.0226242542361118e-05        -1.8313775109376522e-04        -9.6704826525624460e-05        -2.8620072713972085e-04         1.7655188767848280e-04
76                                     6.4925379376231621e-06        -4.5092124120558281e-05        -2.5251688228042921e-05         5.6401969203198849e-05        -3.1287422087182535e-05         1.1702562587574553e-05        -1.2508319184713419e-04         6.4872862055409720e-05
77                                    -1.6266481826434642e-04        -5.0075215796564873e-06        -2.4468447945741930e-04         1.4719792168930870e-04        -1.2613623710435633e-04        -9.0488434955335290e-05        -9.2994145879674495e-05         1.2538844752980194e-04
78                                     3.4396448972068630e-04         1.4644782738205400e-04         1.3096876928393015e-04        -6.1870125917024856e-05         1.8749838765298580e-04         6.6543581818475088e-05        -8.7091724025658082e-05        -4.6749945832808514e-04
79                                    -3.7112847822178181e-04        -9.9849087757373795e-06        -2.0179451073654544e-04         5.0572260707886418e-04         6.6622736928093025e-05         1.0287433400307442e-04        -7.0473383875777464e-04         3.6073635280738450e-04
80                                    -4.7889910972807940e-04        -2.3896606756924709e-04         3.6824428086279721e-05         1.1844299844011012e-04        -2.9588852989702807e-04        -5.3343417692561847e-05         2.0677675712137613e-04         2.4651821572897899e-04
81                                    -7.6707598568265423e-02         6.8752842786616003e-02         1.7642849181050448e-02        -4.3422107193312812e-04         2.7254328993504173e-02         7.2499916619090700e-03        -5.7269524879776101e-03         1.6009402878901808e-03
82                                     6.9939636363191490e-02        -3.0669624404479484e-01        -7.3564363059364174e-02        -7.1759760578545689e-04        -1.5475744142412901e-03        -1.1362750493041042e-03         6.3844172861752223e-05         5.7022686266353616e-04
83                                     1.7730625358538803e-02        -7.4661550638119814e-02        -5.3689187832820763e-02        -8.2941562670026808e-04         1.1305570070297773e-03         2.7871746250928897e-03        -6.0731417874251609e-04        -9.1680054572492180e-04
84                                    -1.2108423684112524e-02        -1.7230471005346575e-02        -6.1091135003077651e-03        -2.3751622452398266e-01        -1.2840375067737753e-01        -4.9453247531938326e-02         5.9940336601152907e-03         3.7978955360834094e-03
85                                     1.0134713575028424e-02         1.1774635946078249e-02         2.9035442788773462e-03        -1.2864414029827403e-01        -1.5093765406366341e-01        -4.0774636813546324e-02        -2.2054480267145522e-02        -1.2148028964348913e-02
86                                     1.3509450227595400e-03         6.0176619623313120e-04         4.5334790418820091e-03        -4.9631108753051996e-02        -4.1053054142332214e-02        -5.0280995335844250e-02        -5.8180160165500761e-03        -3.7463354876004131e-03
87                                     6.2783409951174267e-04         3.6575561976365939e-04         7.7923930063152286e-05         7.1509887910794177e-04        -6.6905947602991390e-04         1.1120574879505576e-04        -2.3099239368196575e-02        -1.5111415433540104e-02
88                                    -5.8483330657555671e-04         5.2003694708713201e-05        -2.1225142144390961e-04         2.5110396626783112e-03        -2.8205453325433685e-04         8.8737691410959558e-04         1.0756627545658799e-02         1.0519299313300980e-02
89                                    -1.3813883258212794e-04        -1.9489516803079267e-04         7.2298821053107449e-04         8.6121248865059534e-04         7.1780486053634081e-04        -2.7476798888378252e-03         6.6336058550078587e-04         3.3878140481961882e-04
90                                    -6.5846527882146440e-04         7.1497700779082169e-04        -4.1055536053497725e-04        -1.5532495428139314e-04         1.3122224277769667e-04         1.3215139629677735e-04         1.7635854701016670e-04        -2.1537110580567543e-04
91                                    -8.1752135383458173e-05        -2.1695826884524251e-04        -1.3093074141115924e-04         3.5510558728535585e-04         2.1900376598515655e-04        -1.8546600914399883e-04        -2.6337030458009082e-04         1.4827511428808560e-04
92                                    -6.4325328714151899e-04         8.6262182508313999e-04         1.0889950648946189e-04         2.8035599368334447e-04        -2.8821542685444505e-04        -3.3769470465507825e-04        -2.1001313313857378e-04         7.5119651478380801e-05
93                                     5.8446643936098917e-05         2.0240673183160945e-05         1.6068544376756722e-05        -3.1823531735688355e-05         2.6999760278378275e-05        -3.1367325712080597e-06         9.2499879832317526e-05        -5.2719093432261285e-05
94                                     9.6222350832447987e-05         9.5598944621791502e-06         1.6563707074165315e-06        -3.2158932460665606e-05         4.5307425567186707e-05         6.0472849914400793e-06         9.9482319373763202e-05        -5.4183283920984833e-05
95                                    -1.0677221241625897e-05        -6.2848818221624805e-06        -1.0150221713181156e-06        -6.1778131522654574e-06        -8.9357150878849106e-06         1.0374122396919503e-05         1.9706079063038466e-05         1.1924612274824065e-05
96                                    -8.6792762969660031e-05        -2.0984893557884194e-05        -2.2904039547789763e-06         3.9425553246184186e-05        -4.0082429164322407e-05        -7.2248134062733913e-06        -1.2992257761040420e-04         7.8674463176831673e-05
97                                     1.0495086829934206e-04         1.9319853043831871e-05         1.7241212145581138e-05        -5.2339043157772808e-05         5.0293957956951965e-05        -6.1241880583236177e-06         1.4421508332909409e-04        -7.2462361141565192e-05
98                                    -2.1089212006234543e-05        -3.6657101170167023e-06         5.1941517365540853e-06         7.4401354367159973e-06        -7.6975904126787327e-06        -5.3168433074383812e-06        -2.6359121101463851e-05         9.2108800092588922e-07
                                                        32                          33                          34                          35                          36                          37                          38                          39

0                                      1.3434363168230237e-05         2.3629437210393703e-04        -2.7946198696614705e-04        -7.0962388094082562e-05        -6.9955795565290990e-05         2.3240268046410129e-04         5.3982515803102107e-05        -8.3362947771512767e-05
1                                     -1.9034612991474130e-05        -3.6599438415836725e-04         4.0878759473087780e-04         1.0408126969985041e-04         1.0964428391144491e-04        -3.4466777284681682e-04        -7.9764687258085975e-05         1.2521040709395078e-04
2                                     -1.4932968128980604e-05         4.8718879904692297e-05        -6.2297880678732255e-05        -1.1215916862996245e-05        -1.3777787354098347e-05         4.7059844638118552e-05         1.1876966814869982e-05        -1.5112561366610491e-05
3                                     -3.7918400717860842e-05        -4.4981626926787039e-04         5.9152047502885707e-04         1.1432780813530579e-04         1.3220857215349942e-04        -4.7097346825145071e-04        -1.0667077661929202e-04         1.6108351352603053e-04
4                                      2.5057729439536766e-04         5.7419658719325161e-04        -5.3213131363656781e-04        -1.4581268129515201e-04        -1.7324799140233039e-04         5.4337538092387916e-04         1.4321397447032645e-04        -2.0731456572123397e-04
5                                      2.6189663722077478e-05        -1.0439861676527219e-04         1.1418019422854871e-04        -7.0008823240798998e-06         3.0430608609550613e-05        -1.0192696418002606e-04        -2.1278053059890603e-05         3.8082690124365375e-05
6                                      3.2251761210389137e-04         1.4537179330889683e-03        -1.6575027607789818e-03        -3.7063146553123635e-04        -4.3470356221681611e-04         1.4332587690935638e-03         3.4480204897658208e-04        -5.1725003142176593e-04
7                                     -1.7874664817656968e-04        -1.0360341225000556e-03         1.1632264290780897e-03         2.8525945781331108e-04         3.0745355816650066e-04        -1.0038568597918584e-03        -2.4412581541629496e-04         3.5835676434777474e-04
8                                      1.8395926396503470e-05         2.5507099850314007e-04        -2.6712344306286583e-04        -2.6652932657170584e-05        -7.8894935383148128e-05         2.4386678859890880e-04         4.6520139697323542e-05        -9.2426097762196124e-05
9                                     -2.4583615852650760e-04        -8.3777710189134145e-04         1.0843003166365521e-03         2.3892430295801824e-04         2.4003521744391830e-04        -9.3052431922110578e-04        -2.2824157689983000e-04         3.3001504858891026e-04
10                                     4.7438384661602391e-04         5.2927512328353329e-04        -4.0937742360688334e-04        -8.8950633348992914e-05        -1.7321407042714105e-04         4.6392773875532486e-04         1.4536681996946170e-04        -1.7183321068271621e-04
11                                     9.8172877089216110e-05        -1.7195815271188095e-04         1.5980596466109016e-04        -5.1126924023648346e-05         5.4077383449056108e-05        -1.6266717011314278e-04        -5.5407172223073605e-07         5.9912463366319888e-05
12                                     6.2975339773255049e-04         1.3740079380838599e-03        -1.3933156582758045e-03        -3.1337982309130830e-04        -4.0279194863645455e-04         1.3102039887702040e-03         3.3178287315831874e-04        -4.8868958727212822e-04
13                                    -6.1090627632338131e-04        -8.3324189918601522e-04         9.4773907603164481e-04         2.9212823236778322e-04         2.4407796386441858e-04        -8.3029663523514216e-04        -2.2162184322325771e-04         3.0200775281002728e-04
14                                    -2.0306759624529448e-05         3.2006171636946636e-04        -3.6461667586564942e-04        -4.7345955764725923e-05        -7.8790214559008130e-05         2.9042691854427519e-04         7.1653083717507170e-05        -9.7625418433978277e-05
15                                    -2.4924098176632228e-04        -6.1397556425870259e-04         8.1332856409889248e-04         1.3105205925204147e-04         1.6171766218646454e-04        -7.5708984510121260e-04        -2.0031593641816391e-04         2.6664632403694077e-04
16                                     3.2551826876039085e-04        -1.8993115056468589e-03         2.2673901822111995e-03         5.2144145409932724e-04         5.3366858872251242e-04        -1.8363433381344441e-03        -4.2402575007353195e-04         6.9004498688593984e-04
17                                    -4.1889323723734483e-07        -4.0097575526997897e-04         5.5184221958529708e-04         7.7547892218555108e-05         9.0798481135587189e-05        -4.0490789200556591e-04        -9.4446570692591583e-05         1.0326212713885068e-04
18                                     7.4453500614487904e-04         3.3895480417001946e-03        -4.7950749438677104e-03        -1.5223666346690047e-03        -6.6290969463975776e-04         3.8039466547917906e-03         9.0775371831186980e-04        -1.2859011440380175e-03
19                                    -1.1150482062310448e-03        -5.7631050979455728e-05         3.4745297596162458e-03         1.3868541300535224e-04         2.1373250688693727e-04        -1.1805986576291483e-03        -2.5194636158177902e-04         2.6424958740511525e-04
20                                    -1.9073312303365120e-05         1.2061751991344046e-03        -1.4773492500841181e-03         2.3491000075376001e-03        -3.3933714245171903e-04         1.0605342150004637e-03         2.8919791696812376e-04        -3.6733834917630277e-04
21                                    -1.9701910175681844e-03        -9.8753739774257894e-03         3.3540719560838138e-03         6.9675455097935931e-04         1.5567508514642415e-03        -7.4965039366321398e-03        -1.7671083519925925e-03         2.2429153838211197e-03
22                                    -4.9015974718176984e-03        -1.6650519131086661e-02         3.4381177576868994e-03        -8.8424137990860633e-05         4.8813859536372328e-03        -1.0671864493555894e-02        -2.2565878789835162e-03         5.3532646006962375e-03
23                                     5.6204720717143095e-03        -5.4892277699508506e-03         2.1143037645677239e-03        -1.7020721577718050e-03         1.5571236905415208e-03        -3.7917216240025515e-03        -8.7208166653344901e-04         1.7365511060767353e-03
24                                     1.5541358735676374e-02         2.3540939007883073e-02        -1.7712157662319001e-02        -3.1123081998178171e-03        -6.1796972511011534e-03         1.8050967601096764e-02         4.0760218574311469e-03        -7.2991849628212197e-03
25                                    -6.1952772053074871e-03         5.5788816188979233e-03        -1.0804129988913620e-02        -3.5946001708058112e-03        -5.7337964088203033e-04         5.0327496220065162e-03         1.4856462354994006e-03        -2.1890637673392960e-03
26                                     8.8369632832542427e-03         2.1764225254893551e-03        -4.9338453322720190e-03         4.2374136393881203e-03        -3.5572033390206010e-04         2.3250882020565619e-03        -4.7183756165654757e-04        -8.6875317288267399e-04
27                                    -4.4850872142806232e-03        -2.1302378766593449e-02         4.7085619765307535e-02         1.0467490791973358e-02         2.5887266685006372e-04        -1.1313538905076940e-02        -3.0536977086675320e-03         4.2415246282190081e-03
28                                    -6.4628463148618892e-02         3.4177359164963346e-02        -4.0653145451135901e-02        -7.6551092074106106e-03        -7.4017164426513600e-03         2.3719791927659328e-02         4.2757055213922040e-03        -8.3251429692875415e-03
29                                    -7.4531450765568996e-02         7.0905923699843337e-03        -6.5292917146307222e-03        -1.7694280999649525e-03        -2.1889801578899477e-03         4.2392978249781478e-03         4.9066194766162960e-03        -1.7886837309457645e-03
30                                     2.3899005653229234e-03        -2.5393182147482818e-01         5.9758897447325321e-02         7.2045358216955423e-04        -1.0388773151299798e-02         3.8722129251567157e-02         8.2940651697852724e-03        -9.9227496279076892e-03
31                                     1.1510413141754064e-01         7.5385542343274450e-02        -1.1589118190609053e-01        -1.1207739614938605e-02         3.9036177157199467e-02        -4.2335543107467760e-02        -9.9372968329623952e-03         1.2429978201978907e-02
32                                     1.2914264699320840e-01         5.0117781281612183e-03        -1.2775778248913775e-02        -5.3389256699468951e-02         8.4130377054403536e-03        -9.6536304309717321e-03         6.2194177145597773e-03         2.6564853698387062e-03
33                                     5.0117781281612183e-03         6.3847684373045044e-01        -2.3189143716814617e-02         2.8560569242966943e-02        -1.1166253929543464e-01         3.0054559074881731e-02         3.5027460131326869e-03         2.3668015639658434e-02
34                                    -1.2775778248913775e-02        -2.3189143716814617e-02         6.9340592752183539e-01         1.3575595294335430e-01         5.9106924880608501e-02        -3.4090065389008040e-01        -6.6597178365738557e-02        -2.9144456837678662e-02
35                                    -5.3389256699468951e-02         2.8560569242966943e-02         1.3575595294335430e-01         1.7418012351631271e-01         1.0637993259160979e-02        -6.8673007351851778e-02        -7.0273254987766293e-02        -5.8822854032226680e-03
36                                     8.4130377054403536e-03        -1.1166253929543464e-01         5.9106924880608501e-02         1.0637993259160979e-02         5.8820574794463720e-01        -2.2802425391516286e-02         2.7759114919193160e-02        -1.7534867558639877e-01
37                                    -9.6536304309717321e-03         3.0054559074881731e-02        -3.4090065389008040e-01        -6.8673007351851778e-02        -2.2802425391516286e-02         6.4352876083691823e-01         1.2927672296797077e-01        -8.3729994964734905e-02
38                                     6.2194177145597773e-03         3.5027460131326869e-03        -6.6597178365738557e-02        -7.0273254987766293e-02         2.7759114919193160e-02         1.2927672296797077e-01         1.4370584926464283e-01        -2.8988449069776462e-02
39                                     2.6564853698387062e-03         2.3668015639658434e-02        -2.9144456837678662e-02        -5.8822854032226680e-03        -1.7534867558639877e-01        -8.3729994964734905e-02        -2.8988449069776462e-02         7.4168035110796571e-01
40                                     3.0701899033366586e-03        -1.5824431590594712e-02        -5.3039885941390107e-02        -1.4998297462093774e-02        -9.7523726361888816e-02        -1.6927613644374773e-01        -3.4390477751423447e-02         6.6640947597505318e-01
41                                    -3.2236861744295645e-03        -2.5817113294096155e-03        -1.5780768827447007e-02        -7.5411506154382003e-04        -3.2271371390967293e-02        -3.3473762906919613e-02        -6.5719723629138180e-02         2.0637372198344273e-01
42                                    -1.1545467562916554e-03        -1.1909355619879901e-02         1.3533222229729847e-02         2.4314102370014850e-03        -1.8484528241686504e-03        -3.2403813629577907e-02        -9.1846119980979468e-03        -5.3633700716443089e-01
43                                    -1.0363661082388063e-03        -6.5748302493203719e-03         1.4612637888366330e-02         2.8955450478757375e-03        -2.2198663239475822e-02        -1.2450623509962178e-02        -8.7583547404455897e-03        -5.4443948472149450e-01
44                                     1.1491260111205049e-04        -2.4792360722243351e-03         4.1982364669704625e-03         2.0213458226834512e-03        -6.7799435435156076e-03        -9.5417355560555688e-03         1.4569834915595891e-02        -1.6513148514819448e-01
45                                    -2.8117096229117984e-03        -3.2064508771899286e-02         4.5483914865241101e-02         8.9354022502879868e-03        -2.6740927761887379e-01         4.3723748970628043e-02        -4.2402424501003597e-03        -4.6596520492639182e-02
46                                    -2.4198567026558794e-03         4.4097475499671884e-02        -2.1045233343910220e-02        -2.3698264674810133e-03         5.4848463748174467e-02        -8.9457360970611716e-02        -5.3814885972349527e-03        -2.3009560664217457e-02
47                                     7.2280703487968574e-03         8.5275657877099051e-03        -2.3725891017354764e-03         1.8433811109900052e-03        -1.9283978015398905e-03        -6.0270539585164096e-03        -5.3344438508829306e-02        -8.8640121757204808e-03
48                                     1.6327323466329663e-03         7.3539529806163177e-03        -1.9026771241563545e-02        -4.3491503472401043e-03        -2.6472987262506853e-02         2.2840935558501467e-02         2.2586752068865954e-03         4.1068252421124106e-03
49                                     1.1375090984535550e-04        -5.2434083260536439e-03         5.5586442819885694e-03         5.8228303805847614e-04         1.3855572628477288e-02         1.2365195018865609e-02         2.6480919322344979e-05         2.3107607306335105e-03
50                                    -1.3360198980705399e-03        -8.7759281936264258e-04        -4.4003532021067647e-04         1.4863381531019118e-03         4.7359880545127272e-04         5.4664242273861382e-04         1.6762873654469979e-02         7.3454294716448695e-04
51                                    -2.1807252041289443e-02        -3.1607906357919192e-02        -4.7396031739066168e-03        -3.3750270692498212e-03         3.2415528310757815e-03        -7.4162473077812718e-03        -1.5479101382461450e-03         1.4930241296791935e-03
52                                    -1.0420942131617669e-02         4.3343932121107098e-03         1.5675183669318013e-02         5.0370056421388211e-03         1.2955505278338850e-03        -2.9290683043552363e-03        -5.4212353271367746e-04         2.9377224557322959e-03
53                                    -3.6305517049076974e-02        -8.5110540641373383e-04         4.2533603118798460e-03        -1.5131727510443935e-03         5.4686503161171629e-04        -1.0174485917936805e-03        -6.0694675782740285e-04         7.0320726362770752e-04
54                                     7.6838462560233967e-04        -4.7273407113130158e-04         4.6830647863984893e-04         3.5428716335504412e-04        -2.0844684921901522e-05        -5.9851466952882352e-04        -1.1238527758966534e-04         2.1143958307696351e-04
55                                     2.2797725383759784e-04         2.6335266846880031e-03        -3.6454515445695011e-03        -9.0521591047293653e-04        -7.1169205889503456e-04         2.7872242661237199e-03         6.6635938904938314e-04        -9.5447692636868066e-04
56                                     2.6150248528841676e-04         5.8692627143647484e-04        -2.5695128344533703e-04         6.5764011647594214e-05        -1.4834901519967663e-04         3.8986543248255951e-04         1.4183247840641070e-04        -1.5984950635756980e-04
57                                    -2.9158520253654344e-04         5.3101152254033778e-04        -1.1426214903993712e-03        -1.8342805636354189e-04        -1.1117199118622925e-04         7.5347658615014025e-04         1.4253198462855132e-04        -2.3662369426629857e-04
58                                    -2.4429086032285021e-04         9.5756232358793565e-06         3.5578332473828778e-04        -4.5915847235581872e-05         2.6068016511523907e-05        -9.6070542335464156e-05        -2.8408319604506817e-05         4.1755967409729672e-06
59                                    -5.0828497111463252e-04        -6.7309398456799933e-04         4.5395815865130479e-04        -1.4154836653810187e-04         1.8851348844154095e-04        -4.9651416942445752e-04        -1.6998375946256192e-04         2.0078043408277337e-04
60                                     1.5998992192773422e-04        -7.2208934583830258e-05         1.5879947300306748e-04         5.9449604734915362e-05         2.7181901163362177e-06        -1.0923767534119419e-04        -1.6444380668009600e-05         3.1868771388477888e-05
61                                    -1.9863398132698931e-05         6.8254133516027502e-04        -9.3656232514471546e-04        -2.0515137114563884e-04        -1.9719648466743576e-04         6.9494663038889278e-04         1.5282058424762846e-04        -2.3313108761654848e-04
62                                     1.3987964118293637e-04        -1.6332254071782889e-04         2.0553202859776998e-04        -3.3108846401794811e-05         4.1466249747838986e-05        -1.5695006206276079e-04        -2.2955711730943922e-05         5.6176541318397454e-05
63                                    -1.0450438434502125e-04         4.9702936976147921e-04        -7.1260780387109087e-04        -1.6040994197300608e-04        -1.4304286311772637e-04         5.0858442038902998e-04         1.0610380763895902e-04        -1.6697718165620897e-04
64                                    -1.3139418361279360e-04         3.4008120374944288e-04        -3.8584089476111641e-04        -1.0634458218126191e-04        -9.2125389713546674e-05         3.1812785912015097e-04         6.8526152424792705e-05        -1.1800554830881807e-04
65                                    -3.3487896800365448e-05         5.1423432002904178e-05        -4.8759440074752584e-05         5.5330892931483522e-05        -1.5327650047526963e-05         4.2505011705184755e-05         9.3547594917529177e-06        -1.7374896576179002e-05
66                                    -1.6245431326911082e-06         7.1608569753643105e-05        -7.9499254530911748e-05        -1.9222454110523104e-05        -2.1461216244901160e-05         6.5888645644129093e-05         1.5163203548878140e-05        -2.4653594276330453e-05
67                                     1.9483178339041495e-06         5.0818514378234302e-05        -5.7750118595183717e-05        -1.3527244431531962e-05        -1.5443468703394860e-05         4.7928603146266004e-05         1.1031332205093390e-05        -1.7329589317156770e-05
68                                    -1.5438274179305463e-07        -7.8843542051013874e-06         8.5790573926399302e-06         1.9267455209711500e-06         2.2553253717562582e-06        -7.1807192142063831e-06        -1.8387181756288341e-06         2.6157742416758591e-06
69                                     1.2258483770716842e-06         1.8197002320304638e-04        -2.0015012050574109e-04        -4.9276051186473612e-05        -5.4825074545932061e-05         1.6705532241676331e-04         3.8778609575282592e-05        -6.0397420840880724e-05
70                                    -5.0308783515482848e-06         6.5335953156329143e-05        -7.6041016949675685e-05        -1.5594413437605051e-05        -1.9222694197370594e-05         6.2417399675403744e-05         1.3778092589930659e-05        -2.1966672820371492e-05
71                                     1.6747247138283207e-06         2.4337127615858494e-05        -2.3997152416569296e-05        -7.1567405144448793e-06        -7.6548304026389347e-06         2.1162653720210815e-05         4.9702357283830227e-06        -8.1846625151882194e-06
72                                     7.2073391537022340e-06         1.8862154150785178e-04        -2.0477969342584711e-04        -5.2615999927738100e-05        -5.7285220138126306e-05         1.7273441359159098e-04         3.9978462361125686e-05        -6.2776806100885596e-05
73                                    -7.4028936520090498e-07         5.4045618341221259e-05        -6.3617348244293399e-05        -1.8506561879654659e-05        -1.5815621651466391e-05         5.2309085012825206e-05         1.2146860976603002e-05        -1.8438707999513524e-05
74                                     3.5543954923718301e-07        -3.2439514658044513e-05         3.4536937514969488e-05         7.9588079437519345e-06         9.8753536945230745e-06        -2.9307058128333136e-05        -7.0723015211283432e-06         1.0704715003956376e-05
75                                     2.6092558783614710e-05         1.9658292721132128e-04        -2.3493294488428418e-04        -4.3149386923513577e-05        -6.2285120825910316e-05         1.8522409381165788e-04         4.1931451321058531e-05        -6.7918734694015622e-05
76                                     7.4834539178281526e-07         8.6312912166241530e-05        -1.0047709060907002e-04        -2.3812587791760890e-05        -2.6067477327254152e-05         8.1784835538241515e-05         1.8578280198503919e-05        -2.7935847959142121e-05
77                                     4.4753134545348248e-05         7.3129519162731072e-05        -6.5553962266443218e-05        -1.7336953895535268e-05        -2.0211232898856078e-05         6.3186233797310330e-05         1.1816854777865666e-05        -2.0543704186421234e-05
78                                    -2.6602929572437954e-04        -5.3375693155948041e-05         2.7812089225984107e-04         5.3734509517436974e-05         4.2730562934043502e-05        -1.3201750476693396e-04        -3.7395307174429566e-05         5.2866141699719278e-05
79                                    -4.8641316889028608e-04         1.3003552428842260e-04         5.4261257006323342e-05         1.6341364121327746e-05        -3.0729588361121118e-05         5.8656988476538607e-05         2.0247815251795662e-06        -2.9638005072918881e-05
80                                    -4.4106278500991041e-05        -1.5998239296764782e-05        -6.6319626071880414e-05        -1.7867313238985403e-05        -1.8191839583291896e-05         2.8428678542424640e-05        -1.0048581817966421e-05        -1.1703112079523999e-05
81                                    -1.5399228309771545e-04         7.9939075698865240e-04         9.7572809059370434e-04         2.4285623517023626e-04        -5.5366830122041504e-04         5.1194571698502862e-04         8.4273855176007764e-05        -2.4985453625651178e-04
82                                    -9.4211775734257702e-04        -7.4160819366149563e-05         1.9442626921955240e-04        -2.8085392711990772e-04         2.3982356678046339e-05        -1.0830536761965656e-04         6.1370817839994691e-05         8.8759616311028574e-06
83                                     3.2380217113745736e-03        -1.1873704062506833e-04        -8.8026903530435407e-05         1.0038372752939713e-03         1.2965572013242310e-05        -7.6630606836449827e-06        -2.7055569076101372e-04         3.5035724603298688e-06
84                                     1.0627469286464235e-03         2.4726410447422460e-04         9.0973093594844557e-04         5.4100359147084753e-04         3.1191924580668666e-04        -3.8385963499509048e-04        -7.7307239501928391e-05         9.2849925295570624e-05
85                                    -5.9802738715425546e-03        -1.3075255332235180e-03         7.2388240614925390e-04         1.0401613444784050e-03         1.9982089576823679e-04         2.4940181533550073e-04         2.9844957132404320e-05        -9.7376603031877184e-05
86                                     2.7941940033895203e-03         3.3063318226214726e-05         1.1155643447909786e-03        -3.3518369213505587e-03         3.4728530275928701e-05         8.5948396788251206e-05         2.1282618384167111e-04        -7.7072764869433547e-05
87                                    -5.7530451755159213e-03        -2.2720452648663864e-01        -1.2927267200674147e-01        -4.4705001545617816e-02         7.7044503867699371e-03         6.1534187623721870e-03         1.6007681449951745e-03         1.2334340343034137e-04
88                                     2.0954808778681383e-03        -1.2569244533789634e-01        -1.5387685736520190e-01        -3.6372398560710159e-02        -2.2724279830624895e-02        -1.6537377252577375e-02        -7.2341121296817749e-03         1.5269738457430607e-03
89                                     5.5044909666315525e-03        -4.3698497641626678e-02        -3.6590403336525121e-02        -5.4339221866141020e-02        -5.5700799343355312e-03        -5.2910069430419319e-03         4.9049770232953123e-03        -2.4129206859602268e-04
90                                    -7.9808507928533928e-05        -1.6995083329685902e-04         1.9432102882752035e-04         2.3523764124953536e-05         5.3780118045553140e-05        -1.6987162250815861e-04        -3.0247604406960499e-05         5.4634368534532121e-05
91                                     9.5581277565188355e-05         1.5533804888847403e-04        -6.0529176271268987e-05         8.3977511590844556e-05        -5.3151028945421567e-05         1.1334256802843478e-04         8.5244946915518096e-06        -4.5105002451274138e-05
92                                     1.4587005071142005e-04         1.9164906371765719e-04        -2.0128565081621323e-04         1.3313635965650072e-04        -4.7296809004004686e-05         1.5225837178841695e-04         1.7027375972742117e-05        -6.9960290810960790e-05
93                                     6.2979742312407080e-07        -6.4048440816026199e-05         7.5870172973234982e-05         1.5429460591089781e-05         2.0010265000389006e-05        -6.1173626762397237e-05        -1.3721350175260397e-05         2.0634606907709424e-05
94                                    -6.1686350611944675e-06        -6.8847364682958338e-05         8.3548652967222034e-05         1.8218213090784337e-05         2.0850444907932177e-05        -6.6026461676278771e-05        -1.5571112363179149e-05         2.1886754505096029e-05
95                                    -2.0649448942028157e-05        -1.1955652286395202e-05         6.8017609103063122e-06        -4.9080956336391925e-06         3.2011136388660021e-06        -8.9416649560649808e-06        -3.6312861377113640e-06         5.1212488372919386e-06
96                                     8.7555259189339856e-06         8.5499199995157346e-05        -1.0578869367846628e-04        -2.0216816816348558e-05        -2.7146051440923753e-05         8.2748399737100301e-05         1.8711729222330941e-05        -2.9494305148837594e-05
97                                    -4.1814976815395270e-06        -1.0390659291743836e-04         1.1478006816710747e-04         2.9133765662576168e-05         3.1280860885683221e-05        -9.5146968347518165e-05        -2.2730138755510968e-05         3.3016282012601392e-05
98                                     1.1361860768632585e-05         2.2674466559648439e-05        -2.1608601053139030e-05        -5.5767623197171751e-06        -6.1573035541228379e-06         2.0103836525713246e-05         3.9998122360924851e-06        -7.4967120093240964e-06
                                                        40                          41                          42                          43                          44                          45                          46                          47

0                                     -7.7431805250882235e-05        -2.7268459720588580e-05         4.2729120663584407e-05         5.8119996264274776e-05         1.8515756652436326e-05         1.2956627795712142e-04        -2.8403300759392955e-05         2.2781339653069873e-06
1                                      1.1712680296632410e-04         4.0508027789142717e-05        -6.5534464927366720e-05        -8.6149442897031053e-05        -2.7146096091012155e-05        -1.9137495473773702e-04         4.1494848078967261e-05        -4.2951991995765136e-06
2                                     -1.5267907690388850e-05        -4.1574620280178151e-06         7.3249603602563117e-06         1.2596883781039561e-05         4.2886075572903766e-06         2.6831096361241280e-05        -5.6436120101637253e-06         7.8485989735117266e-07
3                                      1.4805301764906861e-04         4.9791371595315700e-05        -7.3885209641473548e-05        -1.1758387104030986e-04        -3.5635400962286655e-05        -2.6569956365771511e-04         5.6846223173810315e-05        -4.5697889755339325e-06
4                                     -1.8484937824312438e-04        -5.6836787708748214e-05         1.1362089805475538e-04         1.1767102739616505e-04         4.0940779724061221e-05         2.8454292815350608e-04        -6.1816926904523261e-05         8.6210319851141381e-06
5                                      3.5953811932012115e-05         7.6878365642529388e-06        -2.0240159775581474e-05        -2.3644671434508774e-05        -9.4896056582315311e-06        -5.3923349218335827e-05         9.6563562767126543e-06         1.0191470639489863e-06
6                                     -4.7261984179926487e-04        -1.5264691965320045e-04         2.6481932918483208e-04         3.4196592725249490e-04         1.0943272913918893e-04         7.7712215007546127e-04        -1.6470129894279460e-04         1.7778759898628056e-05
7                                      3.2907170618459041e-04         1.1090880132745443e-04        -1.8260014070956834e-04        -2.3828811722770163e-04        -7.9005138040700988e-05        -5.4733448737393354e-04         1.1870917207265072e-04        -1.2941329616997796e-05
8                                     -8.4937665282899452e-05        -2.9657881265884463e-05         5.1375756664144470e-05         5.4468441022975552e-05         1.9833104759897139e-05         1.2883252793173717e-04        -2.7020916774800466e-05        -1.4139188289195079e-06
9                                      2.9541143133893449e-04         9.6230487527919516e-05        -1.6647337506139095e-04        -2.1637662820723829e-04        -6.9401590095527856e-05        -4.9033094784361477e-04         1.0077332430692338e-04        -1.2296797726253431e-05
10                                    -1.5235386675269353e-04        -3.5633009690439453e-05         7.5560424503871848e-05         1.0509349452072049e-04         3.4226472057435182e-05         2.6296433772193860e-04        -6.1104825967254258e-05         7.7494865191395250e-06
11                                     5.1395637140676242e-05         1.2278248814713523e-05        -3.3190889883543480e-05        -2.8557071578487405e-05        -1.0170861361131922e-05        -8.5557382945954618e-05         1.8482173188492549e-05        -4.2186216410448205e-06
12                                    -4.3486591525101819e-04        -1.3398850626089381e-04         2.5943998265942929e-04         2.9167644225076015e-04         9.5159993803203076e-05         6.7688045495038263e-04        -1.4342286276386310e-04         2.2910529699970148e-05
13                                     2.7390893448185898e-04         8.7343102196406591e-05        -1.5205944625018363e-04        -1.9888097439331410e-04        -6.8206096369536067e-05        -4.4860772067080912e-04         9.4900431834659099e-05        -9.4775324412548135e-06
14                                    -8.4222814841148665e-05        -1.9342767481780865e-05         5.2515701728468289e-05         6.2473721677523279e-05         2.2113232143894514e-05         1.5204967598961183e-04        -3.6621152969217575e-05         6.9732327727258999e-06
15                                     2.4440262452092164e-04         6.5884603655229584e-05        -1.3765617709064672e-04        -1.6418696807465839e-04        -5.2624360905184457e-05        -3.6472967494020957e-04         7.9888639566511044e-05        -8.8756975478620001e-06
16                                     6.5287673058925092e-04         2.2471497918690855e-04        -4.2678247170988741e-04        -4.0157310594179897e-04        -1.1728298750370044e-04        -9.0757165912414537e-04         1.8984522843307040e-04        -4.1791688356906320e-05
17                                     9.7071357572376879e-05         2.4369393648564642e-05        -4.5286864087946445e-05        -8.6135653579841277e-05         1.3505658091694339e-06        -2.0415059258159507e-04         6.0115859741422168e-05        -1.9070757580105638e-05
18                                    -1.1525153908366319e-03        -5.0104691565353802e-04         7.4159682194573952e-04         7.8276376395781336e-04         2.9493892647738267e-04         1.7114023465033376e-03        -3.3952554893486417e-04         9.5418674883662410e-05
19                                     4.3716626093920959e-04         2.8905420205026884e-05        -9.5750880169236021e-05        -4.3353234466673475e-04        -8.8041827829806298e-05        -7.9351341027475647e-04         1.3121927117002688e-04         3.5400401416710561e-05
20                                    -4.3067247539361651e-04         2.6108996406929417e-04         2.2873177858930721e-04         2.3821449438652352e-04        -7.4509148302637397e-05         5.1299779527612843e-04        -1.0416045040217400e-04        -1.4406685066890387e-04
21                                     1.5692155830490436e-03         6.4752516113489311e-04        -3.4562585299006965e-04        -1.6490076596600272e-03        -5.0165829836374353e-04        -3.2996752594169993e-03         7.7321221709647178e-04        -7.6730721857501419e-05
22                                     3.4017095840239847e-03         1.3023443850193606e-03        -2.8479624092288712e-03        -1.2183375646176628e-03        -5.8148349570503251e-04        -4.8713643367477421e-03         1.0888269770257394e-03        -1.4044505480814479e-04
23                                     1.3035982735900981e-03        -1.6493797318199981e-05        -9.3644292685884293e-04        -6.2528186596458378e-04         2.2039033274479786e-04        -1.7606110801149054e-03         3.7194696043611389e-04         1.2137213891231072e-04
24                                    -6.2052386638783629e-03        -2.0249604178825464e-03         3.9192618481611397e-03         3.2395633947298209e-03         1.0643767063591820e-03         8.4471364572401928e-03        -1.8998331463344292e-03         1.5123576246275900e-04
25                                    -2.0379423534181017e-03        -5.7496212050624218e-04         1.6775970080508814e-03         9.9454293406800801e-04         3.4033908633607701e-04         2.5451803577900183e-03        -9.5533814260554632e-04         1.0663983175148556e-05
26                                    -7.3877253887815559e-04        -4.5917955484392356e-04         5.9290777092298359e-04         3.7476462583410641e-04         1.7669915412044947e-04         1.0489088742168758e-03        -2.2496001143928009e-04        -3.4479273118112906e-04
27                                     3.8568566964357520e-03         1.2697341892452777e-03        -2.3770028206920686e-03        -1.9773982451289857e-03        -6.3862634201927390e-04        -5.4472273806488950e-03         2.2973844776968937e-03         5.4016367360004523e-05
28                                    -7.4003449471588432e-03        -2.3442650737782456e-03         4.5890065198759362e-03         3.6484385602445438e-03         1.2386528263602637e-03         9.8937302808036667e-03        -2.0323826940162894e-03        -1.0906000901354595e-04
29                                    -1.5837489414643243e-03        -6.4985647604027803e-04         1.0101196108257245e-03         8.1880903549772649e-04         1.2756539306404144e-04         2.0052304446603730e-03        -6.8719623592400879e-04         1.2891622294426408e-03
30                                    -1.0883490258369594e-02        -2.9778952244050184e-03         5.1887304394848035e-03         4.9122477384851071e-03         1.5338130288741895e-03         1.4349378351697153e-02        -4.2756764694452786e-03        -6.1334327238000150e-04
31                                     1.1283796526740485e-02         4.6142752088299708e-03        -6.1393942490136156e-03        -5.1441295521520427e-03        -1.7723023502999157e-03        -1.3362699004856895e-02        -3.2959961086591848e-04        -2.9728693393509973e-03
32                                     3.0701899033366586e-03        -3.2236861744295645e-03        -1.1545467562916554e-03        -1.0363661082388063e-03         1.1491260111205049e-04        -2.8117096229117984e-03        -2.4198567026558794e-03         7.2280703487968574e-03
33                                    -1.5824431590594712e-02        -2.5817113294096155e-03        -1.1909355619879901e-02        -6.5748302493203719e-03        -2.4792360722243351e-03        -3.2064508771899286e-02         4.4097475499671884e-02         8.5275657877099051e-03
34                                    -5.3039885941390107e-02        -1.5780768827447007e-02         1.3533222229729847e-02         1.4612637888366330e-02         4.1982364669704625e-03         4.5483914865241101e-02        -2.1045233343910220e-02        -2.3725891017354764e-03
35                                    -1.4998297462093774e-02        -7.5411506154382003e-04         2.4314102370014850e-03         2.8955450478757375e-03         2.0213458226834512e-03         8.9354022502879868e-03        -2.3698264674810133e-03         1.8433811109900052e-03
36                                    -9.7523726361888816e-02        -3.2271371390967293e-02        -1.8484528241686504e-03        -2.2198663239475822e-02        -6.7799435435156076e-03        -2.6740927761887379e-01         5.4848463748174467e-02        -1.9283978015398905e-03
37                                    -1.6927613644374773e-01        -3.3473762906919613e-02        -3.2403813629577907e-02        -1.2450623509962178e-02        -9.5417355560555688e-03         4.3723748970628043e-02        -8.9457360970611716e-02        -6.0270539585164096e-03
38                                    -3.4390477751423447e-02        -6.5719723629138180e-02        -9.1846119980979468e-03        -8.7583547404455897e-03         1.4569834915595891e-02        -4.2402424501003597e-03        -5.3814885972349527e-03        -5.3344438508829306e-02
39                                     6.6640947597505318e-01         2.0637372198344273e-01        -5.3633700716443089e-01        -5.4443948472149450e-01        -1.6513148514819448e-01        -4.6596520492639182e-02        -2.3009560664217457e-02        -8.8640121757204808e-03
40                                     8.4016407458396769e-01         2.2790242966803581e-01        -5.4336706083116926e-01        -6.2770418509053516e-01        -1.7866678204110600e-01        -9.3808508886058760e-03         1.0705935281900593e-02         2.1150882098796022e-03
41                                     2.2790242966803581e-01         1.5473079800202399e-01        -1.6492663460297352e-01        -1.7880112946090487e-01        -9.3994033503702140e-02        -5.5053218205096382e-03         1.1810268193522449e-03        -7.5578506463334569e-04
42                                    -5.4336706083116926e-01        -1.6492663460297352e-01         5.4012520167270706e-01         5.6585379668674918e-01         1.7188710357617504e-01         6.1355355748581282e-03        -7.9124046852266589e-04         1.2403404585901095e-04
43                                    -6.2770418509053516e-01        -1.7880112946090487e-01         5.6585379668674918e-01         6.3265886391455439e-01         1.8596978952205512e-01         2.7609444442670611e-03        -4.0688543949491968e-03        -1.1970916894492615e-03
44                                    -1.7866678204110600e-01        -9.3994033503702140e-02         1.7188710357617504e-01         1.8596978952205512e-01         7.7690789384569248e-02         9.8085199893178086e-04        -1.4428399194720484e-03         1.3435360777179612e-03
45                                    -9.3808508886058760e-03        -5.5053218205096382e-03         6.1355355748581282e-03         2.7609444442670611e-03         9.8085199893178086e-04         1.4098083855287162e+00        -3.9675370398776966e-01         3.5279496764499488e-03
46                                     1.0705935281900593e-02         1.1810268193522449e-03        -7.9124046852266589e-04        -4.0688543949491968e-03        -1.4428399194720484e-03        -3.9675370398776966e-01         2.4502347571801800e-01         8.3423699582815050e-03
47                                     2.1150882098796022e-03        -7.5578506463334569e-04         1.2403404585901095e-04        -1.1970916894492615e-03         1.3435360777179612e-03         3.5279496764499488e-03         8.3423699582815050e-03         8.9234951073757729e-02
48                                     5.5348506676554023e-03         1.5063664175412662e-03        -1.6140832224862782e-03        -1.7342040446434066e-03        -4.9953605561592774e-04        -1.0843610493077189e+00         3.2306227172278484e-01        -1.7937596693326577e-03
49                                    -2.4353984889936182e-03        -8.2640885643472397e-04         2.8743156135256761e-04         8.5083091152379255e-04         3.3711517312242506e-04         3.2303567703807035e-01        -1.3814351346806011e-01         1.1521964612124405e-03
50                                    -5.9698788348893717e-04         1.5857546750563832e-03        -1.3316261866014800e-05         1.9356177942925527e-04        -4.1731365703375238e-04        -2.2866873121584878e-03         1.3062785579626020e-03        -4.0492926648142247e-02
51                                     5.1313962013723666e-03         1.2312997430359435e-03        -2.7731900009190470e-03         5.7890706147347391e-04        -4.9117443293200105e-05        -3.1776855855649437e-03         5.6943258957046074e-04        -6.5087413937675161e-05
52                                     5.4952412566510508e-04         3.0264490371868986e-04        -4.0725994736855523e-05        -2.1761533156258867e-03        -5.6147170412932171e-04        -1.5599041298997402e-03         6.9957372018992429e-05        -9.6004564144838182e-05
53                                     2.9429833704152004e-04         8.1352356296872353e-05        -1.1324481629590628e-04        -4.8269052063733145e-04        -1.6635285113002012e-04        -6.0853685098357952e-04         5.2559304538204180e-05         1.8332124042099956e-05
54                                     1.5318780580739273e-04         1.2637840243484680e-04        -1.3842335660426138e-04        -9.8882946269116564e-05        -6.0799008115774490e-05        -1.9825795121084278e-04         3.7207946463702589e-05        -1.9170542862814550e-05
55                                    -8.9960659280193867e-04        -3.2247740933433812e-04         5.0959083765920489e-04         6.6516439943322065e-04         2.0560141348402634e-04         1.4396335310216495e-03        -3.0658558019329625e-04         5.4319378920258512e-05
56                                    -1.3893958134734204e-04        -1.3259340757726130e-05         9.4266597934895575e-05         7.0462188886218167e-05        -2.9350918317972916e-08         1.7403408776439687e-04        -4.9204030437961788e-05         4.5117873293603700e-07
57                                    -2.1737602380670251e-04        -9.4574015087200579e-05         1.2700547781251213e-04         1.8008406609142233e-04         6.1938953026669939e-05         3.6490220672882358e-04        -6.3037022768625635e-05        -9.5244019959407253e-06
58                                     2.3017804551576796e-05        -1.0452274052542799e-05         1.8811246261858866e-05        -4.4513326230629681e-05        -2.3710581166293829e-06        -8.6640176442675815e-05         2.2006444997550072e-05         7.9287922863457991e-06
59                                     2.0191576675609684e-04         3.6425019613602088e-05        -1.3459844731509037e-04        -1.0348574410616373e-04        -1.3911210071575867e-05        -2.3546152393401357e-04         6.0701717717869159e-05         3.4497901542455475e-05
60                                     2.7567806126874823e-05         2.1766381134872084e-05        -1.6775023628525692e-05        -2.6648451234634394e-05        -1.1091577832952269e-05        -5.0632313748196097e-05         9.3162823003501056e-06         8.7123144932937328e-07
61                                    -2.2107064139297060e-04        -8.1938449897482022e-05         1.1397099874203040e-04         1.7466967567610926e-04         5.4330963036367262e-05         3.8425412606587247e-04        -8.0346258660233524e-05         5.3721512878798961e-06
62                                     5.0800810965211327e-05         3.3760449206137167e-06        -2.5511172099449485e-05        -3.8336375018286153e-05        -7.9151558375297003e-06        -8.3403082133147208e-05         1.3011019694324955e-05         4.5515411573799143e-07
63                                    -1.5953701285479217e-04        -6.1527681236220181e-05         7.8819238707421172e-05         1.3528373924060443e-04         4.0783990168311187e-05         2.8789787312534650e-04        -6.0480945364758498e-05         3.6075729899419160e-06
64                                    -1.1099756511255280e-04        -4.3073828961648429e-05         6.6400676178807107e-05         8.0812388453461656e-05         2.6190165935896098e-05         1.7183425879495085e-04        -3.6980160616380529e-05         3.2463260877952801e-06
65                                    -1.7362129343884833e-05         2.9399659645451246e-06         1.0489151252873223e-05         8.3707329731689249e-06         1.4081227054925096e-06         1.9646881257033210e-05        -2.5573174830296200e-06        -5.1686828576654597e-06
66                                    -2.3333667825043965e-05        -7.8383921354823041e-06         1.3084765691811833e-05         1.6971049662446692e-05         5.1760373792662735e-06         3.7008908948563113e-05        -7.9046084902099445e-06         9.6351472613232203e-07
67                                    -1.6267790115433189e-05        -5.3328637319554337e-06         8.5966968128621144e-06         1.2459096949075650e-05         3.5744467710527739e-06         2.7229157071592420e-05        -5.8938714945746726e-06         6.5602995536232901e-07
68                                     2.5546526319197415e-06         1.0590003105554021e-06        -1.4465535360390125e-06        -1.8294976631625504e-06        -1.0987860153720001e-06        -3.9540262030952184e-06         8.2058243970638457e-07         4.7793424378446128e-08
69                                    -5.7241284285579049e-05        -1.9386766401784735e-05         3.1075192675664170e-05         4.2290443037899664e-05         1.3687691852396526e-05         9.4419021101195232e-05        -2.0613111132655101e-05         2.0215686942892859e-06
70                                    -2.0526396891070017e-05        -6.7198218542374711e-06         1.1420503476228694e-05         1.5175289727192734e-05         4.3297596609912219e-06         3.4208354473215166e-05        -7.3001353493983571e-06         6.4144207636199612e-07
71                                    -7.6588280177897639e-06        -2.7283878302369652e-06         3.5401848613372941e-06         5.6699339192811324e-06         1.9800017722874268e-06         1.3803876619536025e-05        -3.2615762740932316e-06         2.8535549883030318e-07
72                                    -5.9043151798211476e-05        -2.0371124869583544e-05         3.2381297029941550e-05         4.3347849203563240e-05         1.3392739612068757e-05         9.7339303552426845e-05        -2.1383656717544618e-05         2.2584064590971607e-06
73                                    -1.7050093034484529e-05        -6.6814267680534044e-06         9.9716863064764423e-06         1.2634462852822992e-05         4.6484558987050181e-06         2.7749760801626486e-05        -5.8489764208103647e-06         7.1457217811313818e-07
74                                     1.0181084378625997e-05         3.2827791211602342e-06        -4.8644809487879970e-06        -7.6400065612358768e-06        -2.2443436069784694e-06        -1.8132535153417750e-05         4.2231529637307017e-06        -3.3282830941477690e-07
75                                    -6.1700594164981575e-05        -1.9317111740213333e-05         3.6486681282016983e-05         4.6977156149694650e-05         1.2567238006523646e-05         9.8652764248715653e-05        -1.9850975453223886e-05         2.5900013595129379e-06
76                                    -2.7200706401514767e-05        -9.3607637958790070e-06         1.4461494919020814e-05         2.0101208717273949e-05         6.6235679398910061e-06         4.4583517012113192e-05        -9.4879118421862564e-06         1.5944180452189018e-06
77                                    -2.2694564216063108e-05        -8.6217610185774173e-06         1.2621810089238379e-05         1.3284044642147824e-05         1.2676667229434286e-06         3.0868917376239809e-05        -7.5279728157926474e-06         2.9589888577916960e-06
78                                     4.3654806821001027e-05         9.2808867475721460e-06        -2.4556157969321123e-05        -3.4441656293058166e-05        -1.0078620526811095e-05        -8.1419897369036231e-05         1.3958977251181837e-05         9.8740524617907530e-07
79                                    -3.6011273759115709e-05        -1.4432584920553819e-05         3.2858663660210964e-05         1.9386187515143746e-07         2.6797103009851362e-06         1.2405036970862949e-05        -6.2105200831051458e-06         3.4066877685386973e-06
80                                    -6.7271208103146518e-08        -8.5760916870713134e-07        -8.8460408912549712e-06         1.1258710145423795e-05        -1.1864003391167142e-05         2.6282257887280490e-05        -8.9328826697591713e-06         6.3434118841307823e-06
81                                    -2.8657232140190479e-04        -8.4828607305045792e-05         2.3468522824646781e-04         7.5992658805508451e-05         3.6029132906388074e-05         2.0905495058863116e-04         6.0285736868051693e-05         4.6903748456585603e-05
82                                    -2.8630809699855750e-05        -3.8594110817903658e-05         6.4356991427223309e-05        -4.3306107638790359e-05         5.4869908830978715e-06        -8.7669595899965945e-05        -7.5784716442308872e-06         1.0151438809986062e-04
83                                    -3.2803274033459855e-05         9.1652948309574648e-05         2.7539987810093632e-05        -9.2622471737200296e-06        -4.3071548805106328e-05        -1.8287026577850946e-05         8.8901478866217439e-05        -3.0671795609787624e-04
84                                     1.5883447512361065e-04         3.0083188605387740e-05        -4.8372141092764076e-05        -8.4671557946109591e-05        -2.5196108162321880e-05        -1.6326895748268130e-04        -9.8042432895872368e-08        -1.5897228335937079e-05
85                                     6.4463652123839042e-05        -5.3922225960759194e-05         9.3128585228689558e-05         4.8450345510508454e-05         1.6285062027274861e-05         4.0031507453526299e-05        -4.7281851505636329e-05        -1.5878976676137114e-05
86                                    -5.1826505908123487e-05         1.9184728155012705e-04         4.2605935815377965e-05         2.1582266448180710e-05         1.6916435936269625e-05         4.1262461601312592e-05        -2.7295389598163235e-05         2.7358278579579569e-05
87                                     2.5754484584809721e-03        -5.3326719369130478e-06         6.0037085102047872e-04        -1.4343799095768283e-05         1.4915594834481543e-04         8.2158852956406431e-04         1.5301256169851017e-03         8.2521964487176393e-04
88                                    -4.4042501397819700e-03        -3.2944259764467443e-03        -5.5590461900398833e-04         2.0719856703099618e-04         4.2929532256211038e-04        -1.1033033503108462e-03        -8.2935517345477262e-04         1.1656489369082520e-03
89                                    -3.2358260388300189e-03         8.6148423365056768e-03         1.9596330963215418e-05         4.5588894510322896e-04        -1.5838371704670533e-03         2.1472295248346480e-04         1.2933952611735159e-03        -5.7169195722550723e-03
90                                     5.2021169104031744e-05         1.5985150353072918e-05        -2.4507084905231393e-05        -4.0117162897295583e-05        -1.1197488439064485e-05        -9.1014199014224472e-05         1.8995748151366519e-05        -1.8981074972953291e-06
91                                    -4.1523581463749995e-05        -5.5127622291141877e-06         2.5236885792016654e-05         2.2157539932952377e-05         4.4494239924721649e-06         5.7792667114240780e-05        -7.3338361775312339e-06        -9.9738406981750895e-06
92                                    -6.2743675858624226e-05         2.2369414888307109e-06         4.3901535336552714e-05         2.8794173133504070e-05         2.7805101341222519e-06         7.3930330303758986e-05        -9.7917288346983888e-06        -2.6562150243716910e-05
93                                     1.9343436602022230e-05         6.1370772391097740e-06        -9.8913555542465715e-06        -1.5092170534216818e-05        -4.5458490678382051e-06        -3.4121927085351109e-05         7.2717153520247054e-06        -1.7506926848291988e-07
94                                     2.0801131721894005e-05         7.5091067015542478e-06        -1.0480352267406103e-05        -1.5334566613448421e-05        -5.3128774581766400e-06        -3.5611976208519682e-05         7.4769310129387207e-06        -3.8901195019263302e-07
95                                     5.0989995945606187e-06         2.1083134622235995e-06        -3.7857675811141397e-06        -2.5913167921323243e-06        -1.6478182273598694e-06        -5.8448164826028755e-06         1.4276428770416284e-06         1.7692027209705147e-06
96                                    -2.8428762526641214e-05        -9.1824767872582692e-06         1.4033864983824577e-05         2.1549807293625334e-05         6.5701500835165644e-06         4.9149149258087565e-05        -1.0707650449524040e-05         7.0550145266072428e-07
97                                     3.0758974837547469e-05         1.0795125708254970e-05        -1.6279491094420566e-05        -2.3234153381007346e-05        -7.6001061175076526e-06        -5.3042165446402778e-05         1.1559448769778136e-05        -1.0286686903414633e-06
98                                    -7.2011683387580275e-06        -1.6026365205725265e-06         3.1610758546082315e-06         5.6480679130456002e-06         4.7708537911130824e-07         1.2639721593713573e-05        -2.9745724680606323e-06         6.6468251828689130e-07
                                                        48                          49                          50                          51                          52                          53                          54                          55

0                                     -8.0151416960408135e-05         2.1828681926509667e-05        -2.3148155116153333e-07         1.6533800544230528e-05         7.3227272450832005e-05         2.9708000886249035e-05         1.5672009933225075e-03        -8.7442062507800400e-04
1                                      1.1931294025792786e-04        -3.2413974847577719e-05         5.9931824801781601e-07        -6.0767319178843169e-05        -6.4132191158822578e-05        -3.4584741043937266e-05        -8.6563514891331789e-04         6.9745786853220976e-04
2                                     -1.6805753809670187e-05         4.5499760081314314e-06        -2.2826099441197836e-07        -1.0727972009704827e-05         4.0218648126075527e-05        -1.1851747630865847e-05         2.6833864088650946e-04        -2.8603212712244330e-04
3                                      1.6431181090452852e-04        -4.5292881772703735e-05         7.2147066207754871e-07         2.9375160984460052e-05        -2.4045733616438010e-04        -1.9115265631669786e-05        -3.9263804415711583e-03         2.4910534061111369e-03
4                                     -1.6934306278474547e-04         4.4231917355314830e-05        -2.5130500580893099e-06         1.8849587553232042e-05         5.0717737728039761e-04        -3.0183923685097051e-04        -1.7905155819152193e-02         7.5869074614024930e-03
5                                      3.2179274719376213e-05        -8.2398988975780358e-06        -6.1591519384095586e-07        -1.1723486433141349e-05        -1.1897140173695571e-04         5.1548535882814206e-05         2.3658284994739738e-03        -9.9353368971590071e-04
6                                     -4.7461222982610684e-04         1.2873350476451343e-04        -4.0408524370245867e-06         5.6445929079622934e-05         8.7972760749663358e-04        -2.8767241048641872e-04        -9.7001560172259860e-03         9.6177152826863775e-04
7                                      3.3678076679887923e-04        -8.9426769573670178e-05         2.7990824890245601e-06        -1.9175306456611745e-04        -5.2676243403531513e-04         1.6404000338275768e-04         4.9513052427724389e-03        -9.2064114164592988e-03
8                                     -7.8038947984977248e-05         2.0684115210029133e-05         1.7704789509691775e-06         1.4534583506119577e-04        -8.6213602214131612e-06         3.3605366973251213e-05        -1.2147922407797379e-03         2.0339172535472957e-03
9                                      2.8974740774671945e-04        -7.7040233308982195e-05         2.7189245664473010e-06         2.6354636842184189e-04        -1.0489161042663618e-03         1.8950276313465245e-04        -2.3121471612585182e-02        -2.8763663456412604e-02
10                                    -1.6305696182208115e-04         4.4714931532602309e-05        -3.5599701774483095e-06         2.9556333168569246e-04         5.8027884189451140e-04        -6.7752053525019706e-04        -4.7578377339600013e-02         3.4067556215205366e-02
11                                     5.1040620144476704e-05        -1.3860388967352040e-05        -1.4618755940064558e-06        -6.4117912364522049e-05         1.0029056778235759e-04         8.1505046296402638e-05         6.3488752007732022e-03        -6.2407678351785248e-03
12                                    -4.0450279881035873e-04         1.0822013061224922e-04        -6.8761032673910889e-06        -3.0984787732695439e-05         1.4195981555398104e-03        -8.0459593332697665e-04        -3.3587570395597670e-02         2.5753764373153184e-02
13                                     2.7258712061572766e-04        -7.2782180035922431e-05         2.3404953725641185e-06        -1.5619493499872614e-04        -1.1153459332781900e-03         6.3805356612468378e-04         2.1159183978631035e-02        -1.7152287985618773e-02
14                                    -9.2600929447682665e-05         2.6442026722877378e-05         1.6179622409822252e-07        -4.0546010077805437e-04         4.9574264925902726e-04        -2.5009475469934200e-04        -4.4515493723658048e-03         3.4742115503380681e-03
15                                     1.9637018152682912e-04        -5.2381424381178526e-05         3.3790734600503013e-06        -1.1820326444444730e-03        -2.8693906002611944e-03         6.7813731366912051e-04         5.0189743584768631e-02        -2.7693233202512341e-02
16                                     5.3488456415848578e-04        -1.4553992528235787e-04         1.0243947594882075e-05         2.2507730862676382e-03         2.9907831787970448e-04        -1.0193262163745000e-03         4.4795730627378520e-03        -5.4638941917772826e-02
17                                     1.2453118299605992e-04        -3.7278597780194124e-05         7.6074484617944184e-06        -1.4100122311393073e-04        -7.7989733887577411e-04        -2.0309578543082252e-04         3.0504909659701505e-04         8.5425857312871212e-03
18                                    -9.2639298456447840e-04         2.3954423332652082e-04        -1.6905219922836146e-05        -1.2910644239149560e-02         1.4259458269512276e-02         1.4064733666138915e-03        -1.4914241112759885e-01         9.2597491001039187e-02
19                                     4.9706156517285993e-04        -1.2961638981161890e-04        -4.4549887185121175e-06         2.5434776346582800e-02        -4.0208576787084749e-03         9.0359655820636611e-04         5.1605287440181016e-02        -2.9757796562185851e-01
20                                    -2.9062227650029546e-04         8.0327628617049356e-05         1.5757640224317051e-06         5.8426503194460482e-03         7.2175835349290451e-04        -6.5379766863180033e-04        -1.1081510719383091e-02         3.5128436532082745e-02
21                                     1.8431995713469873e-03        -4.9024368004048032e-04         1.6665392809421414e-05        -6.6550933190598086e-02         2.2461558717209465e-02         5.6108311683367440e-03        -3.2700081584728730e-02         2.5003872840806955e-02
22                                     2.8526495480455201e-03        -7.8509315778659634e-04         2.2882303135108011e-05         5.2531025854541308e-02        -1.2404479463144681e-01        -2.0105383067428116e-02         3.2827609118319584e-02         1.0256055394197838e-03
23                                     1.0173888735451032e-03        -2.7705852578021575e-04         3.9593278266062413e-06         1.1381014116490965e-02        -2.1741640817007621e-02        -3.7971042390453430e-02        -5.1087610815482984e-03         1.9543834747874477e-03
24                                    -4.9020560709629101e-03         1.3407250001701897e-03        -3.2427240107814490e-05         1.1230873211460976e-03        -2.5871847973829659e-02        -8.2324177703229553e-03         2.3723268758845950e-03        -7.7913048392994413e-03
25                                    -1.3350191739188986e-03         4.4687229012546257e-04        -5.7422435083576128e-06         8.4698033957015736e-03        -5.2839524312109927e-02        -1.5836251084716153e-02         3.4737822446999477e-03        -2.7196219078965342e-03
26                                    -5.5480986213383293e-04         1.4470569998922855e-04         8.9510485949854861e-05         1.5099819242240242e-03        -1.8254793279455825e-02         3.5167577864009744e-03        -8.0700067212770982e-04        -5.4388123672086293e-05
27                                     2.7382805189781183e-03        -9.7414603260592074e-04        -6.1555072316822150e-06        -2.3274900169075734e-02        -6.4260443808904014e-03        -3.5205023022002110e-03        -5.2430973188576438e-04         2.8077626649258172e-03
28                                    -5.5146314753900883e-03         1.4213372740656356e-03         3.7325550208493864e-05        -3.0699656324217159e-02        -4.5191197659878529e-02        -1.6098550975556805e-02         1.3124206178568795e-03        -3.2701561908910857e-03
29                                    -1.1659632755554460e-03         3.8610702169374110e-04        -3.7771939427865990e-04        -9.7149572694527134e-03        -1.4060407788663336e-02         2.1465856032730074e-03         9.2110973526691054e-04        -3.7161574144663439e-04
30                                    -6.6084066508818300e-03         2.2115883331960836e-03         1.7180512256823396e-04        -1.1420153820031920e-01        -1.7660284669915212e-02        -1.0274308078478778e-02        -5.1353948401202613e-04        -3.8717408487266907e-03
31                                     8.0963795882777502e-03        -1.6997189534576332e-03         5.4676458152818296e-04        -5.9443550150442240e-02        -6.4009199133391967e-02        -1.3132323623143450e-02         6.2417299108348599e-04         3.1921112949896678e-03
32                                     1.6327323466329663e-03         1.1375090984535550e-04        -1.3360198980705399e-03        -2.1807252041289443e-02        -1.0420942131617669e-02        -3.6305517049076974e-02         7.6838462560233967e-04         2.2797725383759784e-04
33                                     7.3539529806163177e-03        -5.2434083260536439e-03        -8.7759281936264258e-04        -3.1607906357919192e-02         4.3343932121107098e-03        -8.5110540641373383e-04        -4.7273407113130158e-04         2.6335266846880031e-03
34                                    -1.9026771241563545e-02         5.5586442819885694e-03        -4.4003532021067647e-04        -4.7396031739066168e-03         1.5675183669318013e-02         4.2533603118798460e-03         4.6830647863984893e-04        -3.6454515445695011e-03
35                                    -4.3491503472401043e-03         5.8228303805847614e-04         1.4863381531019118e-03        -3.3750270692498212e-03         5.0370056421388211e-03        -1.5131727510443935e-03         3.5428716335504412e-04        -9.0521591047293653e-04
36                                    -2.6472987262506853e-02         1.3855572628477288e-02         4.7359880545127272e-04         3.2415528310757815e-03         1.2955505278338850e-03         5.4686503161171629e-04        -2.0844684921901522e-05        -7.1169205889503456e-04
37                                     2.2840935558501467e-02         1.2365195018865609e-02         5.4664242273861382e-04        -7.4162473077812718e-03        -2.9290683043552363e-03        -1.0174485917936805e-03        -5.9851466952882352e-04         2.7872242661237199e-03
38                                     2.2586752068865954e-03         2.6480919322344979e-05         1.6762873654469979e-02        -1.5479101382461450e-03        -5.4212353271367746e-04        -6.0694675782740285e-04        -1.1238527758966534e-04         6.6635938904938314e-04
39                                     4.1068252421124106e-03         2.3107607306335105e-03         7.3454294716448695e-04         1.4930241296791935e-03         2.9377224557322959e-03         7.0320726362770752e-04         2.1143958307696351e-04        -9.5447692636868066e-04
40                                     5.5348506676554023e-03        -2.4353984889936182e-03        -5.9698788348893717e-04         5.1313962013723666e-03         5.4952412566510508e-04         2.9429833704152004e-04         1.5318780580739273e-04        -8.9960659280193867e-04
41                                     1.5063664175412662e-03        -8.2640885643472397e-04         1.5857546750563832e-03         1.2312997430359435e-03         3.0264490371868986e-04         8.1352356296872353e-05         1.2637840243484680e-04        -3.2247740933433812e-04
42                                    -1.6140832224862782e-03         2.8743156135256761e-04        -1.3316261866014800e-05        -2.7731900009190470e-03        -4.0725994736855523e-05        -1.1324481629590628e-04        -1.3842335660426138e-04         5.0959083765920489e-04
43                                    -1.7342040446434066e-03         8.5083091152379255e-04         1.9356177942925527e-04         5.7890706147347391e-04        -2.1761533156258867e-03        -4.8269052063733145e-04        -9.8882946269116564e-05         6.6516439943322065e-04
44                                    -4.9953605561592774e-04         3.3711517312242506e-04        -4.1731365703375238e-04        -4.9117443293200105e-05        -5.6147170412932171e-04        -1.6635285113002012e-04        -6.0799008115774490e-05         2.0560141348402634e-04
45                                    -1.0843610493077189e+00         3.2303567703807035e-01        -2.2866873121584878e-03        -3.1776855855649437e-03        -1.5599041298997402e-03        -6.0853685098357952e-04        -1.9825795121084278e-04         1.4396335310216495e-03
46                                     3.2306227172278484e-01        -1.3814351346806011e-01         1.3062785579626020e-03         5.6943258957046074e-04         6.9957372018992429e-05         5.2559304538204180e-05         3.7207946463702589e-05        -3.0658558019329625e-04
47                                    -1.7937596693326577e-03         1.1521964612124405e-03        -4.0492926648142247e-02        -6.5087413937675161e-05        -9.6004564144838182e-05         1.8332124042099956e-05        -1.9170542862814550e-05         5.4319378920258512e-05
48                                     1.1076102503849801e+00        -3.3617209173240781e-01         1.8928115762543325e-03         1.9929066929857248e-03         7.6672641466523500e-04         3.3440083150890090e-04         8.0072400434582372e-05        -8.5649957557995147e-04
49                                    -3.3617209173240781e-01         1.2259531686274992e-01        -1.3986658507490917e-03        -5.1297272394695056e-04        -1.6629232690654823e-04        -8.8403152465788774e-05        -1.9170577791585065e-05         2.2916153211005098e-04
50                                     1.8928115762543325e-03        -1.3986658507490917e-03         2.1731791792934555e-02         1.5182116377593199e-05         3.6595092510464259e-07         3.7551622652305807e-05         5.4864678666101627e-07        -1.0900095255147498e-05
51                                     1.9929066929857248e-03        -5.1297272394695056e-04         1.5182116377593199e-05         2.5429141940733446e-01         8.8712026390801238e-03         1.6340022135221913e-02        -2.4027418961173044e-03        -2.2996745657847119e-03
52                                     7.6672641466523500e-04        -1.6629232690654823e-04         3.6595092510464259e-07         8.8712026390801238e-03         2.7993687733053141e-01         6.5323673341873487e-02        -3.0896273624352209e-03         2.9753488262641084e-03
53                                     3.3440083150890090e-04        -8.8403152465788774e-05         3.7551622652305807e-05         1.6340022135221913e-02         6.5323673341873487e-02         5.6916075103393415e-02        -1.7358896935943916e-03         9.0985461279227296e-04
54                                     8.0072400434582372e-05        -1.9170577791585065e-05         5.4864678666101627e-07        -2.4027418961173044e-03        -3.0896273624352209e-03        -1.7358896935943916e-03         6.6035861652646699e-01         2.5846221877236883e-02
55                                    -8.5649957557995147e-04         2.2916153211005098e-04        -1.0900095255147498e-05        -2.2996745657847119e-03         2.9753488262641084e-03         9.0985461279227296e-04         2.5846221877236883e-02         7.1244606741242422e-01
56                                    -1.0656743000731655e-04         2.9848801260062223e-05        -2.0756640696234123e-06         1.0608789728433054e-03        -5.6639714231861106e-04         1.0533366415970246e-03         1.1256795399379755e-02        -8.7584174140895948e-02
57                                    -2.0872748498914988e-04         5.2114371540205959e-05         4.1879539441302205e-06        -4.8936390653335482e-04         8.3096565416945160e-04         4.4381109324707088e-04        -2.9018429640000698e-01        -1.6102520751984553e-02
58                                     6.0265506318413729e-05        -1.5897717835575121e-05        -6.5033330616186784e-07         8.2706390110091855e-04         2.6032297662628723e-04         2.5153895472635867e-04         1.5286349532158232e-02        -1.1247579851029089e-01
59                                     1.4263203157904023e-04        -3.9628436163002492e-05        -2.2989001617826650e-06        -1.1471366440416186e-03         1.9592388267761056e-04         3.2435309751616343e-04        -9.7589557537731408e-03         8.2175359277576118e-03
60                                     2.8905096598735706e-05        -7.3657477591265177e-06        -1.1647561511522882e-06        -1.5559750271354825e-04        -1.4611740757296146e-04        -2.6827115413858215e-04        -4.0695054150601102e-02         4.7167113314233490e-02
61                                    -2.3917170101798774e-04         6.3299168923439423e-05        -3.8759514246145175e-07        -1.4174929611409726e-04         1.9802297135382990e-04         1.8604616060616290e-04         2.7450623134670324e-02        -9.6366617725652248e-03
62                                     5.1254245005200190e-05        -1.2892644105786971e-05        -2.4918247718404115e-07        -4.4772647160934445e-05        -1.4331142935800967e-04        -1.4215263807558726e-04        -5.4468037128823539e-03         3.2961892178615480e-03
63                                    -1.8297817939408258e-04         4.9478403787119995e-05         2.1958348946911661e-07        -7.2660211064939071e-07        -4.7582822475889051e-06         2.7243348754555047e-04         2.2619832266076605e-02        -8.5045716692642853e-03
64                                    -1.0558345457834927e-04         2.9231626775647346e-05         9.3673953017010444e-08         1.4137254803967304e-04         1.3554607714376705e-05         2.0520986803222797e-04         1.0788073538940750e-02        -1.0335412502917300e-02
65                                    -1.2090519110112190e-05         2.8774369262290259e-06         1.2627915723673420e-06         8.0683781987621100e-05         5.7296250697643324e-06        -6.4249973248160070e-05        -9.7960504538660001e-04         1.9474137742810111e-03
66                                    -2.2994728363022270e-05         6.3112268175129606e-06        -1.7540463504418338e-07         1.0233196383305974e-05         5.3944031694600934e-06         9.8021084336115012e-06         2.4451432517467433e-04         6.3503305752513956e-05
67                                    -1.7165010979271504e-05         4.7639473116329678e-06        -1.5089923812458086e-07         9.3594010133604404e-06         4.8299422516782974e-06         4.0794667329898619e-06         8.4071505300472324e-05         2.8360072369273910e-05
68                                     2.4333676231287518e-06        -6.9940202538269845e-07        -2.1595243191170511e-07        -6.2223899964399096e-08        -2.5535234556786515e-06         7.5694749307936246e-07        -1.5298817218695792e-05         1.1061099324753180e-05
69                                    -5.9290239449023526e-05         1.5985322845980869e-05        -1.9213997954501192e-07         3.2112960957335129e-05         1.7048752771249106e-05         1.3678382759435570e-05         2.3853519958315741e-04        -1.2476785513856323e-04
70                                    -2.1310383770030590e-05         5.6786792990889934e-06        -2.4359812971054838e-07         8.5032453781841444e-06         1.2859892455031934e-05         1.0695410317902287e-05         5.2093281317412178e-04        -1.7094092352989900e-04
71                                    -8.9221300581788197e-06         2.2929528599250346e-06         5.7497731330843664e-08         7.7099592203098478e-06        -5.5063567945691613e-06         7.5188869541561760e-07        -2.1382888629853418e-04         8.6425371518383928e-05
72                                    -6.1193030602414315e-05         1.6496496142287030e-05        -4.4609557085859768e-07         4.1296153803905246e-05         6.1036957038186428e-06         2.2366392050136329e-05         2.1075210337864118e-04        -8.3770182585894394e-05
73                                    -1.7183631595629138e-05         4.6753490366298041e-06         9.6549211069124821e-08         2.4337823321796787e-06         1.3834489991365790e-05         1.2410316173654171e-05         5.6757638823908409e-04        -2.2421651348300130e-04
74                                     1.1559962552883064e-05        -2.9923678225387315e-06         9.3041391776257423e-08        -6.9936248545682465e-06        -1.5946478920733230e-06        -1.1404176764533933e-06         5.8084903458743983e-05        -3.3946413068318133e-05
75                                    -6.1643767709298157e-05         1.7296216468898394e-05        -4.9928514233957913e-07         7.7597327027791778e-05        -3.7530892262798614e-05        -2.1455989940333134e-05        -3.5200891894941006e-04         5.3506300435278605e-04
76                                    -2.7760597813342386e-05         7.4663446817949054e-06        -6.5674356388261060e-07         1.1101331602055047e-05         9.0023088891656895e-06        -1.2811967839017314e-07         8.9599219442942088e-04        -4.8071153937886101e-05
77                                    -1.8614809901397949e-05         4.9876483158532437e-06        -1.5136382056047013e-06         8.5605133537672800e-05        -5.8814726261253688e-05        -1.6472161779277773e-05        -4.6116115095653403e-05        -1.1721807639539813e-04
78                                     5.5489031596410313e-05        -1.5170174042199549e-05        -5.1294433856906881e-08        -2.8719810159314133e-03        -8.0130752001941492e-05         9.4743252646564387e-04        -2.2567648336512549e-03        -3.1077749655204698e-03
79                                    -8.9420642329618959e-07        -8.1073261215861524e-08        -7.3660840812691653e-07        -5.5538297253493853e-04         1.2207483650783545e-04         5.2274675980780883e-04        -4.0394361968544151e-03        -2.1883524229670184e-03
80                                    -2.0811705631046461e-05         6.2482921660656719e-06        -3.0791421279516406e-06         1.1888761004366667e-03        -1.3777445438506160e-04         4.4960800638359840e-04         5.0492483314658007e-04         6.3025250684368007e-04
81                                    -1.6352223422670106e-04         2.2725836674215285e-05        -1.0409735231054808e-05        -1.1298076805871444e-03        -3.2132690053269953e-03        -1.3236694283023753e-03        -5.5836966168840586e-04        -5.3278694323567570e-04
82                                     6.1468916946426626e-05        -1.0538290928573698e-05        -2.5301023474537022e-05        -9.1276435434743404e-04        -7.0634647821235692e-04        -1.7842806821588078e-03         3.1839649024905238e-04        -1.5493747086962949e-04
83                                     1.6486040602025232e-05        -2.5104609373120021e-05         7.3791218165741358e-05        -7.7457462671392835e-04        -1.5782829350956002e-03         5.3508537869652768e-03        -5.2965557141579486e-04        -6.5959077070614240e-04
84                                     1.0046058968099687e-04        -2.2348563796564282e-05         3.7044288988107580e-06         8.6101169778082234e-04         1.8963530559151565e-03         1.5519317894899633e-04        -3.0130859368590352e-06        -4.3379515858798785e-05
85                                    -2.4792335389240295e-05         1.3893146277780156e-05         5.0786672714656900e-06        -6.3291415074137256e-04        -2.7083173988989052e-03        -2.1545609960659335e-03        -7.4205738161470952e-05        -1.7778873562067848e-05
86                                    -2.4356130944736942e-05         1.2849341934639320e-05        -1.1933298135791752e-05        -3.8750408961167647e-04        -1.9945647265337892e-03         4.7800600111755883e-03         1.8405787344441310e-05        -6.7273266565589444e-05
87                                    -4.2252615617766401e-06        -2.3097733845284588e-05        -6.4414073010108752e-05        -9.6989549144402710e-04         2.4324594753310420e-03         4.1939140892650569e-04        -1.3585928028593848e-04        -3.3599162085846956e-05
88                                     3.1743190823674250e-04         4.5330011390991667e-05        -1.8617529534316454e-04         2.6604863500070590e-03        -7.6756703702628029e-04        -9.0221442970851381e-04         1.1818409307249393e-04        -1.6402202051875065e-05
89                                     5.1892071268200973e-06        -2.1354965441983657e-04         8.6059742844228734e-04         3.3027057440139691e-04        -8.7895073190524852e-04         3.2024909778862205e-03        -1.7223444916800070e-04         6.0439371456800901e-05
90                                     5.7212680927676285e-05        -1.5388492418669285e-05         3.9652632854750625e-07         2.2005705966618710e-04        -1.8869254717036421e-04        -3.0899737601136179e-05        -1.4882360437967346e-01        -1.2786368998361319e-01
91                                    -3.6881741424870610e-05         9.8037942965867428e-06         2.1562799214155763e-06        -1.9600012650062355e-05         5.8241492259219390e-05        -6.9368550315612786e-05        -1.2710606736910324e-01        -2.4232811802065410e-01
92                                    -4.1473277725148977e-05         9.8624698751286822e-06         4.3504784446636362e-06         3.1613069926800783e-04        -3.1620721453170299e-04        -1.7377242227884087e-04         1.8126676541422273e-02         3.0602415791032601e-02
93                                     2.1743950749313111e-05        -5.5799360525954020e-06        -7.6046057461302494e-08        -6.4370904019359705e-07        -6.8878379829324108e-06        -4.3227553980721008e-06         1.1526923091679272e-03         1.0246300407881477e-03
94                                     2.2238815832103642e-05        -5.2276118539969479e-06        -4.2796917698638253e-08        -1.4678871626258133e-05        -1.1009488704112418e-05         1.3191772367578548e-06        -1.4645212982351344e-03         1.2921721735626897e-03
95                                     3.3191476480557824e-06        -9.7964671628010910e-07        -8.9777674019154783e-07        -1.9021275775623145e-05         1.4066887529288558e-06         1.4146688111743726e-05         3.0232690616125248e-04        -4.8699619766502666e-04
96                                    -3.0911670172298952e-05         8.0537029339459944e-06        -1.0655279614719086e-07        -1.9627056670198408e-05         2.0261884248658766e-06        -6.9600203234100567e-07         2.1216689864916367e-04         1.3873978857065759e-03
97                                     3.3669567318576942e-05        -8.9067596755530265e-06         1.1225742279208496e-07        -1.9472650617008910e-05        -9.6010551636089019e-06        -1.5269390722076755e-06        -1.3769319641892131e-04         2.0582063053902323e-05
98                                    -7.5915992166091276e-06         2.0149968394098905e-06        -4.9845174155270809e-07         1.0242932833613115e-05         1.6990866068690178e-05         1.9987777948133034e-05         2.8798636904788584e-05         8.0640634766383947e-05
                                                        56                          57                          58                          59                          60                          61                          62                          63

0                                      1.7063975543482265e-04        -2.4188613990422788e-03         1.7032572128512120e-03        -3.3320362068896102e-04         3.9180507445855939e-03        -2.7940308297480024e-03         4.4985792149678579e-04        -2.3774467888952603e-02
1                                     -2.5819173365135956e-04         2.2191486870414899e-03        -1.3039507650657446e-03         2.4804388260054016e-04        -3.9495554480021098e-03        -4.7266181121619249e-03         9.4851253210233234e-04        -2.7246548104574358e-02
2                                     -1.0983048443523867e-03        -4.3702030248890522e-04         1.9065854735797222e-04        -4.5389512860930772e-04         6.4684390774352089e-04         1.0362239564687167e-03         3.2326940064241914e-03         2.8397898426472594e-03
3                                     -2.8083799280733616e-04         6.9239559921082730e-03        -2.5496715010506626e-03         8.7851911307972909e-04        -3.4707554692810637e-02        -2.8328482276881204e-02         2.6711234500719047e-03        -1.6304627211809972e-01
4                                     -1.6989732741830919e-03         8.3163910840001794e-03        -4.7349566096803249e-02         5.7913543741500168e-03        -7.0513011040697113e-02         3.7590934117428962e-02        -7.0454319148505595e-03        -2.2000411188722480e-02
5                                      1.0693295216505894e-04        -5.7272478304572390e-04         5.3389796505301009e-03        -9.1779562923179070e-03         8.5341416753953042e-03        -5.5202274403849489e-03         5.5071216320961847e-03         2.2665270298820317e-04
6                                     -9.5155340859874268e-04        -3.2921704395496243e-02        -4.9319240414762239e-02         5.3074871399847292e-03        -4.1557516903831623e-02         2.7698399517084013e-02        -5.1611039195963437e-03         5.9739603613493709e-02
7                                      2.4240112151394516e-03        -2.8671838629540106e-02         3.3293826992852812e-02        -3.6039312626127799e-03         3.1973311097289354e-02        -1.6172580582917376e-02         2.7377261660290189e-03        -2.4604766358806797e-02
8                                      5.5674479043837351e-03         2.2718956968872488e-03        -4.0865655260905326e-03         1.5851277662778725e-02        -5.6446128909382644e-03         2.5935015875359823e-03        -4.3532664318033801e-03         4.6211715479105488e-03
9                                      4.0777237973445048e-03        -1.6971965717343759e-01        -4.5430644363087969e-02         2.3493043944346282e-03         5.5246166260648898e-02        -1.9318716431164187e-02         4.3535100280657213e-03        -4.4063781066890698e-02
10                                    -6.4651921791109863e-03        -4.3821183619110644e-02        -2.1575965134609770e-01         1.9659720244224646e-02        -5.0620248268432241e-03        -3.9750240615936454e-02         5.5670154873198917e-03        -2.7051746002685895e-03
11                                    -3.5813221512862037e-04         1.5887690559176111e-03         1.9396512200382562e-02        -6.5972007328901267e-02         2.5980520262474959e-03         5.2549288242547754e-03         2.0547526676342499e-03        -8.8763921557389984e-04
12                                    -4.9749822061798434e-03         4.9363871092922396e-02        -6.7685924163089269e-03         2.3112304696520630e-03        -1.1849938551082594e-02         2.4359309210655357e-03        -9.5999690185377012e-04         1.1088721054076303e-02
13                                     3.1691402767324833e-03        -1.9522541180934522e-02        -3.6379593231221405e-02         4.6312665626517084e-03         2.8221388316732017e-03        -7.0847630116013648e-03         1.7624582252691828e-03        -1.0312975774619646e-02
14                                    -3.7155291272884458e-04         4.5376765352310141e-03         5.0872595800752068e-03         1.6238118190433914e-03        -1.0271773581999174e-03         1.7521090756505899e-03         4.2030134548590873e-03         1.8212032264818675e-03
15                                     5.6357731147544752e-03        -4.1586236129200170e-02        -2.8217348806262796e-03        -6.5629891189833683e-04         1.1511920827120301e-02        -1.0066027002033968e-02         1.8226261795532077e-03        -1.5157058931075790e-02
16                                     8.8344367743514764e-03        -2.0951785517164222e-02        -1.1057242054768428e-03        -7.5968429599543134e-04         6.0710801300706951e-03        -4.5651906607574733e-03         7.8113492056818088e-04        -5.9796730346356698e-03
17                                     5.3901786723818401e-03         1.7452149011581211e-03        -3.7311598421863219e-04        -1.7589290437869179e-03        -3.3470262417018026e-04         2.2160447734809381e-04        -8.7686057263473285e-04         2.7650138761911298e-04
18                                    -1.9349158713418510e-02        -2.2478952980376589e-02         3.3435484178744257e-02        -6.2844718235068112e-03        -4.9961315981006359e-03        -2.9677695022283200e-03         3.3884425250853148e-04         9.3521247017383166e-04
19                                     3.6208394243587544e-02         6.7061308243710024e-02        -4.5559228881566442e-03         2.7684945597480082e-03        -1.9126441742052344e-02         1.6838970097522027e-02        -2.3441315685900060e-03         1.8493332720377863e-02
20                                    -6.7502134479777487e-02        -9.7417965493607032e-03         2.7371098082109545e-03         4.5394072072321018e-03         2.0360140773468187e-03        -1.5647764226678872e-03         6.2362784985125468e-03        -2.3803592218836936e-03
21                                    -1.3939885284728910e-03         8.4440754371882046e-03         5.7704540802285334e-04         6.9327281979627859e-04        -1.2406287937110141e-03         2.2334647417383384e-03        -6.7429727133189415e-04         1.1185459733850510e-03
22                                     2.3618070743816094e-03         1.7435964238137792e-03        -4.8496996531772318e-03         1.5457981843851436e-03         8.3155999044669466e-04         7.2721284840844905e-04         9.2666045770652713e-05         4.8939449982865154e-04
23                                     3.3639369801425137e-03         3.2722640072800732e-04         1.2526573599391617e-03         6.5080459356999755e-03        -1.5656728751442723e-04         1.7693690699081594e-04         3.8632602025179394e-04         2.7263457105633590e-05
24                                    -1.3755911809667995e-03        -1.1997924940548663e-03        -1.7397258705321127e-04         8.1630555189358175e-04         5.5017632394438606e-05        -8.0070028952220656e-04         2.3895276710663295e-04        -2.5900275642695188e-04
25                                    -2.5436230249152505e-04        -1.7031317460791647e-03        -2.6201434068579737e-04        -2.2694516230769451e-04         2.9248940852367393e-04        -4.5402522420146668e-04         6.5307613302382096e-05        -2.3861322178044919e-04
26                                    -6.5564112789085350e-04         5.6547661570656698e-04        -3.0775398520899340e-04        -8.2148386970582734e-05        -5.3674023007238260e-05         9.5513298430901497e-05         6.9178992161159444e-05         7.1644722054185371e-05
27                                     8.6465317257201088e-04         4.2711701620014655e-04         2.6795914854155516e-04        -5.2887429310558768e-04         5.8423110845489654e-05         2.8574757999647342e-04        -8.3213103874407791e-05        -6.3114978083561157e-06
28                                    -3.3125012358506455e-04        -4.9741088363392796e-04         2.7458046392367971e-04         2.0582644554487692e-04        -3.9947223794034210e-05        -3.3743161799685141e-04         1.2704516570466204e-04        -7.8521080664409630e-05
29                                     6.9573324521544477e-05        -6.2358380672665383e-04         1.6272388199711492e-04         2.3576296203370697e-04         1.2072022436290621e-04        -1.7407698560976660e-04        -3.0265689887158999e-05        -1.4311541111694775e-04
30                                    -6.7466068751984975e-04        -8.8161689361588636e-04         1.2962936661874342e-04         9.3112466492909472e-04         6.6206406623672419e-05        -1.0285079908956168e-03         1.9794626677559446e-04        -7.5763403807114886e-04
31                                     7.1561678185484159e-05         7.2339025302919132e-04        -4.4356762534515138e-04         1.3248312389717119e-04         6.2125558693787366e-05         5.9518248137885657e-04        -9.6333273633950433e-05         3.3038897554257764e-04
32                                     2.6150248528841676e-04        -2.9158520253654344e-04        -2.4429086032285021e-04        -5.0828497111463252e-04         1.5998992192773422e-04        -1.9863398132698931e-05         1.3987964118293637e-04        -1.0450438434502125e-04
33                                     5.8692627143647484e-04         5.3101152254033778e-04         9.5756232358793565e-06        -6.7309398456799933e-04        -7.2208934583830258e-05         6.8254133516027502e-04        -1.6332254071782889e-04         4.9702936976147921e-04
34                                    -2.5695128344533703e-04        -1.1426214903993712e-03         3.5578332473828778e-04         4.5395815865130479e-04         1.5879947300306748e-04        -9.3656232514471546e-04         2.0553202859776998e-04        -7.1260780387109087e-04
35                                     6.5764011647594214e-05        -1.8342805636354189e-04        -4.5915847235581872e-05        -1.4154836653810187e-04         5.9449604734915362e-05        -2.0515137114563884e-04        -3.3108846401794811e-05        -1.6040994197300608e-04
36                                    -1.4834901519967663e-04        -1.1117199118622925e-04         2.6068016511523907e-05         1.8851348844154095e-04         2.7181901163362177e-06        -1.9719648466743576e-04         4.1466249747838986e-05        -1.4304286311772637e-04
37                                     3.8986543248255951e-04         7.5347658615014025e-04        -9.6070542335464156e-05        -4.9651416942445752e-04        -1.0923767534119419e-04         6.9494663038889278e-04        -1.5695006206276079e-04         5.0858442038902998e-04
38                                     1.4183247840641070e-04         1.4253198462855132e-04        -2.8408319604506817e-05        -1.6998375946256192e-04        -1.6444380668009600e-05         1.5282058424762846e-04        -2.2955711730943922e-05         1.0610380763895902e-04
39                                    -1.5984950635756980e-04        -2.3662369426629857e-04         4.1755967409729672e-06         2.0078043408277337e-04         3.1868771388477888e-05        -2.3313108761654848e-04         5.6176541318397454e-05        -1.6697718165620897e-04
40                                    -1.3893958134734204e-04        -2.1737602380670251e-04         2.3017804551576796e-05         2.0191576675609684e-04         2.7567806126874823e-05        -2.2107064139297060e-04         5.0800810965211327e-05        -1.5953701285479217e-04
41                                    -1.3259340757726130e-05        -9.4574015087200579e-05        -1.0452274052542799e-05         3.6425019613602088e-05         2.1766381134872084e-05        -8.1938449897482022e-05         3.3760449206137167e-06        -6.1527681236220181e-05
42                                     9.4266597934895575e-05         1.2700547781251213e-04         1.8811246261858866e-05        -1.3459844731509037e-04        -1.6775023628525692e-05         1.1397099874203040e-04        -2.5511172099449485e-05         7.8819238707421172e-05
43                                     7.0462188886218167e-05         1.8008406609142233e-04        -4.4513326230629681e-05        -1.0348574410616373e-04        -2.6648451234634394e-05         1.7466967567610926e-04        -3.8336375018286153e-05         1.3528373924060443e-04
44                                    -2.9350918317972916e-08         6.1938953026669939e-05        -2.3710581166293829e-06        -1.3911210071575867e-05        -1.1091577832952269e-05         5.4330963036367262e-05        -7.9151558375297003e-06         4.0783990168311187e-05
45                                     1.7403408776439687e-04         3.6490220672882358e-04        -8.6640176442675815e-05        -2.3546152393401357e-04        -5.0632313748196097e-05         3.8425412606587247e-04        -8.3403082133147208e-05         2.8789787312534650e-04
46                                    -4.9204030437961788e-05        -6.3037022768625635e-05         2.2006444997550072e-05         6.0701717717869159e-05         9.3162823003501056e-06        -8.0346258660233524e-05         1.3011019694324955e-05        -6.0480945364758498e-05
47                                     4.5117873293603700e-07        -9.5244019959407253e-06         7.9287922863457991e-06         3.4497901542455475e-05         8.7123144932937328e-07         5.3721512878798961e-06         4.5515411573799143e-07         3.6075729899419160e-06
48                                    -1.0656743000731655e-04        -2.0872748498914988e-04         6.0265506318413729e-05         1.4263203157904023e-04         2.8905096598735706e-05        -2.3917170101798774e-04         5.1254245005200190e-05        -1.8297817939408258e-04
49                                     2.9848801260062223e-05         5.2114371540205959e-05        -1.5897717835575121e-05        -3.9628436163002492e-05        -7.3657477591265177e-06         6.3299168923439423e-05        -1.2892644105786971e-05         4.9478403787119995e-05
50                                    -2.0756640696234123e-06         4.1879539441302205e-06        -6.5033330616186784e-07        -2.2989001617826650e-06        -1.1647561511522882e-06        -3.8759514246145175e-07        -2.4918247718404115e-07         2.1958348946911661e-07
51                                     1.0608789728433054e-03        -4.8936390653335482e-04         8.2706390110091855e-04        -1.1471366440416186e-03        -1.5559750271354825e-04        -1.4174929611409726e-04        -4.4772647160934445e-05        -7.2660211064939071e-07
52                                    -5.6639714231861106e-04         8.3096565416945160e-04         2.6032297662628723e-04         1.9592388267761056e-04        -1.4611740757296146e-04         1.9802297135382990e-04        -1.4331142935800967e-04        -4.7582822475889051e-06
53                                     1.0533366415970246e-03         4.4381109324707088e-04         2.5153895472635867e-04         3.2435309751616343e-04        -2.6827115413858215e-04         1.8604616060616290e-04        -1.4215263807558726e-04         2.7243348754555047e-04
54                                     1.1256795399379755e-02        -2.9018429640000698e-01         1.5286349532158232e-02        -9.7589557537731408e-03        -4.0695054150601102e-02         2.7450623134670324e-02        -5.4468037128823539e-03         2.2619832266076605e-02
55                                    -8.7584174140895948e-02        -1.6102520751984553e-02        -1.1247579851029089e-01         8.2175359277576118e-03         4.7167113314233490e-02        -9.6366617725652248e-03         3.2961892178615480e-03        -8.5045716692642853e-03
56                                     1.4533853690316084e-01        -6.0272935222246277e-03         8.8825795802454921e-03        -5.8216502854060576e-02        -8.0053939384197546e-03         2.0297877693346241e-03         8.3825055264184246e-04         1.5811326067342799e-03
57                                    -6.0272935222246277e-03         6.7968825877040850e-01        -2.8453211024912474e-02         2.2261074809679111e-02        -1.3011945630381286e-01         6.5066654345717970e-02        -1.1190412575912443e-02        -4.1919781355945131e-02
58                                     8.8825795802454921e-03        -2.8453211024912474e-02         6.3881886275330924e-01        -7.2338923094912813e-02         3.9843575749116317e-02        -2.5798416627810850e-01         2.9957838802591341e-02         5.5978438984013397e-02
59                                    -5.8216502854060576e-02         2.2261074809679111e-02        -7.2338923094912813e-02         1.4498067271186899e-01        -7.9903063960735723e-03         3.0927087798910381e-02        -6.2130415472273146e-02        -9.4495983881112133e-03
60                                    -8.0053939384197546e-03        -1.3011945630381286e-01         3.9843575749116317e-02        -7.9903063960735723e-03         7.4573617507169865e-01         5.4871247780313256e-02         1.2674934701034764e-02        -3.9972229011821092e-01
61                                     2.0297877693346241e-03         6.5066654345717970e-02        -2.5798416627810850e-01         3.0927087798910381e-02         5.4871247780313256e-02         6.6333686686999305e-01        -7.3196644658734877e-02        -1.6854288571948445e-02
62                                     8.3825055264184246e-04        -1.1190412575912443e-02         2.9957838802591341e-02        -6.2130415472273146e-02         1.2674934701034764e-02        -7.3196644658734877e-02         1.4358047754851752e-01        -9.0135580344631525e-03
63                                     1.5811326067342799e-03        -4.1919781355945131e-02         5.5978438984013397e-02        -9.4495983881112133e-03        -3.9972229011821092e-01        -1.6854288571948445e-02        -9.0135580344631525e-03         7.3306886127984472e-01
64                                     2.7002642468409066e-03         2.7560262260250858e-02         2.1777687928442629e-02        -1.6498215490431791e-03         3.8299739650580727e-02        -1.3271371789594796e-01         1.2371282835338136e-02        -6.8020156646099075e-02
65                                     5.4831150505986184e-03        -5.5047885330108629e-03        -4.2643414322981500e-04         4.3735538154558544e-03        -1.6819830524334695e-02         1.0423513426216221e-02        -5.6890041090423185e-02         2.9655516339452410e-02
66                                    -7.9748281064530410e-07         1.1661316258665031e-04         1.9892097891054030e-04        -1.6153931995385157e-05        -4.8421910259625043e-05        -1.9317241055283325e-03         2.4372630336563295e-04        -6.5195222098341620e-03
67                                     5.0850553497175897e-06         2.1576418301064290e-05         1.9107927355698217e-04        -3.6681463905174064e-05         4.1357060883735384e-04        -1.6022318689634294e-04         1.0227047631223741e-04        -2.7624084415658976e-04
68                                     5.6520828096840219e-05         1.5290657361901740e-05        -4.4599373998065533e-05        -8.8331129165508914e-05        -9.6538231414782048e-05         2.9708020428064670e-05         4.4190372793113795e-04        -2.0950038907795252e-04
69                                    -1.5221114152439122e-04        -3.0247536694328584e-04         5.0245995300468647e-04        -2.0679400475488458e-04         5.0279696953616990e-04         6.5023173320448777e-05         6.2670396532724017e-04        -2.7089794762549064e-06
70                                     1.8818826830368168e-04        -5.3560625485000915e-04         7.0599051689801797e-04        -1.5884611150295653e-04         1.3956718700091084e-03        -4.7681661224249696e-04        -1.2742720594229176e-04        -2.0444621922766420e-03
71                                    -5.4402515102095796e-05         2.3637228527173450e-04        -2.5300550244134086e-04         1.4120955113717263e-05        -6.0485748931140334e-04         6.2366536966892018e-05         1.9280223288838989e-04         4.4123947037110964e-04
72                                     1.7151235024863394e-04        -2.9982701500072550e-04         5.2817838150431991e-04         6.2023214777340470e-05         5.0966891703431503e-04        -1.0527391380392543e-04        -5.7702902758486273e-04         1.2233411548550135e-04
73                                    -1.1373098236437966e-04        -5.7623882685414989e-04         7.4121307566751751e-04        -1.1692957188397899e-04         1.4778926964392257e-03        -3.7484626286162556e-04         4.2675478684823354e-04        -2.0703490551721160e-03
74                                     3.0533742997806144e-05        -7.3268764149690821e-05         6.9183260597333106e-05        -4.7115080683895544e-05         2.0127658942187395e-04         1.0951792757013287e-04         9.0914448383348995e-05         1.2125987679974725e-04
75                                    -8.2620237097107726e-05        -1.1490127689501076e-03         2.1996908055989493e-03        -4.3478076043381131e-04         3.8240158916752237e-04         6.9486035939317890e-04        -1.0504505480488831e-04         2.5942423093957314e-04
76                                    -7.0389118553006082e-05         3.7080931174263846e-03        -3.2831134108512201e-03         1.2118714280504427e-03        -1.5622310770575379e-03        -6.8527508705348405e-04         1.0202980074512107e-04         1.8560909353492253e-04
77                                    -4.3216957475366642e-04        -5.5308440340172112e-04         1.1307643194920572e-03         4.3005117256623669e-03         1.7600378944795616e-04         1.6315954561679557e-04         3.1410871016091663e-04         1.8199676948174071e-05
78                                     1.7833421969088239e-04        -6.9513891650991384e-04         1.4210603041999977e-05        -1.0494323518200942e-05         3.0580623968862940e-04        -5.0512811094456254e-05         4.1103604850175428e-05        -2.0773027868955157e-04
79                                     8.4395983431443744e-04        -5.2434306431299290e-04         4.0671151170003448e-04        -1.2928915303376479e-04         1.1888910820250290e-04        -2.6495393123267524e-06        -9.2171378898029186e-05        -3.5558134623067022e-05
80                                     4.0141062446240588e-03        -1.6076760510540169e-04        -7.0116026838253792e-05        -6.3382911513123563e-04         8.7225180854958633e-05        -1.6139622674013048e-04        -5.5872857729233946e-04        -1.1778710944052548e-04
81                                    -2.6144430492800266e-04        -5.2343146318330550e-05         1.6530171131507333e-04        -4.3984118083580990e-06         9.8751202760318467e-06         7.8199079277078976e-07        -1.4823284174508324e-05         1.4338923301086489e-05
82                                     2.9104172642112282e-04        -1.7743895162262752e-04         3.0687075115636312e-04         1.1694593982193203e-04         2.6182064433119892e-05        -6.1198423588610496e-06         1.5134743073425268e-05        -2.1431202905870198e-05
83                                     1.2468356993150856e-04         3.6367502188863342e-04         2.3270189517354725e-04        -2.0940260166862893e-04        -1.3430423434960598e-04         7.8441620197468621e-05        -3.4132056081915809e-06         1.1986947869148319e-04
84                                     6.7578357823211703e-05        -3.3869611483386235e-08         3.5799796073172972e-05        -2.4409828172292459e-06        -5.5537158116319659e-06        -3.5755761238745609e-05         4.3096137225732522e-06        -3.3127858841734800e-05
85                                    -2.9512871310010129e-05        -9.7347359687999669e-06         1.4329926794229677e-05        -7.3155804109897789e-06         2.6126923717574558e-06        -2.9270756715725992e-07        -1.7668842054443630e-06        -3.0928030234152366e-06
86                                    -4.8078065609221028e-05        -3.8009729086188349e-05         3.3496946984686298e-06         1.6979124059834645e-05         6.5584006224173684e-06        -1.7846670662876368e-05         6.8325296863418309e-06        -1.0254266837304030e-05
87                                     5.7318466558100906e-05        -1.3599653115819879e-05         5.9541243690226504e-05        -4.6230241334611877e-05        -4.2372884679448236e-06        -2.2185716552155175e-05        -5.7621018429531416e-06        -2.1855204015214051e-05
88                                    -7.8623605030410208e-06        -1.6781114359035859e-05        -4.5709115348413661e-05         3.9490413161606019e-06         1.2606221107806456e-05        -8.8079670145455589e-07         3.8836593791174046e-06        -3.2233284264338415e-06
89                                    -1.1343413037721969e-04         9.2116637838462871e-05         3.6277679098814812e-05         1.0657598907647556e-04        -3.5682686859916276e-05         2.6684927290481692e-05         4.5185264227171832e-06         3.2799308458297311e-05
90                                     1.8269764136006995e-02        -1.5338008260879183e-02        -2.6762987096574910e-02         3.4377920957295301e-03         1.3525932926309360e-03        -1.4928758628995405e-03         2.6114049277630835e-04         1.2043805501145075e-04
91                                     2.9802863760626932e-02         2.3188533605661586e-03         5.7914282666687422e-03        -3.7747567069964247e-04         1.5119390952998504e-03         9.8210729122275259e-04        -5.7987940938488260e-04        -5.3348166911420169e-04
92                                    -4.0906703067598256e-02        -1.3254974940681901e-03        -1.0702919375661177e-03         4.0438804694049903e-03        -5.8367094583162624e-07        -6.9873803184793333e-04        -3.0729354346161197e-03         5.4089556059854686e-06
93                                    -7.8582469755562141e-05         1.1339575125761777e-02         1.2218323452530110e-02        -1.4545483884762477e-03        -1.4330014660842774e-01        -1.2503297676012701e-01         1.4151821200146752e-02        -1.2799392772983462e-02
94                                    -5.1106988276128666e-04        -1.6696428901282773e-02        -1.8843332585225685e-02         2.5959081754075770e-03        -1.2531438482585894e-01        -2.4894546633769105e-01         2.5322670029226259e-02         2.3402493550998063e-03
95                                    -2.4052467083446423e-03         2.5792206580578210e-03         3.5437450708991325e-03         3.0999492706193258e-03         1.4191614283481178e-02         2.5349381842635386e-02        -4.2693481219867518e-02        -9.0992939162279005e-04
96                                    -2.2390559962639885e-04        -4.9997042049651913e-03        -1.6987925039776797e-03        -2.0788930968988566e-04        -1.1176449830551660e-02         2.9641411185690768e-02        -4.6880081976808392e-03        -1.2116639656178159e-01
97                                     3.7012593040590923e-05        -8.9732456333177588e-04         1.8145796263720464e-03         1.0653675882281392e-03        -1.5162987575280812e-03         4.1137332177809630e-03        -1.0777104810837839e-04         1.1397393181735893e-01
98                                     2.7096333015094655e-04        -4.1344960222279873e-04         1.0324036523456227e-03         9.5167339741959595e-03        -3.0269392563524612e-04         9.0579333613659870e-04         3.5129048401380623e-03        -1.8828375598176066e-02
                                                        64                          65                          66                          67                          68                          69                          70                          71

0                                     -4.6101648804218326e-03        -3.0698314330801502e-04        -8.8555224803143928e-02        -9.8358788689608123e-02         1.3360405096256783e-02        -6.9010065554509087e-02         2.4902642460799197e-02        -6.8470079515433074e-02
1                                      5.8521737622250092e-03        -7.7549905017138617e-04        -9.1560255192221163e-02        -2.7421558720987610e-01         3.0554819813618114e-02         2.5502238732805452e-02        -8.0835092679094167e-02         8.5631622737184568e-02
2                                     -2.6506725547918329e-05         7.1308727913507869e-03         1.2346940299959364e-02         3.0356027931259810e-02        -5.2480367278598422e-02        -6.8940930838191389e-02         8.5869638369119691e-02        -2.4594395740113847e-01
3                                     -8.5835575392821994e-02         9.1422190462644298e-03        -1.4322994750500877e-02         1.6524562447835581e-03        -7.4428815189941672e-04        -9.8510386652614322e-03         2.4504297441776627e-03         8.8543466005869265e-05
4                                     -2.0559044337122237e-01         1.8012901026967291e-02        -3.2933161975828074e-02         1.5352375975126176e-03        -1.5135480482961158e-03         1.3556778618677937e-02        -1.3857272900022824e-03        -8.8537306790254541e-04
5                                      1.5991369971466978e-02        -7.4461216344939657e-02         4.4612709159833836e-03        -3.9542201838073734e-04        -1.0906269075396744e-03        -3.0277948419598216e-02         1.6888880526830946e-04         1.8786142524379046e-03
6                                      2.3301409137976622e-02        -1.9941766839908417e-03         4.0410783530759851e-03         1.8656958584457152e-03        -1.0587741947844524e-04        -3.4331297102866173e-03         1.9315342569695020e-03        -3.2714277212899886e-04
7                                     -7.2270721036286276e-02         1.2611198979276971e-02        -1.3019740118381982e-03         6.1361604823049597e-04        -2.0272171532161189e-04        -4.1544037188467279e-04        -2.2554990865334914e-04        -1.3310963004494196e-04
8                                      1.4089496686790867e-02         2.1229050880564274e-02         3.1857602087069395e-04        -6.0426950129644809e-05        -2.6875904584539479e-04        -1.3563537177595738e-03         5.0974885984281584e-04        -3.0170406536319844e-04
9                                     -3.1423389478562255e-02         3.2313391015740770e-03        -4.4676516396290750e-05         2.3609444598530691e-05         2.5755848054271691e-06        -1.1279106953769285e-03        -1.4683174830305411e-04         2.1669066501832368e-04
10                                     3.2090120688075922e-04        -1.3261001119035509e-03         4.3298374061890091e-04         4.5141116419611816e-04        -8.0549398798996177e-05         8.0736110238769114e-04         1.4396106429102529e-04        -2.2863059858869268e-04
11                                    -2.2558655041581429e-03        -7.8780640103677715e-03        -6.6125560759801489e-05        -1.0749890900454018e-04        -2.0520729480002586e-04         2.2803922399765959e-03        -5.6528270950586450e-04        -2.8723438198894935e-04
12                                     9.2330252755158486e-03        -9.5784201854385784e-04         1.9526028155497389e-04        -8.4457009348413124e-05         1.9355316626525597e-05        -1.3068164599645989e-04         2.6185649874601495e-04        -1.1008519797480257e-04
13                                    -7.4328642520663200e-03         7.3707787265954753e-04        -1.6278761946717145e-04        -7.6179765686482077e-05        -1.5433075186567238e-06        -3.1644396792078244e-04        -1.9074044082216857e-04         4.0508782693641506e-05
14                                     1.3968100178609775e-03         1.7542727460228994e-04         2.5428930773900053e-05        -9.8075204039968825e-07        -7.1658302559597301e-05         2.1050829724331019e-04         4.0295706445888908e-05        -2.1608654585707036e-05
15                                    -9.2384065911584740e-03         8.2938136711715061e-04        -2.2579633617454372e-04        -6.1165771776736880e-05         3.9210977383465827e-06        -2.2493394516781762e-04        -3.1219357050036309e-04         1.1448299586147321e-04
16                                    -4.1529211544183023e-03         4.3328949415632567e-04        -8.7317732472886358e-05         2.9028384785017902e-05        -2.4805433213868198e-06        -5.6420394557620346e-05        -1.7399027769560296e-04         4.9058649825827822e-05
17                                     1.9200089417220818e-04         7.7037413183776000e-05         1.2271035115590752e-05         2.1645393354218379e-06         2.0895902107426366e-05        -1.3414262552030452e-04         3.6882628273184038e-05         2.0009188823916576e-05
18                                     1.4005114375057535e-03        -1.2538638432939519e-04        -7.2884826791527605e-05        -5.0935876606316940e-05         8.7010339941334531e-06        -1.8634222762977976e-04        -1.3289838458672119e-04         1.0463889266758373e-05
19                                     1.0100469089372543e-02        -7.4832677100305459e-04         2.4760087006824868e-04         7.4849238785726965e-05        -6.2406773439184157e-06         2.6098540187724620e-04         4.3151401831772128e-04        -1.6104940301987802e-04
20                                    -1.2462265802730876e-03        -9.0747619393661432e-05        -4.0947735554701430e-05        -1.2187162760974115e-05         2.2090070608506726e-05        -9.1144120518166051e-06        -6.2849375768096930e-05         2.5927402852893931e-05
21                                     5.7127010384577358e-04        -2.6776685334147643e-05         9.8903735604845549e-05         7.1554642741588535e-05        -1.1832656149595870e-05         2.3254556763348537e-04         1.3453097658798317e-04         1.9770435225800829e-07
22                                    -2.0347540079404351e-04        -1.1409071194931145e-04         9.7811772416744826e-06        -2.4569627510751153e-07         2.9758255588959619e-07        -6.5733969817931748e-06         8.7346842593387397e-06        -6.4420146452849885e-06
23                                    -3.7041806153551682e-05        -2.8259191586827001e-04         3.8965526266746101e-06         4.3187445665803285e-06        -1.0214575840534904e-05         1.3213485431577527e-05        -7.1956302851903468e-06         1.0603833711581956e-05
24                                    -5.2334085260125665e-05        -8.2141214677873783e-05        -5.7039091329696688e-05        -4.7012045746978149e-05         5.7848727272400451e-06        -1.4811116528752702e-04        -6.5141211684371589e-05        -1.6173022976071813e-05
25                                    -1.0613341394081863e-04         2.4940512925415725e-05        -1.1387548671029174e-05        -9.3496326575067540e-06         1.4910925882651423e-06        -2.4596289117355592e-05        -2.1644917540203156e-05         3.6211741498729465e-06
26                                     1.5257204076927862e-05        -7.5190398374513678e-05        -7.4421982585239381e-06        -4.8628892069986236e-06         2.1160914145771051e-06        -1.2840211155085108e-05        -1.1261346237699250e-06        -4.5622803859646103e-06
27                                     3.3205516308653828e-05         5.4926356763954339e-05         2.9679016722595339e-05         2.3887470137941053e-05        -2.7319778748012697e-06         7.1192480230525788e-05         3.4714361531098685e-05         9.6772508685315781e-06
28                                     1.7346828733852596e-05        -4.2052203945268927e-05        -2.5294123027315154e-05        -2.2522048318727626e-05         2.4800052876600532e-06        -6.5279350844205802e-05        -2.9301442325139216e-05        -8.2963838135812894e-06
29                                    -3.3492199190596049e-06         5.6431698602705635e-06         2.5902030660325499e-06        -3.6061410842083003e-07        -1.4571538935329334e-06         1.3724573133353540e-05        -2.4676655601532567e-06         1.9477042351633759e-06
30                                    -5.3900877236517475e-04        -6.7667118779380809e-05        -1.0483239529132418e-04        -7.0287695218843540e-05         1.0938839790497833e-05        -2.6567157414710262e-04        -9.5155247797442890e-05        -3.2630086373481912e-05
31                                     7.4711045351427864e-05         2.1373370592092665e-05         4.5700802015029841e-05         3.5511682892054393e-05        -3.9835255813260946e-06         1.0852929096302608e-04         4.4246779386525285e-05         1.5454346464812736e-05
32                                    -1.3139418361279360e-04        -3.3487896800365448e-05        -1.6245431326911082e-06         1.9483178339041495e-06        -1.5438274179305463e-07         1.2258483770716842e-06        -5.0308783515482848e-06         1.6747247138283207e-06
33                                     3.4008120374944288e-04         5.1423432002904178e-05         7.1608569753643105e-05         5.0818514378234302e-05        -7.8843542051013874e-06         1.8197002320304638e-04         6.5335953156329143e-05         2.4337127615858494e-05
34                                    -3.8584089476111641e-04        -4.8759440074752584e-05        -7.9499254530911748e-05        -5.7750118595183717e-05         8.5790573926399302e-06        -2.0015012050574109e-04        -7.6041016949675685e-05        -2.3997152416569296e-05
35                                    -1.0634458218126191e-04         5.5330892931483522e-05        -1.9222454110523104e-05        -1.3527244431531962e-05         1.9267455209711500e-06        -4.9276051186473612e-05        -1.5594413437605051e-05        -7.1567405144448793e-06
36                                    -9.2125389713546674e-05        -1.5327650047526963e-05        -2.1461216244901160e-05        -1.5443468703394860e-05         2.2553253717562582e-06        -5.4825074545932061e-05        -1.9222694197370594e-05        -7.6548304026389347e-06
37                                     3.1812785912015097e-04         4.2505011705184755e-05         6.5888645644129093e-05         4.7928603146266004e-05        -7.1807192142063831e-06         1.6705532241676331e-04         6.2417399675403744e-05         2.1162653720210815e-05
38                                     6.8526152424792705e-05         9.3547594917529177e-06         1.5163203548878140e-05         1.1031332205093390e-05        -1.8387181756288341e-06         3.8778609575282592e-05         1.3778092589930659e-05         4.9702357283830227e-06
39                                    -1.1800554830881807e-04        -1.7374896576179002e-05        -2.4653594276330453e-05        -1.7329589317156770e-05         2.6157742416758591e-06        -6.0397420840880724e-05        -2.1966672820371492e-05        -8.1846625151882194e-06
40                                    -1.1099756511255280e-04        -1.7362129343884833e-05        -2.3333667825043965e-05        -1.6267790115433189e-05         2.5546526319197415e-06        -5.7241284285579049e-05        -2.0526396891070017e-05        -7.6588280177897639e-06
41                                    -4.3073828961648429e-05         2.9399659645451246e-06        -7.8383921354823041e-06        -5.3328637319554337e-06         1.0590003105554021e-06        -1.9386766401784735e-05        -6.7198218542374711e-06        -2.7283878302369652e-06
42                                     6.6400676178807107e-05         1.0489151252873223e-05         1.3084765691811833e-05         8.5966968128621144e-06        -1.4465535360390125e-06         3.1075192675664170e-05         1.1420503476228694e-05         3.5401848613372941e-06
43                                     8.0812388453461656e-05         8.3707329731689249e-06         1.6971049662446692e-05         1.2459096949075650e-05        -1.8294976631625504e-06         4.2290443037899664e-05         1.5175289727192734e-05         5.6699339192811324e-06
44                                     2.6190165935896098e-05         1.4081227054925096e-06         5.1760373792662735e-06         3.5744467710527739e-06        -1.0987860153720001e-06         1.3687691852396526e-05         4.3297596609912219e-06         1.9800017722874268e-06
45                                     1.7183425879495085e-04         1.9646881257033210e-05         3.7008908948563113e-05         2.7229157071592420e-05        -3.9540262030952184e-06         9.4419021101195232e-05         3.4208354473215166e-05         1.3803876619536025e-05
46                                    -3.6980160616380529e-05        -2.5573174830296200e-06        -7.9046084902099445e-06        -5.8938714945746726e-06         8.2058243970638457e-07        -2.0613111132655101e-05        -7.3001353493983571e-06        -3.2615762740932316e-06
47                                     3.2463260877952801e-06        -5.1686828576654597e-06         9.6351472613232203e-07         6.5602995536232901e-07         4.7793424378446128e-08         2.0215686942892859e-06         6.4144207636199612e-07         2.8535549883030318e-07
48                                    -1.0558345457834927e-04        -1.2090519110112190e-05        -2.2994728363022270e-05        -1.7165010979271504e-05         2.4333676231287518e-06        -5.9290239449023526e-05        -2.1310383770030590e-05        -8.9221300581788197e-06
49                                     2.9231626775647346e-05         2.8774369262290259e-06         6.3112268175129606e-06         4.7639473116329678e-06        -6.9940202538269845e-07         1.5985322845980869e-05         5.6786792990889934e-06         2.2929528599250346e-06
50                                     9.3673953017010444e-08         1.2627915723673420e-06        -1.7540463504418338e-07        -1.5089923812458086e-07        -2.1595243191170511e-07        -1.9213997954501192e-07        -2.4359812971054838e-07         5.7497731330843664e-08
51                                     1.4137254803967304e-04         8.0683781987621100e-05         1.0233196383305974e-05         9.3594010133604404e-06        -6.2223899964399096e-08         3.2112960957335129e-05         8.5032453781841444e-06         7.7099592203098478e-06
52                                     1.3554607714376705e-05         5.7296250697643324e-06         5.3944031694600934e-06         4.8299422516782974e-06        -2.5535234556786515e-06         1.7048752771249106e-05         1.2859892455031934e-05        -5.5063567945691613e-06
53                                     2.0520986803222797e-04        -6.4249973248160070e-05         9.8021084336115012e-06         4.0794667329898619e-06         7.5694749307936246e-07         1.3678382759435570e-05         1.0695410317902287e-05         7.5188869541561760e-07
54                                     1.0788073538940750e-02        -9.7960504538660001e-04         2.4451432517467433e-04         8.4071505300472324e-05        -1.5298817218695792e-05         2.3853519958315741e-04         5.2093281317412178e-04        -2.1382888629853418e-04
55                                    -1.0335412502917300e-02         1.9474137742810111e-03         6.3503305752513956e-05         2.8360072369273910e-05         1.1061099324753180e-05        -1.2476785513856323e-04        -1.7094092352989900e-04         8.6425371518383928e-05
56                                     2.7002642468409066e-03         5.4831150505986184e-03        -7.9748281064530410e-07         5.0850553497175897e-06         5.6520828096840219e-05        -1.5221114152439122e-04         1.8818826830368168e-04        -5.4402515102095796e-05
57                                     2.7560262260250858e-02        -5.5047885330108629e-03         1.1661316258665031e-04         2.1576418301064290e-05         1.5290657361901740e-05        -3.0247536694328584e-04        -5.3560625485000915e-04         2.3637228527173450e-04
58                                     2.1777687928442629e-02        -4.2643414322981500e-04         1.9892097891054030e-04         1.9107927355698217e-04        -4.4599373998065533e-05         5.0245995300468647e-04         7.0599051689801797e-04        -2.5300550244134086e-04
59                                    -1.6498215490431791e-03         4.3735538154558544e-03        -1.6153931995385157e-05        -3.6681463905174064e-05        -8.8331129165508914e-05        -2.0679400475488458e-04        -1.5884611150295653e-04         1.4120955113717263e-05
60                                     3.8299739650580727e-02        -1.6819830524334695e-02        -4.8421910259625043e-05         4.1357060883735384e-04        -9.6538231414782048e-05         5.0279696953616990e-04         1.3956718700091084e-03        -6.0485748931140334e-04
61                                    -1.3271371789594796e-01         1.0423513426216221e-02        -1.9317241055283325e-03        -1.6022318689634294e-04         2.9708020428064670e-05         6.5023173320448777e-05        -4.7681661224249696e-04         6.2366536966892018e-05
62                                     1.2371282835338136e-02        -5.6890041090423185e-02         2.4372630336563295e-04         1.0227047631223741e-04         4.4190372793113795e-04         6.2670396532724017e-04        -1.2742720594229176e-04         1.9280223288838989e-04
63                                    -6.8020156646099075e-02         2.9655516339452410e-02        -6.5195222098341620e-03        -2.7624084415658976e-04        -2.0950038907795252e-04        -2.7089794762549064e-06        -2.0444621922766420e-03         4.4123947037110964e-04
64                                     6.5969060584335149e-01        -7.7834585377286880e-02         2.0478539714224326e-03         4.3588862526959147e-04         2.4236446295998449e-04         3.5024501959442808e-04        -6.3328788384956142e-04         6.0615308084161813e-04
65                                    -7.7834585377286880e-02         1.3527579122632527e-01        -5.5085572120021809e-04         1.7187232077756141e-04         1.5159245242653376e-03         1.2545566495027216e-03         1.0008775890228417e-04         7.6096783025070042e-04
66                                     2.0478539714224326e-03        -5.5085572120021809e-04         9.6999152099729535e-02         1.0437950976176461e-01        -1.3843605300983131e-02         3.8201951833942605e-03         9.7264927746051819e-03         4.2754052219899988e-04
67                                     4.3588862526959147e-04         1.7187232077756141e-04         1.0437950976176461e-01         2.9507142303054756e-01        -3.3613840944323389e-02        -3.1898619342831253e-03        -8.6783694143574078e-03         8.1584436420647707e-04
68                                     2.4236446295998449e-04         1.5159245242653376e-03        -1.3843605300983131e-02        -3.3613840944323389e-02         5.0413331269571725e-02         1.2229680323878306e-02         2.5834846252160600e-02        -1.9254151948375261e-03
69                                     3.5024501959442808e-04         1.2545566495027216e-03         3.8201951833942605e-03        -3.1898619342831253e-03         1.2229680323878306e-02         7.6209152097326052e-02        -3.1356568912648458e-02         7.4795067435997453e-02
70                                    -6.3328788384956142e-04         1.0008775890228417e-04         9.7264927746051819e-03        -8.6783694143574078e-03         2.5834846252160600e-02        -3.1356568912648458e-02         8.3533924582926064e-02        -9.3991132036472511e-02
71                                     6.0615308084161813e-04         7.6096783025070042e-04         4.2754052219899988e-04         8.1584436420647707e-04        -1.9254151948375261e-03         7.4795067435997453e-02        -9.3991132036472511e-02         2.6730791288185513e-01
72                                    -4.7853684600361715e-05        -1.3743498484478645e-03         4.6843049926938761e-03        -6.6153526328668992e-03        -1.0593570698102999e-02         3.4836644520242982e-03        -6.6882058283120735e-03        -6.5144771938928404e-03
73                                    -7.5881556346143022e-04         1.6961331843751604e-04         1.0737694093818098e-02        -1.5501449071266988e-02        -2.1134750364889026e-02        -5.1038186953096887e-03         8.0102756854879345e-03         8.5974466564564846e-03
74                                    -1.5541159511473765e-04         7.5790581939591724e-04        -3.3031996895649209e-03         2.8564249783944728e-03         4.0407908586061842e-03         9.9618191586335492e-03        -1.7979796993393627e-02        -2.1449192052783273e-02
75                                     9.0378034789653696e-05         5.1974186581439847e-07        -2.1803551381038627e-05         1.1391967185406823e-05        -2.5460634090077324e-06         3.0110363603222856e-05        -3.8665208838442968e-06         5.7063964696040166e-06
76                                     3.0744801385507105e-04        -6.9555616078838302e-05         2.7812556753283122e-05        -2.9552347305412258e-06         2.5557067845878383e-06         2.0787389547352684e-05         9.0386631137456667e-07        -3.2170569792733705e-06
77                                    -5.6339124238980192e-05        -2.5334587263388489e-04        -5.3419243037394718e-06         1.2228773435039815e-06         6.4553542042433546e-06         3.2837722028911470e-05        -5.7929970934091828e-07        -3.1021207447224939e-06
78                                    -1.0725711173222323e-04         4.6429818414910182e-06         1.2004603408572595e-06        -1.5132047087824501e-05         1.6385186184197210e-06        -4.5240391440044082e-05         2.7032924161213777e-06        -4.9032461195457273e-06
79                                    -5.4698591327607631e-05         3.2716739415398935e-06         4.4957607704053620e-06         4.6801499780491475e-06         1.2592250974806493e-06         1.2581646145773504e-05        -4.4500934569740658e-07         4.5479244830177903e-06
80                                    -3.7069536570320653e-05        -8.8520783066407967e-06        -3.4096165226101085e-06        -9.5755306579589021e-07         1.0146140441623238e-05        -2.9552327056082680e-05        -6.4569335799598873e-06         1.9644714003364466e-06
81                                    -2.3383526856216778e-05        -3.4945965171550048e-06         2.5204140400365729e-06         2.2800583848559355e-06        -6.1279483884873760e-07         6.9148187216511387e-06         3.7314908791922022e-07         1.6410504728290481e-06
82                                    -3.8213990679578013e-05        -2.6813217028352526e-06         8.1682491158055872e-07         1.4489870788249575e-06        -6.4020373438334130e-07         5.1404459418079166e-06        -1.2084329729009872e-06         1.2421939929579138e-06
83                                     4.7135779866780049e-05        -1.2409418289034902e-08         2.1723875666082270e-06         1.4040713017359749e-06         9.4937493266309284e-07        -2.7837544596153029e-06         2.3473014685734119e-06        -3.0634903218028072e-07
84                                    -7.0143861389432530e-06        -1.0650705754447913e-06        -2.9581060378329683e-06        -2.0097908240399075e-06         1.7423133267257011e-07        -8.1077562194622490e-06        -2.1482000365007715e-06        -1.3235921294794961e-06
85                                     1.0920207486320324e-06         1.0716378423737642e-06        -1.0369239841848945e-08        -2.4816559291297290e-07         5.8554371992808514e-08         1.3665748077097174e-07         7.9568452213845710e-08        -2.1956994738370076e-08
86                                    -3.0012582893010162e-06         6.3442978254241539e-07        -7.0796611946278350e-07        -5.1483404988304782e-07         1.4145170677903757e-07        -2.1009577992979597e-06        -1.0472763892781825e-06        -3.0086902484582532e-07
87                                     2.6576616192425112e-06         4.6323997991974499e-06        -6.6536663075069638e-07        -7.7260751925076567e-07        -7.6263862029513172e-08        -1.7849850565203839e-06        -2.5917315312729244e-07        -4.5606129124104106e-07
88                                    -1.2814787644396550e-05         2.0258125969155525e-07        -5.5283694415496235e-07        -5.6696020984039878e-07        -1.9671118522870523e-08        -1.5913203433902002e-06        -1.0132283464081733e-06        -1.4708221769999820e-07
89                                     2.1964840107569443e-05        -1.2781310667613463e-05         1.1292542020149324e-06         5.3475753782004221e-07         2.0737347673353121e-07         1.3393741618100744e-06         1.3721143604087090e-06         1.7894075693175755e-07
90                                     2.2587611722924483e-04        -2.2098025861972710e-05         2.9321425422184255e-05         4.9543488716929213e-06         1.5803175378731473e-06        -5.0468936230266265e-05         8.8031582424906749e-06        -1.0598845874913471e-05
91                                    -8.7428571373933048e-05        -6.1647802427351359e-05        -6.4479819155588728e-06        -2.0580808664230437e-05         4.0129482804218664e-07        -1.7904006139387809e-05        -8.4841657300334925e-06        -3.1009885314171718e-06
92                                    -1.0881794880650218e-04        -2.7111938369212436e-04        -8.0451828654076800e-07        -4.7651768806555210e-07        -1.6455873730326090e-05         1.6369390890513261e-05        -6.8339445194768695e-06        -1.1945936191705310e-05
93                                    -2.8100458348231928e-02         3.3132020384840956e-03        -5.1444861495573285e-04        -4.4693589674744635e-05        -2.9189360584551754e-06         1.4557692525941530e-05         4.4432844833308059e-05        -5.3492005130607347e-05
94                                     6.2478955298464808e-03         2.0834246148271644e-05         2.9918349619072036e-05         1.0465122608734772e-05        -3.2588757865860692e-05        -6.7558366058953311e-05        -1.2274273413342691e-05         3.2356722026498580e-06
95                                    -9.7061199521802683e-04         6.0303417275598030e-03        -1.2256956819224328e-05        -3.6292069374273969e-05        -2.2640298392960807e-04        -2.0329669762800558e-04        -2.6285393675100775e-05         1.9275689472093711e-05
96                                     1.1368275240075434e-01        -1.8797567596976365e-02         1.6569912649378517e-04         2.2903237499656762e-04        -2.3562594697251312e-05         1.3942311348460871e-05        -8.1929209857282709e-05        -1.9028129661112936e-05
97                                    -2.7034317933972118e-01         3.6729670529396671e-02         7.1054864527066771e-05         2.1520800726755737e-04        -4.6744890253849818e-05        -4.1663794765254371e-04        -2.7007578376148414e-05        -2.3847660255063834e-04
98                                     3.6689931274763526e-02        -4.2559693498869282e-02         2.8192023807808769e-06        -4.5728862189989983e-05        -1.4705987400790547e-04        -1.0185726529724269e-04         1.8894786012903242e-04        -2.3042813841546352e-04
                                                        72                          73                          74                          75                          76                          77                          78                          79

0                                     -7.8023251228807877e-02         5.1845310162969248e-02         6.6272955899076030e-02        -6.7549210677740092e-06         1.6819235966700880e-05        -1.0054410675021654e-05        -2.5340279939836826e-05         2.3072048480165912e-06
1                                      5.2464586345739389e-02        -1.4186271788913607e-01        -1.1344106366145182e-01        -8.1482069309950808e-05        -2.4771203431769189e-05         3.4579316502505582e-05         1.4805505236174042e-04        -3.4322304407367925e-05
2                                      6.6445922307154348e-02        -1.1372816313370918e-01        -1.7623103762027831e-01        -1.5795091349045441e-06         2.6785404128262357e-05         1.7309420437709085e-04        -1.1293716001139385e-05        -2.0516495406998666e-05
3                                     -1.1424700420683179e-02         2.0958226610911200e-03        -1.7376275634491192e-03         7.5382975773982262e-05         2.1697375440455431e-04        -5.4876630617288783e-06        -3.4754551373450171e-04         2.1630100857385724e-06
4                                      2.1518334422322656e-02        -7.3187747354300399e-04         3.0971363312272864e-03        -2.4611387842917798e-04        -3.2491901480203580e-05        -1.2686895820082395e-04         1.8638147043242693e-04         1.7638796669211743e-04
5                                      2.4195774554656269e-02         1.0942585612855366e-03         2.8687381529593301e-03         4.6601343836041626e-05        -2.0318572597026940e-05        -1.4638464657741406e-04        -5.9111368542366205e-06        -1.3796937111015136e-04
6                                     -3.6584432158580796e-03         1.9413803882898433e-03        -4.2937357174993953e-04         1.2168890826450640e-03        -1.7007286770099796e-03         2.2904591987579553e-04        -6.5606742935401499e-04         2.3520215727812336e-04
7                                      2.8411439532812378e-05        -3.1072480336962090e-04         1.2560652883080630e-04        -5.7185045688544923e-05         2.7641437994510134e-03        -7.4822357789681418e-04         1.5370260682383650e-03        -2.0485290526437014e-04
8                                      1.2025667200612875e-03        -3.9056177142535696e-04        -1.1889316083469638e-04         1.6540213392721062e-04        -9.0882114782333862e-04        -3.1467746053067880e-03        -2.7819397766111156e-04         1.5371530474430636e-04
9                                     -9.4586621653114714e-04        -2.1639283845421376e-04        -2.4339355886534469e-04         1.0439587084295394e-02        -1.8542351013279886e-02         2.9649213642676253e-03        -4.3962028334851959e-03        -6.9527650134979489e-04
10                                     1.3229627327090122e-04         3.2580377061899651e-04         5.8589137474603483e-05         1.1633622778532828e-02        -1.9239606428683775e-02         3.3287423190935207e-03        -1.9986983215731125e-03         1.9385034467426809e-03
11                                    -2.4325714040030542e-03         3.4532260908088909e-04        -6.2967405677758501e-04        -1.4515270114864782e-03         2.7196280292083354e-03         3.6524123177923782e-03        -2.5857437153351101e-04         1.1039265550972371e-03
12                                    -1.2943129905106511e-04         2.7412251140059235e-04         3.0461227463454232e-05        -1.5303219430862589e-01        -1.3083509102265600e-01         1.4844854445816718e-02        -9.9523314535156678e-03        -1.5623071395959309e-04
13                                    -3.4894007446296672e-04        -1.9126199987913259e-04        -1.2799023985772120e-05        -1.3188006849355174e-01        -2.4052129613456555e-01         2.5384560749227472e-02         3.1196418979028369e-02         1.7191868563845858e-03
14                                    -1.2103987648214713e-04         2.4788140174666061e-05        -1.6137367359342529e-05         1.5023714200619469e-02         2.5238288062524112e-02        -3.9342595724746354e-02        -4.9966545468544954e-03         3.4720965666390805e-04
15                                    -2.1907078165440895e-04        -3.2279351365733361e-04        -3.7763009599165766e-05        -1.4152019365316335e-02         3.9785457487576011e-03        -1.0246551276834994e-03        -1.0341038084043254e-01         9.9391722055089601e-02
16                                    -1.9648836607893705e-05        -1.8297986306411244e-04         7.7917604086744128e-06        -2.5968004110129131e-02         7.3715299442242681e-03        -1.2074412779852211e-03         9.8552959292544207e-02        -2.8482058964808377e-01
17                                     1.4602805901040470e-04         1.0323704165069667e-05         3.0526317646060265e-05         3.3496821929585759e-03        -5.2737807701856558e-04         3.6166523739455448e-03        -1.8338953757872901e-02         4.2418633917013789e-02
18                                    -1.8893499305136261e-04        -1.3979808883471260e-04         2.6279068266551737e-05        -4.2500648193756208e-03         1.5104991836546971e-03        -9.6272169266021839e-04         1.0448631762317809e-02         1.1240424624602528e-02
19                                     2.4469735220040560e-04         4.5341267558985960e-04         4.5852753464232501e-05         2.2065502471194879e-03         1.4667292662369001e-03         1.2709574385422601e-03        -1.7324181495000309e-02        -1.7487676314262800e-02
20                                    -7.4086097890233051e-05        -6.5515703900074349e-05        -7.4392555277497514e-07        -6.8039661158040654e-04         1.0198523796783191e-03         8.1300616379301159e-03         2.7513027916875477e-03         3.4550483017429107e-03
21                                     2.3951892682844595e-04         1.3471599804094816e-04        -3.2477641428999644e-05        -1.0956530439715061e-04         2.6451090836250764e-04         1.3279534315390975e-04         1.1700790066900392e-03         1.7379730281432276e-03
22                                    -3.7831629785702427e-06         1.6138142716897016e-05         3.7896075420860032e-06        -1.3871408420037448e-03         2.4595408632805500e-04        -6.4201201406271331e-05        -6.3444990265165788e-04         2.0466777719226493e-05
23                                    -5.9159551771449529e-07         2.2056591877562322e-05        -1.5199995142019924e-06         8.5802768928717739e-05         7.2871371063566986e-05         5.1610132725080375e-04         2.0770877303553025e-05        -2.6693611213483674e-04
24                                    -1.6669662432130110e-04        -5.4821459163759507e-05         2.4896424353250280e-05        -5.1413399018542698e-04         6.4925379376231621e-06        -1.6266481826434642e-04         3.4396448972068630e-04        -3.7112847822178181e-04
25                                    -2.7347616247591416e-05        -2.4795402052096106e-05         1.8461826488356810e-06         1.7545653366178679e-04        -4.5092124120558281e-05        -5.0075215796564873e-06         1.4644782738205400e-04        -9.9849087757373795e-06
26                                    -1.4904153368144754e-05         1.8323934082976976e-06         4.5960126343971039e-06         2.9297467513294964e-05        -2.5251688228042921e-05        -2.4468447945741930e-04         1.3096876928393015e-04        -2.0179451073654544e-04
27                                     8.8429933523429081e-05         2.8874952209467019e-05        -1.2198805335923376e-05         4.0226242542361118e-05         5.6401969203198849e-05         1.4719792168930870e-04        -6.1870125917024856e-05         5.0572260707886418e-04
28                                    -7.3780625932015598e-05        -2.4854672169433201e-05         1.1429192210385536e-05        -1.8313775109376522e-04        -3.1287422087182535e-05        -1.2613623710435633e-04         1.8749838765298580e-04         6.6622736928093025e-05
29                                    -9.2516837192125907e-07        -1.9804173763278399e-06        -5.0548421581107133e-06        -9.6704826525624460e-05         1.1702562587574553e-05        -9.0488434955335290e-05         6.6543581818475088e-05         1.0287433400307442e-04
30                                    -2.7202626707677267e-04        -7.9492300393313621e-05         4.5036204710833443e-05        -2.8620072713972085e-04        -1.2508319184713419e-04        -9.2994145879674495e-05        -8.7091724025658082e-05        -7.0473383875777464e-04
31                                     1.2144038202333343e-04         3.7787703235315157e-05        -1.8587819554736172e-05         1.7655188767848280e-04         6.4872862055409720e-05         1.2538844752980194e-04        -4.6749945832808514e-04         3.6073635280738450e-04
32                                     7.2073391537022340e-06        -7.4028936520090498e-07         3.5543954923718301e-07         2.6092558783614710e-05         7.4834539178281526e-07         4.4753134545348248e-05        -2.6602929572437954e-04        -4.8641316889028608e-04
33                                     1.8862154150785178e-04         5.4045618341221259e-05        -3.2439514658044513e-05         1.9658292721132128e-04         8.6312912166241530e-05         7.3129519162731072e-05        -5.3375693155948041e-05         1.3003552428842260e-04
34                                    -2.0477969342584711e-04        -6.3617348244293399e-05         3.4536937514969488e-05        -2.3493294488428418e-04        -1.0047709060907002e-04        -6.5553962266443218e-05         2.7812089225984107e-04         5.4261257006323342e-05
35                                    -5.2615999927738100e-05        -1.8506561879654659e-05         7.9588079437519345e-06        -4.3149386923513577e-05        -2.3812587791760890e-05        -1.7336953895535268e-05         5.3734509517436974e-05         1.6341364121327746e-05
36                                    -5.7285220138126306e-05        -1.5815621651466391e-05         9.8753536945230745e-06        -6.2285120825910316e-05        -2.6067477327254152e-05        -2.0211232898856078e-05         4.2730562934043502e-05        -3.0729588361121118e-05
37                                     1.7273441359159098e-04         5.2309085012825206e-05        -2.9307058128333136e-05         1.8522409381165788e-04         8.1784835538241515e-05         6.3186233797310330e-05        -1.3201750476693396e-04         5.8656988476538607e-05
38                                     3.9978462361125686e-05         1.2146860976603002e-05        -7.0723015211283432e-06         4.1931451321058531e-05         1.8578280198503919e-05         1.1816854777865666e-05        -3.7395307174429566e-05         2.0247815251795662e-06
39                                    -6.2776806100885596e-05        -1.8438707999513524e-05         1.0704715003956376e-05        -6.7918734694015622e-05        -2.7935847959142121e-05        -2.0543704186421234e-05         5.2866141699719278e-05        -2.9638005072918881e-05
40                                    -5.9043151798211476e-05        -1.7050093034484529e-05         1.0181084378625997e-05        -6.1700594164981575e-05        -2.7200706401514767e-05        -2.2694564216063108e-05         4.3654806821001027e-05        -3.6011273759115709e-05
41                                    -2.0371124869583544e-05        -6.6814267680534044e-06         3.2827791211602342e-06        -1.9317111740213333e-05        -9.3607637958790070e-06        -8.6217610185774173e-06         9.2808867475721460e-06        -1.4432584920553819e-05
42                                     3.2381297029941550e-05         9.9716863064764423e-06        -4.8644809487879970e-06         3.6486681282016983e-05         1.4461494919020814e-05         1.2621810089238379e-05        -2.4556157969321123e-05         3.2858663660210964e-05
43                                     4.3347849203563240e-05         1.2634462852822992e-05        -7.6400065612358768e-06         4.6977156149694650e-05         2.0101208717273949e-05         1.3284044642147824e-05        -3.4441656293058166e-05         1.9386187515143746e-07
44                                     1.3392739612068757e-05         4.6484558987050181e-06        -2.2443436069784694e-06         1.2567238006523646e-05         6.6235679398910061e-06         1.2676667229434286e-06        -1.0078620526811095e-05         2.6797103009851362e-06
45                                     9.7339303552426845e-05         2.7749760801626486e-05        -1.8132535153417750e-05         9.8652764248715653e-05         4.4583517012113192e-05         3.0868917376239809e-05        -8.1419897369036231e-05         1.2405036970862949e-05
46                                    -2.1383656717544618e-05        -5.8489764208103647e-06         4.2231529637307017e-06        -1.9850975453223886e-05        -9.4879118421862564e-06        -7.5279728157926474e-06         1.3958977251181837e-05        -6.2105200831051458e-06
47                                     2.2584064590971607e-06         7.1457217811313818e-07        -3.3282830941477690e-07         2.5900013595129379e-06         1.5944180452189018e-06         2.9589888577916960e-06         9.8740524617907530e-07         3.4066877685386973e-06
48                                    -6.1193030602414315e-05        -1.7183631595629138e-05         1.1559962552883064e-05        -6.1643767709298157e-05        -2.7760597813342386e-05        -1.8614809901397949e-05         5.5489031596410313e-05        -8.9420642329618959e-07
49                                     1.6496496142287030e-05         4.6753490366298041e-06        -2.9923678225387315e-06         1.7296216468898394e-05         7.4663446817949054e-06         4.9876483158532437e-06        -1.5170174042199549e-05        -8.1073261215861524e-08
50                                    -4.4609557085859768e-07         9.6549211069124821e-08         9.3041391776257423e-08        -4.9928514233957913e-07        -6.5674356388261060e-07        -1.5136382056047013e-06        -5.1294433856906881e-08        -7.3660840812691653e-07
51                                     4.1296153803905246e-05         2.4337823321796787e-06        -6.9936248545682465e-06         7.7597327027791778e-05         1.1101331602055047e-05         8.5605133537672800e-05        -2.8719810159314133e-03        -5.5538297253493853e-04
52                                     6.1036957038186428e-06         1.3834489991365790e-05        -1.5946478920733230e-06        -3.7530892262798614e-05         9.0023088891656895e-06        -5.8814726261253688e-05        -8.0130752001941492e-05         1.2207483650783545e-04
53                                     2.2366392050136329e-05         1.2410316173654171e-05        -1.1404176764533933e-06        -2.1455989940333134e-05        -1.2811967839017314e-07        -1.6472161779277773e-05         9.4743252646564387e-04         5.2274675980780883e-04
54                                     2.1075210337864118e-04         5.6757638823908409e-04         5.8084903458743983e-05        -3.5200891894941006e-04         8.9599219442942088e-04        -4.6116115095653403e-05        -2.2567648336512549e-03        -4.0394361968544151e-03
55                                    -8.3770182585894394e-05        -2.2421651348300130e-04        -3.3946413068318133e-05         5.3506300435278605e-04        -4.8071153937886101e-05        -1.1721807639539813e-04        -3.1077749655204698e-03        -2.1883524229670184e-03
56                                     1.7151235024863394e-04        -1.1373098236437966e-04         3.0533742997806144e-05        -8.2620237097107726e-05        -7.0389118553006082e-05        -4.3216957475366642e-04         1.7833421969088239e-04         8.4395983431443744e-04
57                                    -2.9982701500072550e-04        -5.7623882685414989e-04        -7.3268764149690821e-05        -1.1490127689501076e-03         3.7080931174263846e-03        -5.5308440340172112e-04        -6.9513891650991384e-04        -5.2434306431299290e-04
58                                     5.2817838150431991e-04         7.4121307566751751e-04         6.9183260597333106e-05         2.1996908055989493e-03        -3.2831134108512201e-03         1.1307643194920572e-03         1.4210603041999977e-05         4.0671151170003448e-04
59                                     6.2023214777340470e-05        -1.1692957188397899e-04        -4.7115080683895544e-05        -4.3478076043381131e-04         1.2118714280504427e-03         4.3005117256623669e-03        -1.0494323518200942e-05        -1.2928915303376479e-04
60                                     5.0966891703431503e-04         1.4778926964392257e-03         2.0127658942187395e-04         3.8240158916752237e-04        -1.5622310770575379e-03         1.7600378944795616e-04         3.0580623968862940e-04         1.1888910820250290e-04
61                                    -1.0527391380392543e-04        -3.7484626286162556e-04         1.0951792757013287e-04         6.9486035939317890e-04        -6.8527508705348405e-04         1.6315954561679557e-04        -5.0512811094456254e-05        -2.6495393123267524e-06
62                                    -5.7702902758486273e-04         4.2675478684823354e-04         9.0914448383348995e-05        -1.0504505480488831e-04         1.0202980074512107e-04         3.1410871016091663e-04         4.1103604850175428e-05        -9.2171378898029186e-05
63                                     1.2233411548550135e-04        -2.0703490551721160e-03         1.2125987679974725e-04         2.5942423093957314e-04         1.8560909353492253e-04         1.8199676948174071e-05        -2.0773027868955157e-04        -3.5558134623067022e-05
64                                    -4.7853684600361715e-05        -7.5881556346143022e-04        -1.5541159511473765e-04         9.0378034789653696e-05         3.0744801385507105e-04        -5.6339124238980192e-05        -1.0725711173222323e-04        -5.4698591327607631e-05
65                                    -1.3743498484478645e-03         1.6961331843751604e-04         7.5790581939591724e-04         5.1974186581439847e-07        -6.9555616078838302e-05        -2.5334587263388489e-04         4.6429818414910182e-06         3.2716739415398935e-06
66                                     4.6843049926938761e-03         1.0737694093818098e-02        -3.3031996895649209e-03        -2.1803551381038627e-05         2.7812556753283122e-05        -5.3419243037394718e-06         1.2004603408572595e-06         4.4957607704053620e-06
67                                    -6.6153526328668992e-03        -1.5501449071266988e-02         2.8564249783944728e-03         1.1391967185406823e-05        -2.9552347305412258e-06         1.2228773435039815e-06        -1.5132047087824501e-05         4.6801499780491475e-06
68                                    -1.0593570698102999e-02        -2.1134750364889026e-02         4.0407908586061842e-03        -2.5460634090077324e-06         2.5557067845878383e-06         6.4553542042433546e-06         1.6385186184197210e-06         1.2592250974806493e-06
69                                     3.4836644520242982e-03        -5.1038186953096887e-03         9.9618191586335492e-03         3.0110363603222856e-05         2.0787389547352684e-05         3.2837722028911470e-05        -4.5240391440044082e-05         1.2581646145773504e-05
70                                    -6.6882058283120735e-03         8.0102756854879345e-03        -1.7979796993393627e-02        -3.8665208838442968e-06         9.0386631137456667e-07        -5.7929970934091828e-07         2.7032924161213777e-06        -4.4500934569740658e-07
71                                    -6.5144771938928404e-03         8.5974466564564846e-03        -2.1449192052783273e-02         5.7063964696040166e-06        -3.2170569792733705e-06        -3.1021207447224939e-06        -4.9032461195457273e-06         4.5479244830177903e-06
72                                     8.5880482494300636e-02        -6.0587686243639950e-02        -7.0936578105101539e-02         3.4279304927838040e-05         1.0725488603347726e-05        -4.0504978470801294e-05        -5.1338083585686185e-05         2.4564992082021084e-05
73                                    -6.0587686243639950e-02         1.5064730969165799e-01         1.2508108720862571e-01        -5.2609555795496931e-06         7.6724601989948144e-07        -4.7221998150292279e-06         3.3214783926319500e-06         4.4330510393249777e-07
74                                    -7.0936578105101539e-02         1.2508108720862571e-01         1.9087092013833268e-01        -1.2722450537723290e-06         3.2033398823460256e-06        -5.3930425165114372e-06         1.1643667768959686e-07        -2.4557239867206747e-06
75                                     3.4279304927838040e-05        -5.2609555795496931e-06        -1.2722450537723290e-06         1.6004212166398421e-01         1.4197038152494290e-01        -1.6086434891630759e-02         1.2327082769625322e-03         1.9988225243075617e-04
76                                     1.0725488603347726e-05         7.6724601989948144e-07         3.2033398823460256e-06         1.4197038152494290e-01         2.5138313042883353e-01        -2.7861902109394251e-02        -3.3877708150466593e-04         7.1280354837424762e-04
77                                    -4.0504978470801294e-05        -4.7221998150292279e-06        -5.3930425165114372e-06        -1.6086434891630759e-02        -2.7861902109394251e-02         2.8890221206837794e-02         3.1018677856442078e-04        -9.3912877748629768e-04
78                                    -5.1338083585686185e-05         3.3214783926319500e-06         1.1643667768959686e-07         1.2327082769625322e-03        -3.3877708150466593e-04         3.1018677856442078e-04         1.1102960303349667e-01        -1.0721897746347062e-01
79                                     2.4564992082021084e-05         4.4330510393249777e-07        -2.4557239867206747e-06         1.9988225243075617e-04         7.1280354837424762e-04        -9.3912877748629768e-04        -1.0721897746347062e-01         3.0002340797702620e-01
80                                     1.7240477924783839e-05         3.7293864574332452e-06         2.6670193053210612e-06         1.8741038565539807e-04        -8.5153812751880052e-04        -5.1340664762478004e-03         1.9501293492297657e-02        -4.7021830581817164e-02
81                                     5.9948348855667108e-06         5.5241495065026065e-07        -1.7362811950563602e-06         2.5520306784442969e-05        -1.7567252158706475e-06        -6.0661867379384050e-06         3.2905725039820402e-05         4.9283888675842504e-05
82                                     2.3318113724478005e-06        -6.0599588593907494e-07        -1.4230337129498747e-06        -7.7730735659927428e-06        -5.7425201198499538e-07        -1.6494081468958609e-05         2.0643557855296989e-05         4.4959114830320180e-05
83                                     4.6276214942801746e-06        -6.9603337231976777e-08         1.3950252443510798e-06         1.1525034967456891e-05         4.8517480878946617e-07        -3.6476685895281599e-06         3.6813411165575641e-05         2.8723418143736571e-05
84                                    -8.2827700183028905e-06        -1.6423686459393996e-06         1.5418345279540155e-06        -4.2375512969883245e-05         2.3129644244950995e-06        -6.2802747490383270e-06         1.3612166799307633e-05        -1.4416267230236155e-05
85                                     2.7486363691558112e-07         1.8695661501329241e-07         4.5646395847956942e-08         1.7756063058145847e-05        -3.6254743757907579e-06        -6.0311059391351130e-06         1.0226634268421049e-05         5.9643349701543234e-05
86                                    -2.3275366057784613e-06        -1.1540802769596296e-06         1.8556473645917439e-07         1.7203251764914639e-06        -2.1450354976993851e-06         2.8788710959938236e-05        -2.2140563513847945e-05         9.4507783411503063e-05
87                                    -2.0098278200234682e-06        -3.6548658688165497e-07         3.0546145864162114e-07        -6.0101804828763435e-06        -6.0808340760257987e-07         1.2079989926531444e-06         2.6977705843375931e-05         4.2430677177899569e-05
88                                    -2.0715951304714413e-06        -9.1706047137361389e-07         1.8980529208729394e-07         1.9113648887137021e-06        -1.0442376979776869e-06        -4.6136683181564970e-06        -2.4619136728824202e-05        -2.4681403362752138e-05
89                                     2.9460172346043774e-06         1.7963401375562985e-06         1.5793009660600773e-07         1.8988064931680531e-06         1.0768870722578677e-06         5.9391195814434923e-06         1.7835267427599028e-05         2.1537014676673797e-05
90                                    -4.8155660025593860e-05         1.1816770824353426e-05         5.6804681674539278e-06         4.6131301169447816e-05        -1.2829772137595992e-04         4.9548589353956724e-05         4.7591899394343220e-04         6.2148002351461191e-04
91                                    -2.3035677443745142e-05        -8.2372397335448875e-06         4.8228325107108972e-07        -1.3209823392339322e-04        -3.1381824324358532e-05        -1.4988279358988302e-04        -8.7827922018680784e-04        -8.9709143709246989e-04
92                                    -1.7938917395573346e-05        -5.9714481703010357e-07        -1.5034317468329307e-05         5.7011747151387892e-05        -1.4432329046108693e-04        -9.9410954319476778e-04         1.8188134779366916e-04         1.5715153625126435e-04
93                                    -1.1429162239542739e-06         5.6287463735428718e-05         3.7476179248396635e-05        -1.0176998204150880e-04         2.0422568490910723e-04        -3.4687223830320450e-05        -1.0875883582280726e-05        -2.1859988423806828e-05
94                                    -1.1333356063727664e-05        -4.2874794593791626e-06         2.4841152919855653e-06         1.8408612331178626e-04        -3.8669715094243442e-04         7.1384284962236946e-05         6.8154967771844689e-05         9.9926600433414433e-06
95                                     2.1077871156728657e-04         3.4708149617811434e-05         2.5754039645411775e-05        -2.9910832977895417e-05         7.5693154802249898e-05         1.0843172301544659e-04        -1.1427261857138533e-05         5.8106672472623257e-06
96                                     1.3640055742092350e-06        -5.9036208602636841e-05         5.3408531760002799e-05        -1.8340148453453297e-05         7.6095298317205149e-05        -1.0937441175025027e-05         2.7577552155644974e-06         1.8980149587918073e-05
97                                    -3.9166910035347459e-04        -2.7687932070666506e-05         1.6348949935131904e-04        -3.2983422871323128e-05         3.7810989631224833e-05         7.9079649301493234e-07         3.3339823227724664e-05        -1.2085346592256906e-05
98                                     2.2828554367103048e-04        -2.5970373784711101e-04        -2.0618978094878525e-04         6.1421371485583079e-06         1.5833565981310168e-06         3.7131648001151179e-05        -8.7862308014780307e-06         2.3696483406294640e-05
                                                        80                          81                          82                          83                          84                          85                          86                          87

0                                     -5.4889396559223524e-07         4.4838942181432760e-06         1.2206874721463947e-06         6.8574902308236332e-06        -7.3943048528133260e-06        -1.9423994750903794e-07        -5.2080781270142252e-06        -1.3031961503017549e-06
1                                     -5.0535133935059012e-06        -8.1849770879674217e-06        -4.1244538393587972e-06        -1.8361370858561325e-06         1.3519122300386524e-05        -3.3735708518118417e-07         6.4967706442078111e-06         2.2777163553022446e-06
2                                     -1.0548720849514953e-04         3.9810168970459281e-06         8.8322352067353304e-06        -2.0382116766578661e-05        -2.7282203435420488e-06        -4.3777065475944373e-07         1.8731311229697112e-06        -3.4365501367994464e-07
3                                      4.1694132614069327e-05        -2.7468398590085771e-05        -2.3661573102855282e-05        -2.8954352811480424e-05         1.2961776747919484e-05         3.8962096070185143e-06         1.1593080946295493e-05         5.7395081599078638e-06
4                                      4.9854630033816351e-05         5.8780338368921373e-06         5.1868436687749409e-05        -1.4307075446158245e-04         4.3378457222553117e-06         5.0010932616395220e-06        -1.9313518559637900e-05         2.1434331526690518e-05
5                                     -7.4003759247834051e-04        -6.3972938019819157e-07        -7.9176874446358831e-06         3.1705741100150685e-05         3.4694114612135609e-07         1.7060329875378352e-06        -2.6396993022294228e-06        -4.5267977866240657e-06
6                                      7.3424245731625254e-05         7.5053924710699995e-05         9.6362960521482782e-05        -8.0029748484622821e-05        -3.2747831079449715e-05        -6.5572714486446205e-07        -4.1456260565409599e-05         5.8834064208719843e-06
7                                      5.7196208217466109e-05         8.1066278185305276e-06        -5.7145639676819959e-06         1.1674656519147493e-04         2.6982588984866189e-05         6.1993629446458268e-07         2.9451391145279143e-05        -3.5613306740162336e-06
8                                      4.6948574929686810e-04        -8.5877309332750581e-06        -2.6870961791525524e-05         4.9063631138176661e-05        -7.6584472950926344e-06         2.5614308198639328e-06        -1.7290033217875213e-05         8.2870449597205004e-07
9                                     -3.0449750532859747e-04        -1.1859004791270594e-05         2.2206769737664325e-05         1.2030754288021010e-04         6.7929762127518964e-06        -3.9392791417672138e-06         2.6640885541563474e-05        -1.3166622257994483e-05
10                                     1.1003117900925277e-03         6.4469126844286643e-05         1.1361123263135581e-04        -2.9541610132981493e-04        -1.1034289279297609e-05        -2.9965218203557072e-06        -2.6490648694708435e-05         1.3446615856479711e-05
11                                     8.7678711120493906e-03         5.3197916313979608e-07        -2.5425613192454856e-05        -5.0182352537490338e-05         8.6695632951780882e-06        -1.4343538058723913e-05         7.2051233150619001e-06        -5.2948462067763766e-06
12                                    -8.4268317154685517e-05         9.2265710635953523e-05         1.6219734920818948e-04        -2.7515728325130527e-04        -2.8573857894452579e-05         3.7264693289219342e-05        -7.7662057566542044e-05         2.9166380815390247e-05
13                                     1.1437193653867179e-03         6.9696241814491504e-05        -7.5189525295500309e-05         2.7031939972893841e-04        -1.1565820675977069e-04         8.0479795971491260e-05         1.3434667525544241e-04         7.6359509542475344e-07
14                                     4.6175661331365105e-03        -2.1857589327443512e-05         1.4018714790824024e-06         3.4912538598758272e-05         5.4949851958235329e-05        -1.8570760439142201e-05         4.6671193606505930e-06         1.7525447359839310e-05
15                                    -1.8737275620801443e-02         2.5495739303963913e-05        -3.4923437722647350e-04         5.1125472771413835e-04        -4.1660802259449177e-04         1.7320378222013499e-04         1.9846295071921445e-05        -2.7570187053033634e-05
16                                     4.3496353793260868e-02        -6.5043855524223601e-05        -1.2095323931005450e-04         1.6132314289726504e-04         2.2208227035316246e-04        -1.3700643085966008e-04        -1.5937942133181153e-04        -2.4827099825610734e-05
17                                    -4.4664468403815577e-02         1.2167269468215205e-04         9.1959249984682441e-05        -1.9290349787257169e-05        -6.2919106808063735e-05         1.4044175547758787e-04        -2.6987651364084519e-04        -5.1119533551790609e-06
18                                    -2.0549269801231739e-03         4.1102527082823677e-04         1.0473663309091361e-03        -6.4518850490576703e-04         1.6997771316773079e-05         2.0696519733435955e-04        -1.1726354540724524e-04         1.6842110775660028e-04
19                                     2.3510238260199875e-03         8.2969129392664650e-04        -3.6892854658116155e-05         1.0756732985792343e-03        -1.1453825113198106e-03         8.5947620274644536e-04         2.2674897358389322e-04         4.5630019003405574e-04
20                                     2.3193425688103628e-03         4.4208798306224540e-04         1.0816465039868467e-03        -2.8332545311405208e-03        -2.3630041616658090e-04         1.0004923025073236e-04         3.3040702118427808e-04         1.6233763811283758e-04
21                                     2.8245903153732818e-04         8.7890258092901963e-03         5.6029635559913665e-03         3.0763758865040144e-03        -4.3558107496391423e-03         3.4377831146390689e-03         5.6039139481437773e-04        -1.0586139623403820e-03
22                                    -3.5663227027903587e-04        -1.9553133724727938e-02        -1.4152120469996483e-02        -5.9585126705840050e-03         1.5515767745762109e-03        -1.2287185133331411e-03        -1.1154404937092348e-03        -1.2700064113321252e-03
23                                    -2.3045823320393451e-03        -5.5041221137655891e-03        -4.5738390791684163e-03         1.8959808635867249e-03        -1.2995877008025944e-04        -1.0315523461181370e-03         3.3656340249959404e-03        -4.6744567369190048e-04
24                                    -4.7889910972807940e-04        -7.6707598568265423e-02         6.9939636363191490e-02         1.7730625358538803e-02        -1.2108423684112524e-02         1.0134713575028424e-02         1.3509450227595400e-03         6.2783409951174267e-04
25                                    -2.3896606756924709e-04         6.8752842786616003e-02        -3.0669624404479484e-01        -7.4661550638119814e-02        -1.7230471005346575e-02         1.1774635946078249e-02         6.0176619623313120e-04         3.6575561976365939e-04
26                                     3.6824428086279721e-05         1.7642849181050448e-02        -7.3564363059364174e-02        -5.3689187832820763e-02        -6.1091135003077651e-03         2.9035442788773462e-03         4.5334790418820091e-03         7.7923930063152286e-05
27                                     1.1844299844011012e-04        -4.3422107193312812e-04        -7.1759760578545689e-04        -8.2941562670026808e-04        -2.3751622452398266e-01        -1.2864414029827403e-01        -4.9631108753051996e-02         7.1509887910794177e-04
28                                    -2.9588852989702807e-04         2.7254328993504173e-02        -1.5475744142412901e-03         1.1305570070297773e-03        -1.2840375067737753e-01        -1.5093765406366341e-01        -4.1053054142332214e-02        -6.6905947602991390e-04
29                                    -5.3343417692561847e-05         7.2499916619090700e-03        -1.1362750493041042e-03         2.7871746250928897e-03        -4.9453247531938326e-02        -4.0774636813546324e-02        -5.0280995335844250e-02         1.1120574879505576e-04
30                                     2.0677675712137613e-04        -5.7269524879776101e-03         6.3844172861752223e-05        -6.0731417874251609e-04         5.9940336601152907e-03        -2.2054480267145522e-02        -5.8180160165500761e-03        -2.3099239368196575e-02
31                                     2.4651821572897899e-04         1.6009402878901808e-03         5.7022686266353616e-04        -9.1680054572492180e-04         3.7978955360834094e-03        -1.2148028964348913e-02        -3.7463354876004131e-03        -1.5111415433540104e-02
32                                    -4.4106278500991041e-05        -1.5399228309771545e-04        -9.4211775734257702e-04         3.2380217113745736e-03         1.0627469286464235e-03        -5.9802738715425546e-03         2.7941940033895203e-03        -5.7530451755159213e-03
33                                    -1.5998239296764782e-05         7.9939075698865240e-04        -7.4160819366149563e-05        -1.1873704062506833e-04         2.4726410447422460e-04        -1.3075255332235180e-03         3.3063318226214726e-05        -2.2720452648663864e-01
34                                    -6.6319626071880414e-05         9.7572809059370434e-04         1.9442626921955240e-04        -8.8026903530435407e-05         9.0973093594844557e-04         7.2388240614925390e-04         1.1155643447909786e-03        -1.2927267200674147e-01
35                                    -1.7867313238985403e-05         2.4285623517023626e-04        -2.8085392711990772e-04         1.0038372752939713e-03         5.4100359147084753e-04         1.0401613444784050e-03        -3.3518369213505587e-03        -4.4705001545617816e-02
36                                    -1.8191839583291896e-05        -5.5366830122041504e-04         2.3982356678046339e-05         1.2965572013242310e-05         3.1191924580668666e-04         1.9982089576823679e-04         3.4728530275928701e-05         7.7044503867699371e-03
37                                     2.8428678542424640e-05         5.1194571698502862e-04        -1.0830536761965656e-04        -7.6630606836449827e-06        -3.8385963499509048e-04         2.4940181533550073e-04         8.5948396788251206e-05         6.1534187623721870e-03
38                                    -1.0048581817966421e-05         8.4273855176007764e-05         6.1370817839994691e-05        -2.7055569076101372e-04        -7.7307239501928391e-05         2.9844957132404320e-05         2.1282618384167111e-04         1.6007681449951745e-03
39                                    -1.1703112079523999e-05        -2.4985453625651178e-04         8.8759616311028574e-06         3.5035724603298688e-06         9.2849925295570624e-05        -9.7376603031877184e-05        -7.7072764869433547e-05         1.2334340343034137e-04
40                                    -6.7271208103146518e-08        -2.8657232140190479e-04        -2.8630809699855750e-05        -3.2803274033459855e-05         1.5883447512361065e-04         6.4463652123839042e-05        -5.1826505908123487e-05         2.5754484584809721e-03
41                                    -8.5760916870713134e-07        -8.4828607305045792e-05        -3.8594110817903658e-05         9.1652948309574648e-05         3.0083188605387740e-05        -5.3922225960759194e-05         1.9184728155012705e-04        -5.3326719369130478e-06
42                                    -8.8460408912549712e-06         2.3468522824646781e-04         6.4356991427223309e-05         2.7539987810093632e-05        -4.8372141092764076e-05         9.3128585228689558e-05         4.2605935815377965e-05         6.0037085102047872e-04
43                                     1.1258710145423795e-05         7.5992658805508451e-05        -4.3306107638790359e-05        -9.2622471737200296e-06        -8.4671557946109591e-05         4.8450345510508454e-05         2.1582266448180710e-05        -1.4343799095768283e-05
44                                    -1.1864003391167142e-05         3.6029132906388074e-05         5.4869908830978715e-06        -4.3071548805106328e-05        -2.5196108162321880e-05         1.6285062027274861e-05         1.6916435936269625e-05         1.4915594834481543e-04
45                                     2.6282257887280490e-05         2.0905495058863116e-04        -8.7669595899965945e-05        -1.8287026577850946e-05        -1.6326895748268130e-04         4.0031507453526299e-05         4.1262461601312592e-05         8.2158852956406431e-04
46                                    -8.9328826697591713e-06         6.0285736868051693e-05        -7.5784716442308872e-06         8.8901478866217439e-05        -9.8042432895872368e-08        -4.7281851505636329e-05        -2.7295389598163235e-05         1.5301256169851017e-03
47                                     6.3434118841307823e-06         4.6903748456585603e-05         1.0151438809986062e-04        -3.0671795609787624e-04        -1.5897228335937079e-05        -1.5878976676137114e-05         2.7358278579579569e-05         8.2521964487176393e-04
48                                    -2.0811705631046461e-05        -1.6352223422670106e-04         6.1468916946426626e-05         1.6486040602025232e-05         1.0046058968099687e-04        -2.4792335389240295e-05        -2.4356130944736942e-05        -4.2252615617766401e-06
49                                     6.2482921660656719e-06         2.2725836674215285e-05        -1.0538290928573698e-05        -2.5104609373120021e-05        -2.2348563796564282e-05         1.3893146277780156e-05         1.2849341934639320e-05        -2.3097733845284588e-05
50                                    -3.0791421279516406e-06        -1.0409735231054808e-05        -2.5301023474537022e-05         7.3791218165741358e-05         3.7044288988107580e-06         5.0786672714656900e-06        -1.1933298135791752e-05        -6.4414073010108752e-05
51                                     1.1888761004366667e-03        -1.1298076805871444e-03        -9.1276435434743404e-04        -7.7457462671392835e-04         8.6101169778082234e-04        -6.3291415074137256e-04        -3.8750408961167647e-04        -9.6989549144402710e-04
52                                    -1.3777445438506160e-04        -3.2132690053269953e-03        -7.0634647821235692e-04        -1.5782829350956002e-03         1.8963530559151565e-03        -2.7083173988989052e-03        -1.9945647265337892e-03         2.4324594753310420e-03
53                                     4.4960800638359840e-04        -1.3236694283023753e-03        -1.7842806821588078e-03         5.3508537869652768e-03         1.5519317894899633e-04        -2.1545609960659335e-03         4.7800600111755883e-03         4.1939140892650569e-04
54                                     5.0492483314658007e-04        -5.5836966168840586e-04         3.1839649024905238e-04        -5.2965557141579486e-04        -3.0130859368590352e-06        -7.4205738161470952e-05         1.8405787344441310e-05        -1.3585928028593848e-04
55                                     6.3025250684368007e-04        -5.3278694323567570e-04        -1.5493747086962949e-04        -6.5959077070614240e-04        -4.3379515858798785e-05        -1.7778873562067848e-05        -6.7273266565589444e-05        -3.3599162085846956e-05
56                                     4.0141062446240588e-03        -2.6144430492800266e-04         2.9104172642112282e-04         1.2468356993150856e-04         6.7578357823211703e-05        -2.9512871310010129e-05        -4.8078065609221028e-05         5.7318466558100906e-05
57                                    -1.6076760510540169e-04        -5.2343146318330550e-05        -1.7743895162262752e-04         3.6367502188863342e-04        -3.3869611483386235e-08        -9.7347359687999669e-06        -3.8009729086188349e-05        -1.3599653115819879e-05
58                                    -7.0116026838253792e-05         1.6530171131507333e-04         3.0687075115636312e-04         2.3270189517354725e-04         3.5799796073172972e-05         1.4329926794229677e-05         3.3496946984686298e-06         5.9541243690226504e-05
59                                    -6.3382911513123563e-04        -4.3984118083580990e-06         1.1694593982193203e-04        -2.0940260166862893e-04        -2.4409828172292459e-06        -7.3155804109897789e-06         1.6979124059834645e-05        -4.6230241334611877e-05
60                                     8.7225180854958633e-05         9.8751202760318467e-06         2.6182064433119892e-05        -1.3430423434960598e-04        -5.5537158116319659e-06         2.6126923717574558e-06         6.5584006224173684e-06        -4.2372884679448236e-06
61                                    -1.6139622674013048e-04         7.8199079277078976e-07        -6.1198423588610496e-06         7.8441620197468621e-05        -3.5755761238745609e-05        -2.9270756715725992e-07        -1.7846670662876368e-05        -2.2185716552155175e-05
62                                    -5.5872857729233946e-04        -1.4823284174508324e-05         1.5134743073425268e-05        -3.4132056081915809e-06         4.3096137225732522e-06        -1.7668842054443630e-06         6.8325296863418309e-06        -5.7621018429531416e-06
63                                    -1.1778710944052548e-04         1.4338923301086489e-05        -2.1431202905870198e-05         1.1986947869148319e-04        -3.3127858841734800e-05        -3.0928030234152366e-06        -1.0254266837304030e-05        -2.1855204015214051e-05
64                                    -3.7069536570320653e-05        -2.3383526856216778e-05        -3.8213990679578013e-05         4.7135779866780049e-05        -7.0143861389432530e-06         1.0920207486320324e-06        -3.0012582893010162e-06         2.6576616192425112e-06
65                                    -8.8520783066407967e-06        -3.4945965171550048e-06        -2.6813217028352526e-06        -1.2409418289034902e-08        -1.0650705754447913e-06         1.0716378423737642e-06         6.3442978254241539e-07         4.6323997991974499e-06
66                                    -3.4096165226101085e-06         2.5204140400365729e-06         8.1682491158055872e-07         2.1723875666082270e-06        -2.9581060378329683e-06        -1.0369239841848945e-08        -7.0796611946278350e-07        -6.6536663075069638e-07
67                                    -9.5755306579589021e-07         2.2800583848559355e-06         1.4489870788249575e-06         1.4040713017359749e-06        -2.0097908240399075e-06        -2.4816559291297290e-07        -5.1483404988304782e-07        -7.7260751925076567e-07
68                                     1.0146140441623238e-05        -6.1279483884873760e-07        -6.4020373438334130e-07         9.4937493266309284e-07         1.7423133267257011e-07         5.8554371992808514e-08         1.4145170677903757e-07        -7.6263862029513172e-08
69                                    -2.9552327056082680e-05         6.9148187216511387e-06         5.1404459418079166e-06        -2.7837544596153029e-06        -8.1077562194622490e-06         1.3665748077097174e-07        -2.1009577992979597e-06        -1.7849850565203839e-06
70                                    -6.4569335799598873e-06         3.7314908791922022e-07        -1.2084329729009872e-06         2.3473014685734119e-06        -2.1482000365007715e-06         7.9568452213845710e-08        -1.0472763892781825e-06        -2.5917315312729244e-07
71                                     1.9644714003364466e-06         1.6410504728290481e-06         1.2421939929579138e-06        -3.0634903218028072e-07        -1.3235921294794961e-06        -2.1956994738370076e-08        -3.0086902484582532e-07        -4.5606129124104106e-07
72                                     1.7240477924783839e-05         5.9948348855667108e-06         2.3318113724478005e-06         4.6276214942801746e-06        -8.2827700183028905e-06         2.7486363691558112e-07        -2.3275366057784613e-06        -2.0098278200234682e-06
73                                     3.7293864574332452e-06         5.5241495065026065e-07        -6.0599588593907494e-07        -6.9603337231976777e-08        -1.6423686459393996e-06         1.8695661501329241e-07        -1.1540802769596296e-06        -3.6548658688165497e-07
74                                     2.6670193053210612e-06        -1.7362811950563602e-06        -1.4230337129498747e-06         1.3950252443510798e-06         1.5418345279540155e-06         4.5646395847956942e-08         1.8556473645917439e-07         3.0546145864162114e-07
75                                     1.8741038565539807e-04         2.5520306784442969e-05        -7.7730735659927428e-06         1.1525034967456891e-05        -4.2375512969883245e-05         1.7756063058145847e-05         1.7203251764914639e-06        -6.0101804828763435e-06
76                                    -8.5153812751880052e-04        -1.7567252158706475e-06        -5.7425201198499538e-07         4.8517480878946617e-07         2.3129644244950995e-06        -3.6254743757907579e-06        -2.1450354976993851e-06        -6.0808340760257987e-07
77                                    -5.1340664762478004e-03        -6.0661867379384050e-06        -1.6494081468958609e-05        -3.6476685895281599e-06        -6.2802747490383270e-06        -6.0311059391351130e-06         2.8788710959938236e-05         1.2079989926531444e-06
78                                     1.9501293492297657e-02         3.2905725039820402e-05         2.0643557855296989e-05         3.6813411165575641e-05         1.3612166799307633e-05         1.0226634268421049e-05        -2.2140563513847945e-05         2.6977705843375931e-05
79                                    -4.7021830581817164e-02         4.9283888675842504e-05         4.4959114830320180e-05         2.8723418143736571e-05        -1.4416267230236155e-05         5.9643349701543234e-05         9.4507783411503063e-05         4.2430677177899569e-05
80                                     3.2948816076107591e-02        -1.9366435087260291e-05        -1.8977923376488055e-05        -1.9414525558634035e-05        -5.8996967783807400e-06        -1.9856187589040270e-05        -3.6870337053258680e-05        -3.0118273925693935e-05
81                                    -1.9366435087260291e-05         7.5726323750168009e-02        -7.5974225579231530e-02        -1.7390746895230753e-02         9.4702993251128049e-04        -9.7654367208616284e-04        -8.1776370132755701e-06         6.0715128903744724e-05
82                                    -1.8977923376488055e-05        -7.5974225579231530e-02         3.2204385374590294e-01         8.0090543488134297e-02         2.4843278438629966e-04        -1.9905879700141691e-05         8.4894170009200485e-04         2.8088227296328900e-05
83                                    -1.9414525558634035e-05        -1.7390746895230753e-02         8.0090543488134297e-02         4.5333841091869914e-02         3.2469999241868078e-04         6.8884996995136896e-04        -2.5857397656451303e-03         2.0669961655652965e-06
84                                    -5.8996967783807400e-06         9.4702993251128049e-04         2.4843278438629966e-04         3.2469999241868078e-04         2.4596457737755054e-01         1.3862252629703417e-01         5.3916085171382279e-02         1.8634515117224798e-04
85                                    -1.9856187589040270e-05        -9.7654367208616284e-04        -1.9905879700141691e-05         6.8884996995136896e-04         1.3862252629703417e-01         1.5355815524163441e-01         4.5184373444443253e-02         8.5470692814187098e-04
86                                    -3.6870337053258680e-05        -8.1776370132755701e-06         8.4894170009200485e-04        -2.5857397656451303e-03         5.3916085171382279e-02         4.5184373444443253e-02         4.0184943859887509e-02         2.3104496599008081e-04
87                                    -3.0118273925693935e-05         6.0715128903744724e-05         2.8088227296328900e-05         2.0669961655652965e-06         1.8634515117224798e-04         8.5470692814187098e-04         2.3104496599008081e-04         2.4148552462581482e-01
88                                     4.7948660457797768e-06        -4.6917842253701433e-05        -1.1289790746743522e-05        -2.7009007171498731e-05         1.9114392486767676e-06        -2.0277106050065746e-04        -7.5921830174339382e-05         1.3189781225254674e-01
89                                     3.0092150126365013e-05        -1.0530798651812025e-05        -3.2315253218633986e-05         7.8421287000260756e-05        -2.6017835155687694e-05        -2.3670799709916827e-05         1.0035725595158168e-04         4.7419863476706417e-02
90                                    -1.1988110291118878e-04        -1.8541794199126447e-03         5.9528093881428359e-04        -9.3725303142372786e-04         2.8410664571504199e-05        -8.6595366589127835e-07        -2.8249056094300557e-05         5.1598987868100286e-06
91                                     1.3402886249883606e-04         2.3854672743617864e-04         4.5350409714356530e-04         3.9798692612070429e-04        -2.5849128818969478e-06         1.5851215802218212e-06        -5.3844196555441622e-06         8.1341833158399659e-06
92                                     5.1614483020662020e-04        -1.0400236317383645e-03        -2.4534173478195928e-04        -4.3199351716635801e-05        -9.5209936963026415e-06         1.6552414063772581e-05        -3.4986690804150679e-07         1.1666355147247778e-05
93                                     3.5614768704703395e-06        -9.6999048538309721e-06        -2.9839149725944571e-06        -6.8895975230878336e-06         2.5368832255826001e-06         1.6008956986587278e-07         1.2808213533659643e-06         1.3291924331821010e-06
94                                     1.3484888518687263e-05         4.3262658681560758e-07        -1.7120315200466231e-06         2.7268575056164143e-07         4.8206865116145895e-06        -1.2722654481756718e-07         1.8675784797134593e-06         1.9071130311564227e-06
95                                     3.0422947459944425e-05        -3.7032976572601425e-06         3.7760232101382917e-06        -2.3741850273004621e-06        -6.3013922375596313e-07         5.2330785033172862e-07         7.9722885617009971e-07        -1.2685326214582519e-06
96                                    -1.0841595658539901e-05         6.9241771788581093e-06         5.5692979934455935e-06         2.9487288139316224e-06        -5.9271750833668306e-06        -1.5742386737757662e-07        -1.2341078816766708e-06        -3.3858939936157173e-06
97                                     2.1231225678077822e-05        -4.7896382623622853e-06        -2.6827187215940117e-06        -2.4613872715273084e-06         4.5304633449151015e-06        -2.8603591672017679e-07         1.9166767532857894e-06         9.0705006431315177e-07
98                                     1.2610170303764868e-04         5.3898552646435191e-06        -1.0779465790607297e-06         3.8677523766093331e-06        -9.0459938857848760e-07        -5.1727789246671003e-07        -2.1710622876535540e-07         4.2853630641808825e-07
                                                        88                          89                          90                          91                          92                          93                          94                          95

0                                     -3.2508282827681896e-06         4.9316274181990710e-06        -4.1181742156257617e-05        -8.7189515409233191e-06        -1.5821521167310903e-05        -1.1515279039945397e-04         1.2813855351196255e-04        -2.7063480345064717e-06
1                                      4.6363464410155314e-06        -5.8069994877406007e-06         1.3873159437527264e-04         2.9510745938525853e-05         2.8285141233081116e-05        -1.5394039550279126e-03         1.0633405152650840e-04        -1.5826120290110199e-04
2                                     -5.1762775785912151e-08        -2.2012153195804009e-06        -3.2253757002115429e-05         1.8072547863608656e-05         1.5064526774645376e-04         2.4240988352045977e-04        -1.0587198996311545e-04        -6.7477446239622282e-04
3                                      3.1326861216313627e-06        -7.2677262977936664e-06         4.5072229058984057e-04         1.3218696812189717e-04         6.5593475968010089e-06        -4.9941625844677224e-03         1.3555572789355911e-03        -7.0499123135491556e-04
4                                     -9.1253465792019201e-06        -2.2187696857287487e-05        -4.0640172490128941e-04         4.7782738202486059e-04        -6.7830488780020682e-05         2.6783438860247316e-03         1.6769383841805682e-03         1.3380641113794841e-03
5                                      1.9424132983310747e-06         5.3721077903655094e-06         9.3750752350737078e-05        -1.0699678814552575e-04        -2.9696384690966688e-04        -9.0782210840636111e-04         1.3188910110993809e-03         1.0504394575194075e-02
6                                     -1.3044107810420834e-05        -9.6291211797423394e-06        -1.5000116565136168e-03         3.1894767927355318e-04        -4.9653872082345215e-05        -2.0038696115917096e-04         1.9969128050627500e-04         6.1752252482959223e-05
7                                      1.0457252810196400e-05         3.5843929268646545e-06        -1.6857029214138036e-03        -6.1422280429369609e-06        -1.2986910081881642e-05        -6.9768677471413821e-05         5.0385730925160254e-05        -5.5333285850890667e-04
8                                     -5.2288686501601820e-06         8.3296895230318834e-06         1.9033603434243730e-04         6.6145451782111597e-05         1.8184204734047213e-04         1.4086289991987496e-04        -5.5582551693112347e-04        -3.8470548543377988e-03
9                                      9.3166999330616409e-06         1.6297130021733421e-06        -3.9015969847044311e-03         1.5977264859586126e-03        -6.9191964165726382e-04        -1.1366521882857257e-03         4.4513847408811195e-03        -8.5185582130086423e-04
10                                     5.8656789410311888e-06        -6.4492625997875395e-05         3.2179968417728284e-03         9.6351147174851201e-04         9.8479416991072480e-04         2.9062066252549743e-03        -2.4009153149812238e-03         1.3260325781503908e-03
11                                     9.4622749620391723e-06        -1.2152162787163467e-05        -7.7573745409487594e-04         8.5791263511526448e-04         5.6048059220864975e-03        -6.6788922100470820e-04         1.3957567637236229e-03         6.0167664886069186e-03
12                                    -1.6839252057210545e-05        -3.6297428511121790e-05        -4.5255585441442234e-04         4.7084511937613149e-04         1.3896228313690744e-04         4.7192574093236667e-04        -1.4242455375964498e-03         1.9029846558091718e-04
13                                     3.3907718454991557e-06         2.3911537373897268e-05         4.5269409991450203e-04         1.9420787815183256e-04        -1.4319826045104006e-04         7.3082112629623507e-04        -7.8698157937225120e-04         1.2488523755989478e-04
14                                    -3.0933729618920142e-06        -2.8766390042299123e-05         1.9763313111134141e-06        -9.4387590046383311e-05        -3.7773151701929681e-04        -7.7853069227337826e-05         4.8564560596769870e-05        -9.7041710165383173e-05
15                                    -1.8094932025301087e-06         1.7909705845053542e-05        -8.9374946641237150e-04         3.8245249454439125e-03        -1.0365631910416726e-03         3.1955040242001272e-04         1.9629266160690884e-05         2.7150759529968958e-05
16                                     2.7908104490159883e-05        -5.1845455712320299e-05         2.7309399211015066e-03        -3.0636894266448606e-03         1.2575672650341823e-03         7.3615832035666242e-05         7.3509955201854276e-05        -1.6283336320585767e-05
17                                    -8.3464598024421649e-07         2.2185010911042813e-05        -6.9180452831395993e-04         1.5566938457044050e-03         5.8991341260876068e-03         1.9512154519907027e-07        -4.4442328262805006e-05        -7.0155572095324966e-05
18                                    -9.3470060462179328e-05         2.4876025012232985e-04         1.1597303613216071e-02        -1.6875151098002868e-02         4.1125603144667169e-03         1.3372246011784445e-04         2.4068945058946817e-04        -5.7320800963414978e-05
19                                    -2.9334455958550734e-04         6.7466117775423062e-05         1.1302598418220363e-02        -1.8469267675152213e-02         3.4537748654583714e-03        -4.3257891683469484e-04         2.7831109605050159e-05        -3.1171799594893312e-05
20                                     1.1952207536490193e-04        -7.4015144478148311e-04        -1.5215128401473593e-03         3.0279104238899917e-03         3.8498595155750689e-03         8.4431990335467785e-05        -1.0353614190680791e-05        -6.2478372362107220e-05
21                                     1.0676881619497633e-03         1.2894809972934022e-05         1.2231141587914530e-04        -1.6799326864274287e-03        -8.2631934387701101e-04        -1.0343608481360955e-04        -1.5669393720699746e-04         5.1728767618022101e-05
22                                     6.8187334605313596e-04         3.8823519998683819e-06         3.1483473430477405e-04         2.0811812234083384e-04        -8.3810278541541832e-04        -2.1737870421425920e-05        -2.4502385448720606e-05         2.0714528466698399e-05
23                                     7.2338921214729741e-05         6.6047873379302974e-04        -3.5920473851977237e-05        -8.5970174262488134e-04        -3.7909946560660884e-03        -2.1219925203434375e-05         5.9088628082248212e-06         9.8761511021178741e-05
24                                    -5.8483330657555671e-04        -1.3813883258212794e-04        -6.5846527882146440e-04        -8.1752135383458173e-05        -6.4325328714151899e-04         5.8446643936098917e-05         9.6222350832447987e-05        -1.0677221241625897e-05
25                                     5.2003694708713201e-05        -1.9489516803079267e-04         7.1497700779082169e-04        -2.1695826884524251e-04         8.6262182508313999e-04         2.0240673183160945e-05         9.5598944621791502e-06        -6.2848818221624805e-06
26                                    -2.1225142144390961e-04         7.2298821053107449e-04        -4.1055536053497725e-04        -1.3093074141115924e-04         1.0889950648946189e-04         1.6068544376756722e-05         1.6563707074165315e-06        -1.0150221713181156e-06
27                                     2.5110396626783112e-03         8.6121248865059534e-04        -1.5532495428139314e-04         3.5510558728535585e-04         2.8035599368334447e-04        -3.1823531735688355e-05        -3.2158932460665606e-05        -6.1778131522654574e-06
28                                    -2.8205453325433685e-04         7.1780486053634081e-04         1.3122224277769667e-04         2.1900376598515655e-04        -2.8821542685444505e-04         2.6999760278378275e-05         4.5307425567186707e-05        -8.9357150878849106e-06
29                                     8.8737691410959558e-04        -2.7476798888378252e-03         1.3215139629677735e-04        -1.8546600914399883e-04        -3.3769470465507825e-04        -3.1367325712080597e-06         6.0472849914400793e-06         1.0374122396919503e-05
30                                     1.0756627545658799e-02         6.6336058550078587e-04         1.7635854701016670e-04        -2.6337030458009082e-04        -2.1001313313857378e-04         9.2499879832317526e-05         9.9482319373763202e-05         1.9706079063038466e-05
31                                     1.0519299313300980e-02         3.3878140481961882e-04        -2.1537110580567543e-04         1.4827511428808560e-04         7.5119651478380801e-05        -5.2719093432261285e-05        -5.4183283920984833e-05         1.1924612274824065e-05
32                                     2.0954808778681383e-03         5.5044909666315525e-03        -7.9808507928533928e-05         9.5581277565188355e-05         1.4587005071142005e-04         6.2979742312407080e-07        -6.1686350611944675e-06        -2.0649448942028157e-05
33                                    -1.2569244533789634e-01        -4.3698497641626678e-02        -1.6995083329685902e-04         1.5533804888847403e-04         1.9164906371765719e-04        -6.4048440816026199e-05        -6.8847364682958338e-05        -1.1955652286395202e-05
34                                    -1.5387685736520190e-01        -3.6590403336525121e-02         1.9432102882752035e-04        -6.0529176271268987e-05        -2.0128565081621323e-04         7.5870172973234982e-05         8.3548652967222034e-05         6.8017609103063122e-06
35                                    -3.6372398560710159e-02        -5.4339221866141020e-02         2.3523764124953536e-05         8.3977511590844556e-05         1.3313635965650072e-04         1.5429460591089781e-05         1.8218213090784337e-05        -4.9080956336391925e-06
36                                    -2.2724279830624895e-02        -5.5700799343355312e-03         5.3780118045553140e-05        -5.3151028945421567e-05        -4.7296809004004686e-05         2.0010265000389006e-05         2.0850444907932177e-05         3.2011136388660021e-06
37                                    -1.6537377252577375e-02        -5.2910069430419319e-03        -1.6987162250815861e-04         1.1334256802843478e-04         1.5225837178841695e-04        -6.1173626762397237e-05        -6.6026461676278771e-05        -8.9416649560649808e-06
38                                    -7.2341121296817749e-03         4.9049770232953123e-03        -3.0247604406960499e-05         8.5244946915518096e-06         1.7027375972742117e-05        -1.3721350175260397e-05        -1.5571112363179149e-05        -3.6312861377113640e-06
39                                     1.5269738457430607e-03        -2.4129206859602268e-04         5.4634368534532121e-05        -4.5105002451274138e-05        -6.9960290810960790e-05         2.0634606907709424e-05         2.1886754505096029e-05         5.1212488372919386e-06
40                                    -4.4042501397819700e-03        -3.2358260388300189e-03         5.2021169104031744e-05        -4.1523581463749995e-05        -6.2743675858624226e-05         1.9343436602022230e-05         2.0801131721894005e-05         5.0989995945606187e-06
41                                    -3.2944259764467443e-03         8.6148423365056768e-03         1.5985150353072918e-05        -5.5127622291141877e-06         2.2369414888307109e-06         6.1370772391097740e-06         7.5091067015542478e-06         2.1083134622235995e-06
42                                    -5.5590461900398833e-04         1.9596330963215418e-05        -2.4507084905231393e-05         2.5236885792016654e-05         4.3901535336552714e-05        -9.8913555542465715e-06        -1.0480352267406103e-05        -3.7857675811141397e-06
43                                     2.0719856703099618e-04         4.5588894510322896e-04        -4.0117162897295583e-05         2.2157539932952377e-05         2.8794173133504070e-05        -1.5092170534216818e-05        -1.5334566613448421e-05        -2.5913167921323243e-06
44                                     4.2929532256211038e-04        -1.5838371704670533e-03        -1.1197488439064485e-05         4.4494239924721649e-06         2.7805101341222519e-06        -4.5458490678382051e-06        -5.3128774581766400e-06        -1.6478182273598694e-06
45                                    -1.1033033503108462e-03         2.1472295248346480e-04        -9.1014199014224472e-05         5.7792667114240780e-05         7.3930330303758986e-05        -3.4121927085351109e-05        -3.5611976208519682e-05        -5.8448164826028755e-06
46                                    -8.2935517345477262e-04         1.2933952611735159e-03         1.8995748151366519e-05        -7.3338361775312339e-06        -9.7917288346983888e-06         7.2717153520247054e-06         7.4769310129387207e-06         1.4276428770416284e-06
47                                     1.1656489369082520e-03        -5.7169195722550723e-03        -1.8981074972953291e-06        -9.9738406981750895e-06        -2.6562150243716910e-05        -1.7506926848291988e-07        -3.8901195019263302e-07         1.7692027209705147e-06
48                                     3.1743190823674250e-04         5.1892071268200973e-06         5.7212680927676285e-05        -3.6881741424870610e-05        -4.1473277725148977e-05         2.1743950749313111e-05         2.2238815832103642e-05         3.3191476480557824e-06
49                                     4.5330011390991667e-05        -2.1354965441983657e-04        -1.5388492418669285e-05         9.8037942965867428e-06         9.8624698751286822e-06        -5.5799360525954020e-06        -5.2276118539969479e-06        -9.7964671628010910e-07
50                                    -1.8617529534316454e-04         8.6059742844228734e-04         3.9652632854750625e-07         2.1562799214155763e-06         4.3504784446636362e-06        -7.6046057461302494e-08        -4.2796917698638253e-08        -8.9777674019154783e-07
51                                     2.6604863500070590e-03         3.3027057440139691e-04         2.2005705966618710e-04        -1.9600012650062355e-05         3.1613069926800783e-04        -6.4370904019359705e-07        -1.4678871626258133e-05        -1.9021275775623145e-05
52                                    -7.6756703702628029e-04        -8.7895073190524852e-04        -1.8869254717036421e-04         5.8241492259219390e-05        -3.1620721453170299e-04        -6.8878379829324108e-06        -1.1009488704112418e-05         1.4066887529288558e-06
53                                    -9.0221442970851381e-04         3.2024909778862205e-03        -3.0899737601136179e-05        -6.9368550315612786e-05        -1.7377242227884087e-04        -4.3227553980721008e-06         1.3191772367578548e-06         1.4146688111743726e-05
54                                     1.1818409307249393e-04        -1.7223444916800070e-04        -1.4882360437967346e-01        -1.2710606736910324e-01         1.8126676541422273e-02         1.1526923091679272e-03        -1.4645212982351344e-03         3.0232690616125248e-04
55                                    -1.6402202051875065e-05         6.0439371456800901e-05        -1.2786368998361319e-01        -2.4232811802065410e-01         3.0602415791032601e-02         1.0246300407881477e-03         1.2921721735626897e-03        -4.8699619766502666e-04
56                                    -7.8623605030410208e-06        -1.1343413037721969e-04         1.8269764136006995e-02         2.9802863760626932e-02        -4.0906703067598256e-02        -7.8582469755562141e-05        -5.1106988276128666e-04        -2.4052467083446423e-03
57                                    -1.6781114359035859e-05         9.2116637838462871e-05        -1.5338008260879183e-02         2.3188533605661586e-03        -1.3254974940681901e-03         1.1339575125761777e-02        -1.6696428901282773e-02         2.5792206580578210e-03
58                                    -4.5709115348413661e-05         3.6277679098814812e-05        -2.6762987096574910e-02         5.7914282666687422e-03        -1.0702919375661177e-03         1.2218323452530110e-02        -1.8843332585225685e-02         3.5437450708991325e-03
59                                     3.9490413161606019e-06         1.0657598907647556e-04         3.4377920957295301e-03        -3.7747567069964247e-04         4.0438804694049903e-03        -1.4545483884762477e-03         2.5959081754075770e-03         3.0999492706193258e-03
60                                     1.2606221107806456e-05        -3.5682686859916276e-05         1.3525932926309360e-03         1.5119390952998504e-03        -5.8367094583162624e-07        -1.4330014660842774e-01        -1.2531438482585894e-01         1.4191614283481178e-02
61                                    -8.8079670145455589e-07         2.6684927290481692e-05        -1.4928758628995405e-03         9.8210729122275259e-04        -6.9873803184793333e-04        -1.2503297676012701e-01        -2.4894546633769105e-01         2.5349381842635386e-02
62                                     3.8836593791174046e-06         4.5185264227171832e-06         2.6114049277630835e-04        -5.7987940938488260e-04        -3.0729354346161197e-03         1.4151821200146752e-02         2.5322670029226259e-02        -4.2693481219867518e-02
63                                    -3.2233284264338415e-06         3.2799308458297311e-05         1.2043805501145075e-04        -5.3348166911420169e-04         5.4089556059854686e-06        -1.2799392772983462e-02         2.3402493550998063e-03        -9.0992939162279005e-04
64                                    -1.2814787644396550e-05         2.1964840107569443e-05         2.2587611722924483e-04        -8.7428571373933048e-05        -1.0881794880650218e-04        -2.8100458348231928e-02         6.2478955298464808e-03        -9.7061199521802683e-04
65                                     2.0258125969155525e-07        -1.2781310667613463e-05        -2.2098025861972710e-05        -6.1647802427351359e-05        -2.7111938369212436e-04         3.3132020384840956e-03         2.0834246148271644e-05         6.0303417275598030e-03
66                                    -5.5283694415496235e-07         1.1292542020149324e-06         2.9321425422184255e-05        -6.4479819155588728e-06        -8.0451828654076800e-07        -5.1444861495573285e-04         2.9918349619072036e-05        -1.2256956819224328e-05
67                                    -5.6696020984039878e-07         5.3475753782004221e-07         4.9543488716929213e-06        -2.0580808664230437e-05        -4.7651768806555210e-07        -4.4693589674744635e-05         1.0465122608734772e-05        -3.6292069374273969e-05
68                                    -1.9671118522870523e-08         2.0737347673353121e-07         1.5803175378731473e-06         4.0129482804218664e-07        -1.6455873730326090e-05        -2.9189360584551754e-06        -3.2588757865860692e-05        -2.2640298392960807e-04
69                                    -1.5913203433902002e-06         1.3393741618100744e-06        -5.0468936230266265e-05        -1.7904006139387809e-05         1.6369390890513261e-05         1.4557692525941530e-05        -6.7558366058953311e-05        -2.0329669762800558e-04
70                                    -1.0132283464081733e-06         1.3721143604087090e-06         8.8031582424906749e-06        -8.4841657300334925e-06        -6.8339445194768695e-06         4.4432844833308059e-05        -1.2274273413342691e-05        -2.6285393675100775e-05
71                                    -1.4708221769999820e-07         1.7894075693175755e-07        -1.0598845874913471e-05        -3.1009885314171718e-06        -1.1945936191705310e-05        -5.3492005130607347e-05         3.2356722026498580e-06         1.9275689472093711e-05
72                                    -2.0715951304714413e-06         2.9460172346043774e-06        -4.8155660025593860e-05        -2.3035677443745142e-05        -1.7938917395573346e-05        -1.1429162239542739e-06        -1.1333356063727664e-05         2.1077871156728657e-04
73                                    -9.1706047137361389e-07         1.7963401375562985e-06         1.1816770824353426e-05        -8.2372397335448875e-06        -5.9714481703010357e-07         5.6287463735428718e-05        -4.2874794593791626e-06         3.4708149617811434e-05
74                                     1.8980529208729394e-07         1.5793009660600773e-07         5.6804681674539278e-06         4.8228325107108972e-07        -1.5034317468329307e-05         3.7476179248396635e-05         2.4841152919855653e-06         2.5754039645411775e-05
75                                     1.9113648887137021e-06         1.8988064931680531e-06         4.6131301169447816e-05        -1.3209823392339322e-04         5.7011747151387892e-05        -1.0176998204150880e-04         1.8408612331178626e-04        -2.9910832977895417e-05
76                                    -1.0442376979776869e-06         1.0768870722578677e-06        -1.2829772137595992e-04        -3.1381824324358532e-05        -1.4432329046108693e-04         2.0422568490910723e-04        -3.8669715094243442e-04         7.5693154802249898e-05
77                                    -4.6136683181564970e-06         5.9391195814434923e-06         4.9548589353956724e-05        -1.4988279358988302e-04        -9.9410954319476778e-04        -3.4687223830320450e-05         7.1384284962236946e-05         1.0843172301544659e-04
78                                    -2.4619136728824202e-05         1.7835267427599028e-05         4.7591899394343220e-04        -8.7827922018680784e-04         1.8188134779366916e-04        -1.0875883582280726e-05         6.8154967771844689e-05        -1.1427261857138533e-05
79                                    -2.4681403362752138e-05         2.1537014676673797e-05         6.2148002351461191e-04        -8.9709143709246989e-04         1.5715153625126435e-04        -2.1859988423806828e-05         9.9926600433414433e-06         5.8106672472623257e-06
80                                     4.7948660457797768e-06         3.0092150126365013e-05        -1.1988110291118878e-04         1.3402886249883606e-04         5.1614483020662020e-04         3.5614768704703395e-06         1.3484888518687263e-05         3.0422947459944425e-05
81                                    -4.6917842253701433e-05        -1.0530798651812025e-05        -1.8541794199126447e-03         2.3854672743617864e-04        -1.0400236317383645e-03        -9.6999048538309721e-06         4.3262658681560758e-07        -3.7032976572601425e-06
82                                    -1.1289790746743522e-05        -3.2315253218633986e-05         5.9528093881428359e-04         4.5350409714356530e-04        -2.4534173478195928e-04        -2.9839149725944571e-06        -1.7120315200466231e-06         3.7760232101382917e-06
83                                    -2.7009007171498731e-05         7.8421287000260756e-05        -9.3725303142372786e-04         3.9798692612070429e-04        -4.3199351716635801e-05        -6.8895975230878336e-06         2.7268575056164143e-07        -2.3741850273004621e-06
84                                     1.9114392486767676e-06        -2.6017835155687694e-05         2.8410664571504199e-05        -2.5849128818969478e-06        -9.5209936963026415e-06         2.5368832255826001e-06         4.8206865116145895e-06        -6.3013922375596313e-07
85                                    -2.0277106050065746e-04        -2.3670799709916827e-05        -8.6595366589127835e-07         1.5851215802218212e-06         1.6552414063772581e-05         1.6008956986587278e-07        -1.2722654481756718e-07         5.2330785033172862e-07
86                                    -7.5921830174339382e-05         1.0035725595158168e-04        -2.8249056094300557e-05        -5.3844196555441622e-06        -3.4986690804150679e-07         1.2808213533659643e-06         1.8675784797134593e-06         7.9722885617009971e-07
87                                     1.3189781225254674e-01         4.7419863476706417e-02         5.1598987868100286e-06         8.1341833158399659e-06         1.1666355147247778e-05         1.3291924331821010e-06         1.9071130311564227e-06        -1.2685326214582519e-06
88                                     1.6576736240263626e-01         4.3534805608569128e-02        -2.2244902777504702e-06        -7.5706717180850551e-06        -1.5671736608625326e-06         3.9181572174197456e-07        -5.0270710896943029e-07         1.3511779806565878e-07
89                                     4.3534805608569128e-02         4.0481674315814266e-02        -2.2873717877761301e-06        -5.3206782382289494e-06        -2.0662568739058524e-05        -9.6198904455378244e-07        -5.1301796727606377e-07         3.1495216264904587e-06
90                                    -2.2244902777504702e-06        -2.2873717877761301e-06         1.5923960558161371e-01         1.3726203713161350e-01        -1.7611761737033667e-02        -2.2213320712166878e-05         9.5020786563234641e-04        -1.2636745221962547e-04
91                                    -7.5706717180850551e-06        -5.3206782382289494e-06         1.3726203713161350e-01         2.5539520171421570e-01        -3.3445316225044569e-02        -4.9831424833060968e-04         1.6532228098154063e-04        -8.9302918714820046e-06
92                                    -1.5671736608625326e-06        -2.0662568739058524e-05        -1.7611761737033667e-02        -3.3445316225044569e-02         2.9289465673683263e-02         9.0657718963239376e-05        -5.1725188503255347e-06         1.1911984304206617e-04
93                                     3.9181572174197456e-07        -9.6198904455378244e-07        -2.2213320712166878e-05        -4.9831424833060968e-04         9.0657718963239376e-05         1.4844004027406602e-01         1.3539660781753193e-01        -1.4941953110713918e-02
94                                    -5.0270710896943029e-07        -5.1301796727606377e-07         9.5020786563234641e-04         1.6532228098154063e-04        -5.1725188503255347e-06         1.3539660781753193e-01         2.6107256559725733e-01        -2.8694963165768181e-02
95                                     1.3511779806565878e-07         3.1495216264904587e-06        -1.2636745221962547e-04        -8.9302918714820046e-06         1.1911984304206617e-04        -1.4941953110713918e-02        -2.8694963165768181e-02         2.9245807876527856e-02
96                                     8.0560548047043865e-07         4.8089710895454177e-08        -4.9712750650439066e-06        -2.8270103747672507e-05        -6.8768371757828734e-06         1.3607441500614161e-03        -3.3860392757495417e-04         2.6881174139985675e-04
97                                     7.6993972127591126e-07        -1.1380287002834438e-06         3.5629023146480142e-05         2.1188285081092956e-05         4.1839593864763725e-05         4.2584798265142532e-04         6.5847385300597154e-04        -8.3409830687540694e-04
98                                    -3.8314245539891709e-07        -2.1717482408281902e-07        -1.1733028152334065e-05         3.8890626076063770e-05         2.8703572295727097e-04         1.7068192334340152e-04        -8.5289745151179738e-04        -5.2196112529604823e-03
                                                        96                          97                          98

0                                      2.6974006540572649e-04         6.3968412082150705e-04        -5.4023195413930962e-05
1                                     -4.1951420973369228e-04         7.9996767437455929e-04        -2.2223043375722867e-04
2                                      9.9889721986952461e-05        -2.4567189832709401e-04        -8.7038628448887182e-04
3                                      1.1842998561180238e-02         1.5589762482324715e-02        -1.8399783512460816e-03
4                                     -1.4550364410745321e-02        -1.6739039538377076e-02         1.9853311489334878e-03
5                                      2.4179388442363593e-03         2.9782812573791399e-03         4.8676326759109975e-04
6                                     -1.0207019969876855e-03        -3.2581751080432301e-03         2.5976956189087072e-04
7                                     -5.0071986772374476e-03        -4.5829952258788775e-03         1.2605711943173166e-03
8                                      4.7382219219441071e-04         1.3106998202950442e-03         5.3419875022000249e-03
9                                     -1.2404401166596292e-03        -1.5522559467043774e-03         1.9758564661139327e-04
10                                    -1.0465592257714092e-05         6.7699610905238693e-04        -1.0042384453178525e-04
11                                    -1.9657726592284513e-05        -1.7330006217559566e-04        -2.6534620744640621e-04
12                                     3.6863545359534317e-04         3.5169376104097604e-04         2.7577730217658689e-05
13                                    -5.8231334855241576e-05        -5.9995774594161027e-05        -1.7121968399719080e-04
14                                     5.0791265726104703e-05        -1.5705822201561429e-04        -1.2007226346188926e-03
15                                    -1.6680241709040686e-04        -7.5600356435018756e-05        -1.5181764907782271e-05
16                                    -1.1007052376053042e-04        -7.9609639887875017e-05         1.8859933233444356e-06
17                                     2.2348867369448208e-05         5.7808619347284951e-06         5.9371942016058479e-05
18                                    -5.1393703895071517e-04         1.7580327589061730e-04        -3.3821393716648077e-05
19                                     1.6356513275498730e-04         4.9897969538312617e-05        -1.0136134207305999e-04
20                                    -4.4597996259078808e-05        -8.5237713784910732e-05        -6.1711084085453805e-04
21                                     1.2230929319032876e-04        -1.6206800882705816e-04         3.9266531495182982e-05
22                                     1.3535595187985264e-04         8.1192336571841040e-06         6.9492832110195274e-07
23                                     8.8767627231691024e-06        -2.5580756915812399e-05        -9.4623764784972485e-05
24                                    -8.6792762969660031e-05         1.0495086829934206e-04        -2.1089212006234543e-05
25                                    -2.0984893557884194e-05         1.9319853043831871e-05        -3.6657101170167023e-06
26                                    -2.2904039547789763e-06         1.7241212145581138e-05         5.1941517365540853e-06
27                                     3.9425553246184186e-05        -5.2339043157772808e-05         7.4401354367159973e-06
28                                    -4.0082429164322407e-05         5.0293957956951965e-05        -7.6975904126787327e-06
29                                    -7.2248134062733913e-06        -6.1241880583236177e-06        -5.3168433074383812e-06
30                                    -1.2992257761040420e-04         1.4421508332909409e-04        -2.6359121101463851e-05
31                                     7.8674463176831673e-05        -7.2462361141565192e-05         9.2108800092588922e-07
32                                     8.7555259189339856e-06        -4.1814976815395270e-06         1.1361860768632585e-05
33                                     8.5499199995157346e-05        -1.0390659291743836e-04         2.2674466559648439e-05
34                                    -1.0578869367846628e-04         1.1478006816710747e-04        -2.1608601053139030e-05
35                                    -2.0216816816348558e-05         2.9133765662576168e-05        -5.5767623197171751e-06
36                                    -2.7146051440923753e-05         3.1280860885683221e-05        -6.1573035541228379e-06
37                                     8.2748399737100301e-05        -9.5146968347518165e-05         2.0103836525713246e-05
38                                     1.8711729222330941e-05        -2.2730138755510968e-05         3.9998122360924851e-06
39                                    -2.9494305148837594e-05         3.3016282012601392e-05        -7.4967120093240964e-06
40                                    -2.8428762526641214e-05         3.0758974837547469e-05        -7.2011683387580275e-06
41                                    -9.1824767872582692e-06         1.0795125708254970e-05        -1.6026365205725265e-06
42                                     1.4033864983824577e-05        -1.6279491094420566e-05         3.1610758546082315e-06
43                                     2.1549807293625334e-05        -2.3234153381007346e-05         5.6480679130456002e-06
44                                     6.5701500835165644e-06        -7.6001061175076526e-06         4.7708537911130824e-07
45                                     4.9149149258087565e-05        -5.3042165446402778e-05         1.2639721593713573e-05
46                                    -1.0707650449524040e-05         1.1559448769778136e-05        -2.9745724680606323e-06
47                                     7.0550145266072428e-07        -1.0286686903414633e-06         6.6468251828689130e-07
48                                    -3.0911670172298952e-05         3.3669567318576942e-05        -7.5915992166091276e-06
49                                     8.0537029339459944e-06        -8.9067596755530265e-06         2.0149968394098905e-06
50                                    -1.0655279614719086e-07         1.1225742279208496e-07        -4.9845174155270809e-07
51                                    -1.9627056670198408e-05        -1.9472650617008910e-05         1.0242932833613115e-05
52                                     2.0261884248658766e-06        -9.6010551636089019e-06         1.6990866068690178e-05
53                                    -6.9600203234100567e-07        -1.5269390722076755e-06         1.9987777948133034e-05
54                                     2.1216689864916367e-04        -1.3769319641892131e-04         2.8798636904788584e-05
55                                     1.3873978857065759e-03         2.0582063053902323e-05         8.0640634766383947e-05
56                                    -2.2390559962639885e-04         3.7012593040590923e-05         2.7096333015094655e-04
57                                    -4.9997042049651913e-03        -8.9732456333177588e-04        -4.1344960222279873e-04
58                                    -1.6987925039776797e-03         1.8145796263720464e-03         1.0324036523456227e-03
59                                    -2.0788930968988566e-04         1.0653675882281392e-03         9.5167339741959595e-03
60                                    -1.1176449830551660e-02        -1.5162987575280812e-03        -3.0269392563524612e-04
61                                     2.9641411185690768e-02         4.1137332177809630e-03         9.0579333613659870e-04
62                                    -4.6880081976808392e-03        -1.0777104810837839e-04         3.5129048401380623e-03
63                                    -1.2116639656178159e-01         1.1397393181735893e-01        -1.8828375598176066e-02
64                                     1.1368275240075434e-01        -2.7034317933972118e-01         3.6689931274763526e-02
65                                    -1.8797567596976365e-02         3.6729670529396671e-02        -4.2559693498869282e-02
66                                     1.6569912649378517e-04         7.1054864527066771e-05         2.8192023807808769e-06
67                                     2.2903237499656762e-04         2.1520800726755737e-04        -4.5728862189989983e-05
68                                    -2.3562594697251312e-05        -4.6744890253849818e-05        -1.4705987400790547e-04
69                                     1.3942311348460871e-05        -4.1663794765254371e-04        -1.0185726529724269e-04
70                                    -8.1929209857282709e-05        -2.7007578376148414e-05         1.8894786012903242e-04
71                                    -1.9028129661112936e-05        -2.3847660255063834e-04        -2.3042813841546352e-04
72                                     1.3640055742092350e-06        -3.9166910035347459e-04         2.2828554367103048e-04
73                                    -5.9036208602636841e-05        -2.7687932070666506e-05        -2.5970373784711101e-04
74                                     5.3408531760002799e-05         1.6348949935131904e-04        -2.0618978094878525e-04
75                                    -1.8340148453453297e-05        -3.2983422871323128e-05         6.1421371485583079e-06
76                                     7.6095298317205149e-05         3.7810989631224833e-05         1.5833565981310168e-06
77                                    -1.0937441175025027e-05         7.9079649301493234e-07         3.7131648001151179e-05
78                                     2.7577552155644974e-06         3.3339823227724664e-05        -8.7862308014780307e-06
79                                     1.8980149587918073e-05        -1.2085346592256906e-05         2.3696483406294640e-05
80                                    -1.0841595658539901e-05         2.1231225678077822e-05         1.2610170303764868e-04
81                                     6.9241771788581093e-06        -4.7896382623622853e-06         5.3898552646435191e-06
82                                     5.5692979934455935e-06        -2.6827187215940117e-06        -1.0779465790607297e-06
83                                     2.9487288139316224e-06        -2.4613872715273084e-06         3.8677523766093331e-06
84                                    -5.9271750833668306e-06         4.5304633449151015e-06        -9.0459938857848760e-07
85                                    -1.5742386737757662e-07        -2.8603591672017679e-07        -5.1727789246671003e-07
86                                    -1.2341078816766708e-06         1.9166767532857894e-06        -2.1710622876535540e-07
87                                    -3.3858939936157173e-06         9.0705006431315177e-07         4.2853630641808825e-07
88                                     8.0560548047043865e-07         7.6993972127591126e-07        -3.8314245539891709e-07
89                                     4.8089710895454177e-08        -1.1380287002834438e-06        -2.1717482408281902e-07
90                                    -4.9712750650439066e-06         3.5629023146480142e-05        -1.1733028152334065e-05
91                                    -2.8270103747672507e-05         2.1188285081092956e-05         3.8890626076063770e-05
92                                    -6.8768371757828734e-06         4.1839593864763725e-05         2.8703572295727097e-04
93                                     1.3607441500614161e-03         4.2584798265142532e-04         1.7068192334340152e-04
94                                    -3.3860392757495417e-04         6.5847385300597154e-04        -8.5289745151179738e-04
95                                     2.6881174139985675e-04        -8.3409830687540694e-04        -5.2196112529604823e-03
96                                     1.2608556151821834e-01        -1.2296208631285843e-01         2.0658395905800868e-02
97                                    -1.2296208631285843e-01         2.8343988115653412e-01        -4.0454995163619695e-02
98                                     2.0658395905800868e-02        -4.0454995163619695e-02         3.1740054199086085e-02
   &MODES [&Type "ArrayOfDoubles", &Dim (99,99)] "The modes of vibrations"
                                                         0                           1                           2                           3                           4                           5                           6                           7

0                                      0.0000000000000000e+00         0.0000000000000000e+00         0.0000000000000000e+00         0.0000000000000000e+00         0.0000000000000000e+00         0.0000000000000000e+00         7.9042854296367190e-03        -5.7002174109705714e-03
1                                      0.0000000000000000e+00         0.0000000000000000e+00         0.0000000000000000e+00         0.0000000000000000e+00         0.0000000000000000e+00         0.0000000000000000e+00         1.6722788369662677e-03         1.0140604807304389e-02
2                                      0.0000000000000000e+00         0.0000000000000000e+00         0.0000000000000000e+00         0.0000000000000000e+00         0.0000000000000000e+00         0.0000000000000000e+00        -6.1054829204251287e-02         7.8785755274621047e-02
3                                      0.0000000000000000e+00         0.0000000000000000e+00         0.0000000000000000e+00         0.0000000000000000e+00         0.0000000000000000e+00         0.0000000000000000e+00         7.1053532374663773e-03        -4.2366080218610887e-03
4                                      0.0000000000000000e+00         0.0000000000000000e+00         0.0000000000000000e+00         0.0000000000000000e+00         0.0000000000000000e+00         0.0000000000000000e+00        -8.5893319865283299e-04         4.6149479068851871e-03
5                                      0.0000000000000000e+00         0.0000000000000000e+00         0.0000000000000000e+00         0.0000000000000000e+00         0.0000000000000000e+00         0.0000000000000000e+00        -4.2340084858184190e-02         3.5306863752790331e-02
6                                      0.0000000000000000e+00         0.0000000000000000e+00         0.0000000000000000e+00         0.0000000000000000e+00         0.0000000000000000e+00         0.0000000000000000e+00         1.0860340414523256e-03        -4.4731748152907272e-03
7                                      0.0000000000000000e+00         0.0000000000000000e+00         0.0000000000000000e+00         0.0000000000000000e+00         0.0000000000000000e+00         0.0000000000000000e+00         5.8159212349580503e-03         7.2706179276351320e-03
8                                      0.0000000000000000e+00         0.0000000000000000e+00         0.0000000000000000e+00         0.0000000000000000e+00         0.0000000000000000e+00         0.0000000000000000e+00         1.9033654325153072e-02         5.2674784389979135e-02
9                                      0.0000000000000000e+00         0.0000000000000000e+00         0.0000000000000000e+00         0.0000000000000000e+00         0.0000000000000000e+00         0.0000000000000000e+00         4.9011122433562885e-04        -3.2851081933874594e-03
10                                     0.0000000000000000e+00         0.0000000000000000e+00         0.0000000000000000e+00         0.0000000000000000e+00         0.0000000000000000e+00         0.0000000000000000e+00         3.0893543937256488e-03         2.9555406282857563e-03
11                                     0.0000000000000000e+00         0.0000000000000000e+00         0.0000000000000000e+00         0.0000000000000000e+00         0.0000000000000000e+00         0.0000000000000000e+00         3.2714397463866195e-02         1.9306366016317373e-02
12                                     0.0000000000000000e+00         0.0000000000000000e+00         0.0000000000000000e+00         0.0000000000000000e+00         0.0000000000000000e+00         0.0000000000000000e+00        -6.0252328670183496e-03        -3.9164987486700912e-03
13                                     0.0000000000000000e+00         0.0000000000000000e+00         0.0000000000000000e+00         0.0000000000000000e+00         0.0000000000000000e+00         0.0000000000000000e+00         9.1612688144241394e-03         5.6399618282861261e-03
14                                     0.0000000000000000e+00         0.0000000000000000e+00         0.0000000000000000e+00         0.0000000000000000e+00         0.0000000000000000e+00         0.0000000000000000e+00         9.3159369748013074e-02         3.8633196806397735e-02
15                                     0.0000000000000000e+00         0.0000000000000000e+00         0.0000000000000000e+00         0.0000000000000000e+00         0.0000000000000000e+00         0.0000000000000000e+00        -6.5491409777950170e-03        -2.9846360259310396e-03
16                                     0.0000000000000000e+00         0.0000000000000000e+00         0.0000000000000000e+00         0.0000000000000000e+00         0.0000000000000000e+00         0.0000000000000000e+00         5.4204682327428609e-03         2.4523931993344662e-03
17                                     0.0000000000000000e+00         0.0000000000000000e+00         0.0000000000000000e+00         0.0000000000000000e+00         0.0000000000000000e+00         0.0000000000000000e+00         1.0095967498031638e-01         1.5110578519099449e-02
18                                     0.0000000000000000e+00         0.0000000000000000e+00         0.0000000000000000e+00         0.0000000000000000e+00         0.0000000000000000e+00         0.0000000000000000e+00        -2.0664722389274900e-03        -2.3161722182595910e-03
19                                     0.0000000000000000e+00         0.0000000000000000e+00         0.0000000000000000e+00         0.0000000000000000e+00         0.0000000000000000e+00         0.0000000000000000e+00        -3.6179541043388158e-03        -2.9974570893470248e-03
20                                     0.0000000000000000e+00         0.0000000000000000e+00         0.0000000000000000e+00         0.0000000000000000e+00         0.0000000000000000e+00         0.0000000000000000e+00         5.2233823533116321e-02        -2.7796840463722307e-02
21                                     0.0000000000000000e+00         0.0000000000000000e+00         0.0000000000000000e+00         0.0000000000000000e+00         0.0000000000000000e+00         0.0000000000000000e+00        -2.1955231261439924e-03        -2.0344086976786624e-03
22                                     0.0000000000000000e+00         0.0000000000000000e+00         0.0000000000000000e+00         0.0000000000000000e+00         0.0000000000000000e+00         0.0000000000000000e+00        -6.5251224706502995e-03        -2.5338442029752494e-03
23                                     0.0000000000000000e+00         0.0000000000000000e+00         0.0000000000000000e+00         0.0000000000000000e+00         0.0000000000000000e+00         0.0000000000000000e+00         5.1763645906683704e-02        -3.0516500861646791e-02
24                                     0.0000000000000000e+00         0.0000000000000000e+00         0.0000000000000000e+00         0.0000000000000000e+00         0.0000000000000000e+00         0.0000000000000000e+00        -1.5039977672285784e-03        -5.9157548051583580e-03
25                                     0.0000000000000000e+00         0.0000000000000000e+00         0.0000000000000000e+00         0.0000000000000000e+00         0.0000000000000000e+00         0.0000000000000000e+00        -9.1298318180064886e-03        -3.3258017269205409e-03
26                                     0.0000000000000000e+00         0.0000000000000000e+00         0.0000000000000000e+00         0.0000000000000000e+00         0.0000000000000000e+00         0.0000000000000000e+00         5.5783456283705200e-02        -1.8070057833271199e-02
27                                     0.0000000000000000e+00         0.0000000000000000e+00         0.0000000000000000e+00         0.0000000000000000e+00         0.0000000000000000e+00         0.0000000000000000e+00        -1.3923730296884237e-03        -5.8220032245071864e-03
28                                     0.0000000000000000e+00         0.0000000000000000e+00         0.0000000000000000e+00         0.0000000000000000e+00         0.0000000000000000e+00         0.0000000000000000e+00        -9.0583373325785529e-03        -4.4315511759877180e-03
29                                     0.0000000000000000e+00         0.0000000000000000e+00         0.0000000000000000e+00         0.0000000000000000e+00         0.0000000000000000e+00         0.0000000000000000e+00         4.5452336624514589e-02        -7.0038085273513837e-04
30                                     0.0000000000000000e+00         0.0000000000000000e+00         0.0000000000000000e+00         0.0000000000000000e+00         0.0000000000000000e+00         0.0000000000000000e+00        -3.1838540947526062e-03        -2.1958096533672461e-03
31                                     0.0000000000000000e+00         0.0000000000000000e+00         0.0000000000000000e+00         0.0000000000000000e+00         0.0000000000000000e+00         0.0000000000000000e+00        -5.4307126946560131e-03        -3.1451831810526214e-03
32                                     0.0000000000000000e+00         0.0000000000000000e+00         0.0000000000000000e+00         0.0000000000000000e+00         0.0000000000000000e+00         0.0000000000000000e+00         3.0447774315362039e-02        -4.0976521546263866e-03
33                                     0.0000000000000000e+00         0.0000000000000000e+00         0.0000000000000000e+00         0.0000000000000000e+00         0.0000000000000000e+00         0.0000000000000000e+00        -2.6772878977384495e-03        -1.8364935340401457e-03
34                                     0.0000000000000000e+00         0.0000000000000000e+00         0.0000000000000000e+00         0.0000000000000000e+00         0.0000000000000000e+00         0.0000000000000000e+00        -1.9858776969743541e-03        -6.2351573957186721e-03
35                                     0.0000000000000000e+00         0.0000000000000000e+00         0.0000000000000000e+00         0.0000000000000000e+00         0.0000000000000000e+00         0.0000000000000000e+00         6.8978045395276018e-03         2.6807193689359864e-02
36                                     0.0000000000000000e+00         0.0000000000000000e+00         0.0000000000000000e+00         0.0000000000000000e+00         0.0000000000000000e+00         0.0000000000000000e+00        -3.1226181099374890e-03         5.2415267952587857e-03
37                                     0.0000000000000000e+00         0.0000000000000000e+00         0.0000000000000000e+00         0.0000000000000000e+00         0.0000000000000000e+00         0.0000000000000000e+00         5.9138597663906467e-03        -1.5373902278472487e-03
38                                     0.0000000000000000e+00         0.0000000000000000e+00         0.0000000000000000e+00         0.0000000000000000e+00         0.0000000000000000e+00         0.0000000000000000e+00        -2.7403570022497849e-02         1.4401417733440751e-02
39                                     0.0000000000000000e+00         0.0000000000000000e+00         0.0000000000000000e+00         0.0000000000000000e+00         0.0000000000000000e+00         0.0000000000000000e+00        -4.0287131534882904e-03         1.5815800174616257e-02
40                                     0.0000000000000000e+00         0.0000000000000000e+00         0.0000000000000000e+00         0.0000000000000000e+00         0.0000000000000000e+00         0.0000000000000000e+00         1.2687915641065172e-02         1.2339825259622784e-02
41                                     0.0000000000000000e+00         0.0000000000000000e+00         0.0000000000000000e+00         0.0000000000000000e+00         0.0000000000000000e+00         0.0000000000000000e+00        -4.6521918416504902e-02        -6.2562304329574076e-02
42                                     0.0000000000000000e+00         0.0000000000000000e+00         0.0000000000000000e+00         0.0000000000000000e+00         0.0000000000000000e+00         0.0000000000000000e+00        -4.7059012121341785e-03         2.4684207056354296e-02
43                                     0.0000000000000000e+00         0.0000000000000000e+00         0.0000000000000000e+00         0.0000000000000000e+00         0.0000000000000000e+00         0.0000000000000000e+00         1.8494584986022751e-02         2.4737859215548514e-02
44                                     0.0000000000000000e+00         0.0000000000000000e+00         0.0000000000000000e+00         0.0000000000000000e+00         0.0000000000000000e+00         0.0000000000000000e+00        -6.3522912769582732e-02        -1.3018608854463579e-01
45                                     0.0000000000000000e+00         0.0000000000000000e+00         0.0000000000000000e+00         0.0000000000000000e+00         0.0000000000000000e+00         0.0000000000000000e+00        -2.3589650352890418e-03         3.1826713024764031e-03
46                                     0.0000000000000000e+00         0.0000000000000000e+00         0.0000000000000000e+00         0.0000000000000000e+00         0.0000000000000000e+00         0.0000000000000000e+00         8.7164176576442990e-03        -9.5023936501302305e-03
47                                     0.0000000000000000e+00         0.0000000000000000e+00         0.0000000000000000e+00         0.0000000000000000e+00         0.0000000000000000e+00         0.0000000000000000e+00        -5.1692026146585794e-02         7.6934923273906719e-02
48                                     0.0000000000000000e+00         0.0000000000000000e+00         0.0000000000000000e+00         0.0000000000000000e+00         0.0000000000000000e+00         0.0000000000000000e+00        -1.5788851135914975e-03         9.5181841201347238e-04
49                                     0.0000000000000000e+00         0.0000000000000000e+00         0.0000000000000000e+00         0.0000000000000000e+00         0.0000000000000000e+00         0.0000000000000000e+00         1.1148284399139367e-02        -1.6321011098170534e-02
50                                     0.0000000000000000e+00         0.0000000000000000e+00         0.0000000000000000e+00         0.0000000000000000e+00         0.0000000000000000e+00         0.0000000000000000e+00        -7.2429893778779009e-02         1.3134389615935213e-01
51                                     0.0000000000000000e+00         0.0000000000000000e+00         0.0000000000000000e+00         0.0000000000000000e+00         0.0000000000000000e+00         0.0000000000000000e+00        -5.0029065127338524e-03         1.3113727666341939e-03
52                                     0.0000000000000000e+00         0.0000000000000000e+00         0.0000000000000000e+00         0.0000000000000000e+00         0.0000000000000000e+00         0.0000000000000000e+00        -3.3233275927418960e-03        -5.5232723142339599e-04
53                                     0.0000000000000000e+00         0.0000000000000000e+00         0.0000000000000000e+00         0.0000000000000000e+00         0.0000000000000000e+00         0.0000000000000000e+00         3.3988515488242013e-02        -3.0716261962070772e-02
54                                     0.0000000000000000e+00         0.0000000000000000e+00         0.0000000000000000e+00         0.0000000000000000e+00         0.0000000000000000e+00         0.0000000000000000e+00         4.8554136443721618e-03        -1.1307075921340851e-03
55                                     0.0000000000000000e+00         0.0000000000000000e+00         0.0000000000000000e+00         0.0000000000000000e+00         0.0000000000000000e+00         0.0000000000000000e+00        -9.1105042166298410e-03        -6.6960892295076842e-03
56                                     0.0000000000000000e+00         0.0000000000000000e+00         0.0000000000000000e+00         0.0000000000000000e+00         0.0000000000000000e+00         0.0000000000000000e+00        -1.5081849260992844e-03        -5.3924892709673371e-02
57                                     0.0000000000000000e+00         0.0000000000000000e+00         0.0000000000000000e+00         0.0000000000000000e+00         0.0000000000000000e+00         0.0000000000000000e+00         5.6864661633279990e-03        -1.9088520183458523e-03
58                                     0.0000000000000000e+00         0.0000000000000000e+00         0.0000000000000000e+00         0.0000000000000000e+00         0.0000000000000000e+00         0.0000000000000000e+00        -6.0032950315633367e-03        -3.8299425519996038e-03
59                                     0.0000000000000000e+00         0.0000000000000000e+00         0.0000000000000000e+00         0.0000000000000000e+00         0.0000000000000000e+00         0.0000000000000000e+00        -1.4605832773220521e-02        -3.2315199848644699e-02
60                                     0.0000000000000000e+00         0.0000000000000000e+00         0.0000000000000000e+00         0.0000000000000000e+00         0.0000000000000000e+00         0.0000000000000000e+00         1.2048087166430108e-02        -1.6908059599323362e-03
61                                     0.0000000000000000e+00         0.0000000000000000e+00         0.0000000000000000e+00         0.0000000000000000e+00         0.0000000000000000e+00         0.0000000000000000e+00        -1.2942093781091273e-02        -7.2520006272389524e-03
62                                     0.0000000000000000e+00         0.0000000000000000e+00         0.0000000000000000e+00         0.0000000000000000e+00         0.0000000000000000e+00         0.0000000000000000e+00        -7.8120237137104670e-02        -5.4402182048628407e-02
63                                     0.0000000000000000e+00         0.0000000000000000e+00         0.0000000000000000e+00         0.0000000000000000e+00         0.0000000000000000e+00         0.0000000000000000e+00         1.2700782586251227e-02        -2.8206591488140736e-03
64                                     0.0000000000000000e+00         0.0000000000000000e+00         0.0000000000000000e+00         0.0000000000000000e+00         0.0000000000000000e+00         0.0000000000000000e+00        -1.0423076671019001e-02        -3.0351849434233926e-03
65                                     0.0000000000000000e+00         0.0000000000000000e+00         0.0000000000000000e+00         0.0000000000000000e+00         0.0000000000000000e+00         0.0000000000000000e+00        -9.2502648488746925e-02        -2.1220301905324809e-02
66                                     0.0000000000000000e+00         0.0000000000000000e+00         0.0000000000000000e+00         0.0000000000000000e+00         0.0000000000000000e+00         0.0000000000000000e+00         2.6266493327030314e-03        -6.0340644198878307e-03
67                                     0.0000000000000000e+00         0.0000000000000000e+00         0.0000000000000000e+00         0.0000000000000000e+00         0.0000000000000000e+00         0.0000000000000000e+00         1.1427533561916661e-02         1.4498851854613914e-02
68                                     0.0000000000000000e+00         0.0000000000000000e+00         0.0000000000000000e+00         0.0000000000000000e+00         0.0000000000000000e+00         0.0000000000000000e+00        -5.4654262279408448e-03         1.1012258673653619e-01
69                                     0.0000000000000000e+00         0.0000000000000000e+00         0.0000000000000000e+00         0.0000000000000000e+00         0.0000000000000000e+00         0.0000000000000000e+00         1.9627520844991739e-02        -3.3187410183050485e-02
70                                     0.0000000000000000e+00         0.0000000000000000e+00         0.0000000000000000e+00         0.0000000000000000e+00         0.0000000000000000e+00         0.0000000000000000e+00        -5.5995583428422500e-02        -5.5441233336556836e-03
71                                     0.0000000000000000e+00         0.0000000000000000e+00         0.0000000000000000e+00         0.0000000000000000e+00         0.0000000000000000e+00         0.0000000000000000e+00        -8.9460013925293444e-02         8.1821079543068609e-02
72                                     0.0000000000000000e+00         0.0000000000000000e+00         0.0000000000000000e+00         0.0000000000000000e+00         0.0000000000000000e+00         0.0000000000000000e+00         2.2664274555712995e-03         2.0853241400606754e-02
73                                     0.0000000000000000e+00         0.0000000000000000e+00         0.0000000000000000e+00         0.0000000000000000e+00         0.0000000000000000e+00         0.0000000000000000e+00         5.0843974765653693e-02         2.5721251409359554e-02
74                                     0.0000000000000000e+00         0.0000000000000000e+00         0.0000000000000000e+00         0.0000000000000000e+00         0.0000000000000000e+00         0.0000000000000000e+00        -1.0589863373618777e-01         7.8932998345619787e-02
75                                     0.0000000000000000e+00         0.0000000000000000e+00         0.0000000000000000e+00         0.0000000000000000e+00         0.0000000000000000e+00         0.0000000000000000e+00        -1.0529619018697743e-02        -5.0419512279365284e-03
76                                     0.0000000000000000e+00         0.0000000000000000e+00         0.0000000000000000e+00         0.0000000000000000e+00         0.0000000000000000e+00         0.0000000000000000e+00         1.6953009344704166e-02         1.0834610762760166e-02
77                                     0.0000000000000000e+00         0.0000000000000000e+00         0.0000000000000000e+00         0.0000000000000000e+00         0.0000000000000000e+00         0.0000000000000000e+00         1.3061231372956325e-01         7.5059716443115668e-02
78                                     0.0000000000000000e+00         0.0000000000000000e+00         0.0000000000000000e+00         0.0000000000000000e+00         0.0000000000000000e+00         0.0000000000000000e+00        -9.9538041729008223e-03        -2.2608037363238743e-03
79                                     0.0000000000000000e+00         0.0000000000000000e+00         0.0000000000000000e+00         0.0000000000000000e+00         0.0000000000000000e+00         0.0000000000000000e+00         1.1570155085795552e-02         6.0017507582840217e-03
80                                     0.0000000000000000e+00         0.0000000000000000e+00         0.0000000000000000e+00         0.0000000000000000e+00         0.0000000000000000e+00         0.0000000000000000e+00         1.4539424588543851e-01         3.3637419825845380e-02
81                                     0.0000000000000000e+00         0.0000000000000000e+00         0.0000000000000000e+00         0.0000000000000000e+00         0.0000000000000000e+00         0.0000000000000000e+00        -2.2743081726630649e-03        -1.0391414480664891e-02
82                                     0.0000000000000000e+00         0.0000000000000000e+00         0.0000000000000000e+00         0.0000000000000000e+00         0.0000000000000000e+00         0.0000000000000000e+00        -1.1932197892368025e-02        -5.3073037273401718e-03
83                                     0.0000000000000000e+00         0.0000000000000000e+00         0.0000000000000000e+00         0.0000000000000000e+00         0.0000000000000000e+00         0.0000000000000000e+00         6.5714112777531156e-02        -1.5209712533871874e-02
84                                     0.0000000000000000e+00         0.0000000000000000e+00         0.0000000000000000e+00         0.0000000000000000e+00         0.0000000000000000e+00         0.0000000000000000e+00        -4.4577512413335135e-05        -8.7104561437964644e-03
85                                     0.0000000000000000e+00         0.0000000000000000e+00         0.0000000000000000e+00         0.0000000000000000e+00         0.0000000000000000e+00         0.0000000000000000e+00        -1.1295747582682886e-02        -7.0456136012306088e-03
86                                     0.0000000000000000e+00         0.0000000000000000e+00         0.0000000000000000e+00         0.0000000000000000e+00         0.0000000000000000e+00         0.0000000000000000e+00         4.6487010437658079e-02         1.7025253214038947e-02
87                                     0.0000000000000000e+00         0.0000000000000000e+00         0.0000000000000000e+00         0.0000000000000000e+00         0.0000000000000000e+00         0.0000000000000000e+00        -1.8521907389438905e-03        -7.6835515124281098e-03
88                                     0.0000000000000000e+00         0.0000000000000000e+00         0.0000000000000000e+00         0.0000000000000000e+00         0.0000000000000000e+00         0.0000000000000000e+00        -5.4137322342109606e-03        -1.3544681468603298e-02
89                                     0.0000000000000000e+00         0.0000000000000000e+00         0.0000000000000000e+00         0.0000000000000000e+00         0.0000000000000000e+00         0.0000000000000000e+00         1.3741116787195681e-02         7.1385649967833739e-02
90                                     0.0000000000000000e+00         0.0000000000000000e+00         0.0000000000000000e+00         0.0000000000000000e+00         0.0000000000000000e+00         0.0000000000000000e+00         1.0756366307461501e-02         6.0057047362661084e-04
91                                     0.0000000000000000e+00         0.0000000000000000e+00         0.0000000000000000e+00         0.0000000000000000e+00         0.0000000000000000e+00         0.0000000000000000e+00        -1.8479163452438965e-02        -1.2659593367238448e-02
92                                     0.0000000000000000e+00         0.0000000000000000e+00         0.0000000000000000e+00         0.0000000000000000e+00         0.0000000000000000e+00         0.0000000000000000e+00        -3.9303641776335267e-02        -8.8068595755572757e-02
93                                     0.0000000000000000e+00         0.0000000000000000e+00         0.0000000000000000e+00         0.0000000000000000e+00         0.0000000000000000e+00         0.0000000000000000e+00         1.6404494368808784e-02        -5.9583408367967989e-04
94                                     0.0000000000000000e+00         0.0000000000000000e+00         0.0000000000000000e+00         0.0000000000000000e+00         0.0000000000000000e+00         0.0000000000000000e+00        -2.0326205727914829e-02        -1.2913484603129365e-02
95                                     0.0000000000000000e+00         0.0000000000000000e+00         0.0000000000000000e+00         0.0000000000000000e+00         0.0000000000000000e+00         0.0000000000000000e+00        -1.1575226244185587e-01        -9.5944403384078739e-02
96                                     0.0000000000000000e+00         0.0000000000000000e+00         0.0000000000000000e+00         0.0000000000000000e+00         0.0000000000000000e+00         0.0000000000000000e+00         1.7421159029914205e-02        -2.6621297776150761e-03
97                                     0.0000000000000000e+00         0.0000000000000000e+00         0.0000000000000000e+00         0.0000000000000000e+00         0.0000000000000000e+00         0.0000000000000000e+00        -1.5687978533178045e-02        -5.3014776181506146e-03
98                                     0.0000000000000000e+00         0.0000000000000000e+00         0.0000000000000000e+00         0.0000000000000000e+00         0.0000000000000000e+00         0.0000000000000000e+00        -1.4183365374301760e-01        -3.6049712844451992e-02
                                                         8                           9                          10                          11                          12                          13                          14                          15

0                                      1.5285946045897754e-04         9.5800914123456669e-04         7.6318197143202318e-04        -2.5402093509540122e-03        -2.3593893172675042e-02         1.9696004774928167e-03        -1.8410198288097684e-02        -2.9805265589996383e-02
1                                     -8.0706947597664586e-02         8.6943001558298563e-03         1.2933673246263641e-02        -1.7895292162008743e-03        -6.1465789061906577e-02        -5.2033437825225728e-03         2.1530765077812455e-02        -8.2079875505792575e-03
2                                     -4.6571757449114695e-02        -6.9768029293734948e-02        -5.8415499841903071e-02         6.5356377309026450e-02        -5.2307071869556829e-03        -9.0999056512678034e-02        -1.4365709664612559e-02         2.0129142748857593e-02
3                                      2.3922610333496742e-04        -1.7807921650210728e-03        -6.9525024028187937e-04        -9.1778630202642467e-04        -2.1726677784770620e-02        -1.5648326589094560e-03        -1.8884596927510613e-02        -2.6764756245288054e-02
4                                     -4.8669432128450860e-02         1.3071907587425834e-02         8.6963832745665590e-03        -2.0588531515620574e-03        -1.9784256059174669e-02         4.4842022200306210e-03         1.0983674127210741e-02         8.7372956868409619e-04
5                                     -1.3573299638241087e-02         6.5840398112991232e-03        -2.6424536455338463e-02         2.2585209914765272e-02         4.8871484173332487e-04         1.2380927423158310e-02         1.2954609676389751e-04        -1.8053975572734218e-02
6                                      2.0762312417458451e-02        -7.0666427909939489e-03        -6.5622618291075593e-03         3.7841555869271813e-03         5.6248845597761535e-03        -4.9699897009812350e-03        -2.4887233982985427e-02        -1.9002513447908077e-02
7                                     -3.7996371139099538e-02         1.0820756462030566e-02         6.1998301745016917e-03        -4.6961384980676469e-03        -4.9626848431927649e-03         7.6910184189731400e-03         8.3111156317248278e-03         1.5284906124136854e-02
8                                     -9.1422407694386112e-03         9.4153467935457584e-03        -2.2874543965593283e-02        -8.8133207631322080e-03         6.2989759451526281e-03         4.4247591404805171e-02         5.1175697373495232e-03         4.9772710578698295e-02
9                                      2.1206512671683449e-02        -7.7232685958148351e-03        -8.0258430494818487e-03         4.7590066768133533e-03         6.6159681284265314e-03        -5.0138308668116593e-03        -2.4026312954048865e-02        -1.7707152957402272e-02
10                                    -1.1599001501170752e-02         6.0994087635925119e-03         4.6206540194790634e-03        -5.0020162284321089e-03         2.5295464483402020e-02         6.5102810455464786e-03         1.3967972012578333e-03         2.3290426730893047e-02
11                                     9.1084517823116894e-03         1.8903423672941164e-02         1.2018271422298256e-02        -4.1184003882300708e-02         5.5860932703542228e-03         5.3948190591198902e-02         6.6832855271651004e-03         4.4246120364138566e-02
12                                     4.0740248479108350e-02        -1.1826827664125180e-02        -1.1973441075317975e-02         8.6780843979050813e-03         2.3952001850113709e-02        -5.8247960166748890e-03        -2.4208722004440419e-02        -1.0651419423238438e-02
13                                    -1.4936845372130591e-03         2.7866851981166170e-03         2.8782355999998452e-03        -5.9187985158728499e-03         3.5767674650893234e-02         7.5374954008914936e-03         5.0557332669834919e-04         1.5862633014056944e-02
14                                     1.0432929464230972e-02         1.1650468174675800e-02         1.4968163990443614e-02        -6.0357762486741483e-02         8.3273847333995114e-03         6.3896542312889951e-02         7.2537392004222885e-03        -3.1272658922061970e-02
15                                     4.1749538602692211e-02        -1.1830846649944783e-02        -1.2577300942735927e-02         8.3603748398589639e-03         2.4048090954522990e-02        -3.2009511771530627e-03        -2.2515796989733945e-02        -9.1588696621231654e-03
16                                     2.1794910774677156e-02        -3.5085234306070378e-03        -7.4952204640247114e-04        -1.2334737324014328e-03         5.5688835893000457e-02        -2.6679314160421353e-03        -4.8568415631538731e-03         1.1507598004874674e-02
17                                     1.5326536498294824e-02         5.0370934226836401e-03         2.5766836603271899e-02        -5.4976009066029320e-02        -2.0816275305404384e-03         1.5068427561249847e-03         1.7122204641294801e-04        -6.9691230051237021e-02
18                                     2.4362652387372456e-02        -7.4794130186406505e-03        -7.4495846550820073e-03         6.1470341394721396e-03         1.0157122082438259e-02        -1.3821594530850955e-04        -1.6570083358401273e-02        -5.5634495845967918e-03
19                                     3.5592992674969536e-02        -6.3582492039831627e-03        -3.8232869817876334e-03         2.8785204592618103e-03         6.4420819800794171e-02        -1.2208577496746427e-02        -8.9703406339830122e-03         1.8871526544494963e-02
20                                     1.9064262987240985e-02         8.4628351641468421e-03         3.0667110785483079e-02        -3.5779676622048846e-02        -1.4206374108893950e-02        -6.3724018895219059e-02        -5.2220589317943187e-03         1.3568797880501608e-02
21                                     2.5711817960924283e-02        -6.8874203503416645e-03        -6.4502917628415117e-03         4.7642432443751109e-03         1.0036359750792442e-02         1.4813325403554266e-03        -1.1702747914245692e-02         4.2291667265329495e-04
22                                     4.4505581156301890e-02        -9.7190210419172262e-03        -7.0400922567516152e-03         5.9514240408482539e-03         4.8004457504769733e-02        -1.1260376653991386e-02        -7.1186026875111655e-04        -4.0181650417614656e-03
23                                     3.8314076852828684e-03        -7.1174411212470519e-03         6.3444284498354693e-03        -6.8579633850317252e-03        -1.8336937245398567e-02        -8.2575696266422985e-02        -2.1643157204781259e-03        -5.8856236512729631e-03
24                                     3.5200490602373159e-02        -4.1053687531796132e-03         4.9248361394512181e-03         5.2253414729342695e-03         3.4107023782015959e-02        -9.9430691651553084e-03        -2.4839962933105676e-02         1.7700710066978247e-02
25                                     4.1397143262492685e-02        -5.6532615176195424e-03         1.2604010217241765e-02         2.0720102171180969e-02         1.9819403911410433e-02        -6.4264788242509741e-03         1.1426670789315072e-02        -1.9082352053503698e-02
26                                    -1.3330149815295567e-02        -2.7336546461027122e-02        -8.4642714134767622e-02        -5.0446863282517129e-02        -5.2824064858490978e-03        -6.4620239338362348e-02         5.4644165728497389e-04        -1.0596032091511016e-02
27                                     3.2521641052679170e-02        -4.2668298313778795e-03         3.1833586326190494e-03         3.6106639351580817e-03         2.1065263997166975e-02        -1.0590458309963365e-02        -1.5558304436882407e-02         1.2929959949183724e-02
28                                     3.1184645920481490e-02        -3.5665445627316352e-03         1.1498000513204439e-02         1.2891412365514065e-02        -2.4232480021976123e-02        -1.1343880067545612e-02         3.3841832526755947e-02        -3.3958425579884627e-02
29                                    -2.1801706068572738e-02        -3.8433130023514096e-02        -9.8289408424799163e-02        -3.3722050976606778e-03         2.7322723095622711e-02         1.2829823664828210e-02         5.6376446179669431e-03        -1.0980521030263339e-02
30                                     1.9212865566945066e-02        -5.3778414804887403e-03        -5.6968047037018778e-03         2.8898907803784216e-03        -1.2359627300221828e-02         2.6389034698418730e-03         1.1969588907752723e-02         8.5249636202346414e-03
31                                     2.7766961904201620e-02        -6.4744438377807171e-03        -8.3136766248293782e-03        -6.0411245954405278e-03        -2.9759531288214385e-02        -1.7744244881037662e-02         3.5690529576979366e-02        -3.5140780798347614e-02
32                                    -1.4651729860005965e-02        -2.7077227487043446e-02        -2.3353523990883539e-02         7.0953998909083479e-02         3.3019415444147673e-02         4.5790736200192264e-02         7.9773317691116796e-03        -6.5452304919285404e-03
33                                     6.4705325685372149e-03        -2.6535450923515238e-03        -3.5635770508412518e-03         2.1306812372605495e-03        -2.3145152909686637e-02         8.1038612276850257e-03         2.3054296912231462e-02         2.5290107374415553e-02
34                                     2.9624763944098415e-03        -1.8964441409316751e-03        -3.7414995343723421e-03        -6.0434592774038015e-03        -5.2803774398245670e-02        -1.2827038164107015e-02         4.6041712634685865e-02        -1.7003365447669009e-02
35                                    -8.9257956424486726e-03        -2.0897308810362569e-02        -2.2796418636159152e-02         6.2752806974608680e-02         3.9349017982678654e-02         8.8427622558432076e-02         1.0940622035049790e-02         7.5378535269655803e-03
36                                    -2.8421917166642358e-02         9.1447743935639085e-03         8.3378240126825362e-03        -4.7963756490929255e-03        -1.1581140371337685e-02         1.2645280880315805e-02         2.7900866157947943e-02         5.6258348933132266e-02
37                                    -6.7892281080108438e-03        -2.2384472338496755e-03        -3.4909850726160927e-03         8.7022592560630696e-04        -4.5656969366758324e-02        -5.7299568947884946e-03         4.7075974512666041e-02        -1.0794878777998144e-02
38                                    -4.4735415965971382e-03        -6.6877070739266714e-03        -1.1554899839637344e-02         2.4346751577219324e-02         1.8921394712016870e-02         6.3475622917332108e-02         1.2480979438973222e-02         1.2101220855195879e-02
39                                    -5.5358440142869732e-02         2.0594563015134574e-02         2.1623315192017198e-02        -1.2191415337154307e-02         2.3450579768678339e-02        -1.6113512829697479e-03         5.0889541252826562e-02         3.8765247646576545e-02
40                                     2.3106961289278336e-02        -1.1956190992298232e-02        -7.7782846281322492e-03         1.8611296527347082e-02        -7.2421768841320094e-02         2.0783619320293802e-02         2.5030232448513354e-02         9.3074270607387665e-03
41                                    -1.9437960250779270e-02        -9.7958919272249888e-03        -3.7319524373495241e-02        -1.0140295493907400e-02        -5.9914132055974238e-03         2.4985951656154130e-02         9.5526574509612883e-03         8.7700967655902941e-03
42                                    -7.6928867724452302e-02         3.0528816481797182e-02         3.3626736215304799e-02        -1.9433353979153457e-02         8.0201647891614727e-02        -3.7050476754473684e-02         1.2968871175923763e-01        -2.7441337188411994e-02
43                                     4.7670424826040315e-02        -1.9730373829057280e-02        -9.3359503824411126e-03         3.5792581861271454e-02        -1.1763744759965497e-01         6.3343450849103436e-02        -4.3728100811703724e-02         7.0165011925376899e-02
44                                    -3.5025864443910135e-02        -1.4329313215009225e-02        -6.8694489076348300e-02        -4.4817040957443648e-02        -2.9865717589364946e-02        -7.0286065939071064e-03        -1.1865958966462617e-03         1.1290683017551801e-02
45                                    -4.3097920268703981e-02         1.3054480302758614e-02         1.2087120013698896e-02        -6.6534596183377009e-03         1.4222041486433472e-03         1.3113321257637374e-02         1.0135049351251849e-02         5.7441066870940576e-02
46                                    -5.4591298748038711e-02         9.7413573427303276e-03         7.9035489087593835e-03        -3.6417519995492523e-03        -7.5028954103507871e-03        -1.8686077490510514e-03        -1.6227804974477525e-02        -1.4754639654283358e-02
47                                     1.5991948400764049e-02         1.6032545985789390e-02         1.6677648343502986e-02        -2.0462367029640698e-02        -3.4268229278778899e-03         1.0017991815151809e-02        -3.6196624219098131e-03         4.4988108368283659e-03
48                                    -5.7241315348830313e-02         1.6883442327015500e-02         1.5866058547682450e-02        -8.3584013797590902e-03         1.4927375130641437e-02         1.5963288513560315e-02        -3.8565869601709483e-02         5.0910793413558753e-02
49                                    -1.0016300547841503e-01         2.2223587897508133e-02         2.0213786111223726e-02        -9.4934222065116928e-03         3.6064195389447544e-02         6.5900519555452466e-03        -1.7443452034436743e-01        -3.8074832023089422e-02
50                                     3.4751837571862107e-02         3.8611883686298365e-02         4.6056367094120802e-02        -6.7230589005267238e-02        -3.2331704939926070e-02        -6.4276157496080344e-02        -4.4611937611859206e-02        -1.3901862467248473e-02
51                                     1.2569203933446271e-02        -7.8013676014826137e-03        -1.5325130318817392e-02         3.4810533357681186e-03        -2.5068769519598400e-02         1.3636341060475345e-02         2.0310646307202512e-02        -7.3828921648250541e-03
52                                     3.9394918093566780e-02        -1.2293985010350830e-02        -2.9954633200506713e-02        -1.9573003360787666e-02         2.1178691650994896e-02        -1.6026350812244093e-02         1.1623151467498082e-02        -1.8476509518756925e-02
53                                     1.7872689279905161e-03        -3.4030917086456886e-03         7.7066911046405229e-02         1.0340804819778575e-01        -3.4829032213474012e-03        -3.3220807257724173e-02         3.5712933559487181e-03        -8.2949418318405965e-03
54                                     5.2134110124814588e-03        -4.2980248936916711e-03        -5.3613625801981679e-03         2.5047608450034326e-03        -6.1069386446597103e-03        -7.1754696013071203e-04        -1.8287112005785432e-02        -1.5680714375793697e-02
55                                     2.8016746790813320e-02        -1.9945490184840493e-03        -3.9956287655486380e-04         7.9869175789214133e-04         5.9375685385501656e-02        -1.0575778013426268e-02        -8.7359715501489337e-03         3.1960751461973400e-02
56                                     2.9042282983732546e-02         2.5361345142079560e-02         4.2607218098667562e-02        -4.0507453628993717e-02        -9.0541079824496308e-03        -5.1727385074570961e-02        -5.5160932604027694e-03         9.7951553981227318e-02
57                                     2.1965491949237281e-03        -3.5727874719593080e-03        -4.0324417683083478e-03         2.0306632683084183e-03        -1.2218070590513401e-02        -2.3538215807436865e-03        -1.8691856389402090e-02        -1.9320667467097517e-02
58                                     4.2296235345714453e-03         4.3163800844383191e-03         4.2765328417013783e-03        -3.0886997775381462e-03         3.9350822672450686e-02         3.5879920367153334e-04        -3.2385713241042794e-03         2.7944845908109878e-02
59                                     2.3948433928636673e-02         3.0858358483021799e-02         3.7166178747289565e-02        -4.1704618335951155e-02        -1.7697680784977942e-04         1.7048527253229497e-02         1.8009600907718186e-03         6.9543950278044289e-02
60                                    -2.0051116899577608e-02         1.6802204665467141e-03         2.1710115614323247e-03        -2.5358132177601628e-03        -4.3015105683047727e-02        -9.2487461225814198e-04        -1.3102154611164941e-02        -2.8914466109865960e-02
61                                    -6.8387401953095206e-03         9.1987299158008823e-03         8.4299990957802089e-03        -2.3719802207501956e-03         2.4967967426380466e-02         5.4345588703073443e-03         3.7713776797932059e-04         1.0454716612175115e-02
62                                     2.5771543894599968e-02         4.4690556511211975e-02         4.2968078497472147e-02        -2.2955949148577102e-02        -1.7684189785206365e-04         4.4356199352667255e-02         4.0416857222435989e-03        -2.5782103540977673e-02
63                                    -2.0628524566695162e-02         2.3107708750642235e-03         3.6685703267433302e-03        -3.9706518965484704e-03        -4.5593540191922147e-02        -6.8565146590965451e-04        -1.2678272971830150e-02        -2.8083659146229657e-02
64                                    -3.3026292332161318e-02         1.3774853732727658e-02         1.0513318889737396e-02        -1.6441993873060649e-03        -4.6489210394297185e-03         8.2947442952264281e-03         7.5917418571402511e-03        -8.8416210944140209e-03
65                                     7.0278002894081917e-03         3.4415446300033695e-02         1.1491551456402353e-02         1.0639615477914827e-02        -3.0776769684106258e-04         4.7804297126434733e-02         3.9350423513876878e-03        -1.0912300029280574e-01
66                                     1.7364166265377061e-02        -1.7424378274788328e-02         1.9879193053334663e-03        -3.6119314354251240e-03         5.9299258853867994e-03         1.1828386827748012e-03        -2.7629686446966801e-02        -1.9584565894266999e-02
67                                    -8.4010913756920436e-02         7.3877811588583697e-02        -1.9016548583589237e-02         2.0990241736155293e-02        -7.6494808883028148e-02        -1.9477567688153476e-02         2.3762410315069798e-02        -8.6188511833974486e-03
68                                    -1.5586811822775814e-02         3.5598985172285541e-01        -2.9223856798212555e-01         2.3138363474262633e-01        -2.1732008834775312e-02        -1.9968749304929653e-01        -2.7444093723294507e-02         5.0187322679749478e-02
69                                     1.3412179978255580e-02         5.3585320181573026e-02         2.2296322631217946e-02        -3.0060378513963263e-02        -3.1809452491727348e-02         7.3059138180463890e-02        -4.6515224994303347e-03        -6.2301484579525550e-02
70                                    -1.2920201562228611e-01        -4.4235293003276338e-01         2.3769580089084305e-01        -1.5542764052617136e-01        -5.6859240814649055e-02         6.6162501753457337e-02         3.2489611298742303e-02        -2.3401167108818462e-02
71                                    -7.1867093025271861e-02        -2.8060316082004799e-01         2.9904961349735235e-02         9.3322202500625978e-03        -3.1918057065864747e-04        -8.5378230524001744e-02        -1.4508344817224770e-02         2.5348868076026501e-02
72                                    -3.0666969144552296e-02        -2.8956915981488977e-02        -2.1445761940517623e-02         2.5165772520258489e-02        -4.6943335190328034e-02        -6.5196245724196605e-02        -2.1819042914722652e-02        -9.6647719464926316e-03
73                                    -5.5078572565893873e-02         3.8091212124570689e-01        -1.7148559377304018e-01         1.2570832936830525e-01        -8.5529063647674680e-02        -6.9150900591262110e-02         1.7985094003944348e-02        -1.7598453691243171e-04
74                                    -8.4270390724819580e-02        -4.0559175037301082e-01         8.9227395950369409e-02        -3.0617350985520073e-02         3.6487288153259764e-03        -6.9812188838418526e-02        -1.3005226268595889e-02         2.3753963980638806e-02
75                                     5.4835537369368414e-02        -1.4785043947628491e-02        -1.4381341450491776e-02         1.1486792929105899e-02         3.6186644984159078e-02        -7.4020720045516611e-03        -2.4929053483163054e-02        -6.2660499157451812e-03
76                                    -1.2577760376919336e-02         4.2646837798616180e-03         3.1164452740326701e-03        -9.0435224644666162e-03         2.7921640782305496e-02         1.3656970341844189e-02         1.3979893893179551e-03         6.6429438648298459e-03
77                                     3.9093173437661959e-03         5.9856453187994031e-03         2.3104711554298371e-03        -6.9462652992792140e-02         1.6654205965465175e-02         1.0556781749225035e-01         1.1241386135925220e-02        -8.1351628092141165e-02
78                                     5.6350566794280514e-02        -1.5256683562856923e-02        -1.7771108142193338e-02         8.7288578184253323e-03         3.6510382755701808e-02        -2.6365889229410973e-03        -2.5754422969290248e-02        -1.0354011151962279e-02
79                                     2.8116010012922334e-02        -6.9756326431885465e-03        -3.9182951846821849e-03        -2.3257849422916787e-03         6.2034650906854359e-02        -2.0926267971195442e-03        -6.7899667287774695e-03        -4.4553197446280252e-03
80                                     1.3464644705654581e-02        -5.8402902100231783e-03         2.1345151748295755e-02        -6.2544633826822710e-02         6.6413620859154959e-04         2.9468020075995981e-03        -1.5665219827824546e-03        -1.5888628226788906e-01
81                                     4.4678525916990675e-02        -1.3577189117713444e-03         1.7090544400144299e-02         8.3326982012322005e-03         5.8996112452621527e-02        -2.0117305295432760e-02        -3.9892298138709210e-02         3.5317378992662900e-02
82                                     4.5397915947124987e-02        -3.4731593093393341e-03         3.0994866238411509e-02         3.9817537317478557e-02         2.9431128416129153e-02        -3.1944614731219127e-03         7.5188393273696690e-03        -1.3540559646258601e-02
83                                    -1.7967943258396107e-02        -3.2962337145989999e-02        -1.4144973622667878e-01        -1.1885174891253353e-01        -1.4351467742572300e-02        -8.7709246916782446e-02        -2.7931786441836453e-04        -1.2510404028942478e-02
84                                     3.8830231414334317e-02        -2.8468816533311425e-03         1.0032908830114481e-02         3.4639234696366987e-03         3.5457895327729562e-02        -2.0479497670588272e-02        -2.8885144681166992e-02         1.7002879840542166e-02
85                                     2.5968328082905594e-02        -2.1333309497740871e-04         2.6898656325182454e-02         2.5047764295517444e-02        -5.0274202761554872e-02        -9.9354268306901510e-03         5.1279574665806391e-02        -3.8905240783300807e-02
86                                    -3.1023888839342293e-02        -5.2759173580671087e-02        -1.6508747438199017e-01        -3.5438102094718198e-02         4.4024346024902378e-02         4.5633954032052740e-02         8.5406293380980002e-03        -1.2468663872899561e-02
87                                     2.1262351946298930e-02        -7.4449319372633972e-03        -7.4193268042331822e-03         4.9969206233555800e-03        -2.1111947012315682e-02         4.2011134364649259e-04         1.8585578961122673e-02         7.8353587199403631e-03
88                                    -1.7876376239651725e-02         5.3756428300400652e-03         5.2795736290124221e-03        -1.0967654148480751e-02        -6.0985874506950317e-02        -1.4283187825883876e-02         5.2078398727268611e-02         3.4987089984760467e-03
89                                    -5.3710928237991028e-03        -2.3507550863200905e-02        -3.4219322892949385e-02         6.5915915005098552e-02         5.6252918309318195e-02         1.2256619923782261e-01         1.1025086323360028e-02         1.5790379015513559e-02
90                                    -8.6135610615248933e-03        -2.3987127297652733e-03        -5.4770970900758697e-03        -1.4894521666626518e-03        -1.6602448035110965e-02        -4.7985218345709393e-04        -1.8469006769685780e-02        -2.1064534064058314e-02
91                                     3.8914448037690230e-02        -2.7133228994623282e-03         4.0838633326526191e-04         4.8259317629459845e-03         6.6984966321798858e-02        -1.5934388371192584e-02        -9.3110333032816461e-03         4.2465588060074992e-02
92                                     3.6686829226585116e-02         3.0623487034079199e-02         5.0011671393931541e-02        -3.1116788464682816e-02        -1.0898992174936287e-02        -8.8156493488638632e-02        -1.0163469268324335e-02         1.4417301944564287e-01
93                                    -3.6560112035769816e-02         5.1166598033012588e-03         5.9625339154401559e-03        -5.2656828126417792e-03        -6.5040768630231172e-02         6.9309261177041240e-04        -8.6334786476640838e-03        -3.6326060617118620e-02
94                                     5.8780434805448378e-03         9.2563921887347158e-03         8.6484566116788401e-03        -1.0169213161258851e-03         3.9419186235936821e-02         4.8793007581249739e-03        -2.5841528616374300e-03         1.1710935453812093e-02
95                                     3.9891078700413689e-02         6.4542805427002525e-02         6.6196412732838161e-02        -2.6959921725488351e-02        -2.8268247658644876e-03         4.8742525203248011e-02         4.1735946850471771e-03        -5.7558457586384344e-02
96                                    -3.6439919378846553e-02         5.9530535210203257e-03         8.0287678936435871e-03        -7.3238766787322935e-03        -6.4231249745013388e-02         5.1569387861442244e-04        -7.7327748972677024e-03        -2.7878130904396729e-02
97                                    -4.1787665125309577e-02         1.7442027120693884e-02         1.2717660140729989e-02         9.0884595853874195e-05        -1.5147887135766407e-02         1.0121055534751521e-02         1.0298750717689783e-02        -2.5284731468596649e-02
98                                     6.1962152680138114e-03         4.5073580908704447e-02         1.0434103466139813e-02         3.3057259994373610e-02        -2.7010634538300431e-03         5.5200335322883327e-02         3.9306048122454505e-03        -2.1381579531887901e-01
                                                        16                          17                          18                          19                          20                          21                          22                          23

0                                     -3.3836935144652872e-02        -3.9500398892493441e-03        -4.8169649073835405e-02        -1.2178129132403145e-02        -3.4232061366343394e-02        -6.3496048864901820e-05        -1.8903091797539812e-02         8.0882524555579132e-03
1                                     -2.9592163465099342e-02         2.9680188626114649e-02         1.0160189403347493e-01        -2.5568273969609773e-02        -7.6671326617552910e-02         6.3662409217642560e-02         5.7256976356496826e-02        -1.4103238304764074e-02
2                                      2.0417046077746475e-03         5.5612402933686772e-02        -1.9543175506772047e-02        -4.2868878305270024e-02         3.2111604107735774e-02         1.9404153252278834e-02        -2.4653061331754808e-02        -5.7012971692729465e-03
3                                     -3.1080683366807693e-02        -1.6662463719085260e-03        -4.8895121558263359e-02        -1.3032580079228806e-02        -2.4013379958498816e-02        -1.4241941590576279e-03        -2.2215359166616638e-02         5.6540190236126229e-03
4                                      1.8491477942763996e-03        -1.6068300796748690e-03         4.6441349439062807e-03         1.1658214989668965e-02         1.8681480921200290e-02        -3.9580038354831072e-02        -2.7233283137483532e-02         1.7499311777118155e-02
5                                      5.3362917721411591e-03        -3.4186762022725192e-02         2.5457242303579407e-03         5.2672767111194695e-02        -3.5715675932265011e-02        -6.4573337769149433e-02         5.4258575243682085e-02         4.6309826540256484e-02
6                                     -1.1062242430415000e-02        -7.4657206566749188e-03        -6.9385718736142368e-02        -5.0349391732820324e-03         4.5052360069427720e-03        -3.3911600149241533e-03        -7.7826601378105749e-03         1.1958621734092833e-03
7                                      2.9965035568733488e-03        -1.4953214968106017e-02        -1.0846865220609063e-02         1.8726435966931944e-02         3.5162523717145684e-02        -3.7521900830911684e-02        -2.7935857034399016e-02         7.4274170800943872e-04
8                                     -5.5111078674837527e-02        -9.7125080084586868e-02         3.5584115321102565e-03         6.8937757606502406e-02        -4.2293223157372814e-02        -3.1923913669990638e-02         1.4950774390557201e-02        -4.6602827855055248e-02
9                                     -1.0023013140787566e-02        -7.7912100272941997e-03        -5.7856167068307873e-02        -3.4622568363631549e-03        -6.2688559808200405e-04         3.8309217527890175e-03         6.8231369230197627e-03        -4.0848325294137238e-03
10                                     1.9894229259504230e-02        -1.7382700760146665e-02        -2.9501288749251620e-02         1.5308037871783645e-02         5.0149435356562709e-02        -1.1184446663854184e-02        -3.1569212576724619e-04        -6.0981825203919385e-03
11                                    -4.9039216162248191e-02        -5.7270051787944525e-02         1.7932870894826819e-03         1.0511547734992927e-02        -8.3549607737144690e-03         2.2614303456502508e-02        -1.8232781562096442e-02        -6.6711735780606018e-03
12                                    -9.2124660531244917e-03        -7.5284221914089155e-03        -2.0083053815514815e-02        -8.0865339020363483e-03        -3.0032134320099921e-02         3.2241167011348465e-02         3.6874948171808752e-02        -6.4848989896964526e-03
13                                     3.1837500516183462e-02        -8.5981740816881685e-03        -1.6916524981209456e-02         6.1668755450642208e-03         4.2937958959914042e-02         8.8225795055529056e-03         1.4327984836604763e-02        -1.2901947183998758e-03
14                                     1.7022462667866362e-02         6.7859857604770724e-03         2.8779392332968609e-03        -3.8589132830237106e-02         2.0285388461372358e-02         5.8338776080232857e-02        -3.2705400273300080e-02         3.8400844150941867e-02
15                                    -1.1423798908530815e-02        -8.4206713844577671e-03        -8.1075417715657100e-03        -9.3644673786397008e-03        -3.4535230579127184e-02         3.6512841414330546e-02         3.5844197720461116e-02        -3.4962775506031862e-03
16                                     3.8388526039214811e-02         2.9237244834904061e-03         9.9029062455988732e-04        -3.4419645699932801e-03         4.0721190153196940e-04         3.1263847477246615e-02         4.4169054900224734e-02        -6.4622479519602051e-03
17                                     6.0042973508699721e-02         8.7952806704795924e-02        -1.5256082348416582e-03        -4.1948443402779541e-02         1.8456288213649658e-02        -2.4992578369780007e-02         1.8936818863348852e-02        -1.2299462357062927e-02
18                                    -4.5269820107791455e-03        -6.2312730321829090e-03         5.9522680798835192e-03        -1.5281730642471626e-03        -4.1720307526559334e-03         2.0292890018718351e-02         2.9099091497984900e-02        -6.3205283066351823e-03
19                                     2.6356734938836321e-02         5.8319397677239278e-05        -7.6835109110897108e-04        -3.2304181866691208e-03        -2.5479230707887466e-02         2.9822495779107418e-02         4.1499472711481487e-02        -5.2799624488398210e-04
20                                    -6.5980861110309782e-04         6.4679318145884054e-02        -2.7697102874220604e-03         6.6700634853738179e-03        -5.3483462636747733e-03        -8.2114014224798915e-02         4.8480404003702772e-02         4.6621836356207369e-03
21                                     1.2562210211573461e-04        -1.0910419858733823e-03         3.1787797453954783e-02        -8.6946860610227707e-04         6.9402212441941370e-03         8.6519649960948696e-03         2.3281726172625986e-02        -1.7576068431873169e-03
22                                    -4.8496540357238303e-03         6.1928937554349868e-03         2.4546048126521624e-02        -1.3333388721804054e-02        -6.1336237202440469e-02        -2.0136406315399238e-03        -3.3063611408837693e-02         1.3573311638248507e-02
23                                     1.8459697817642496e-02         1.4037299550891358e-02        -3.7001778114469785e-04         7.9886812829645756e-02        -1.4940699131053574e-02        -3.4433703968578047e-02         1.0480970669622459e-02        -6.7682242381460242e-02
24                                     1.8247169561199345e-02         1.0525186792484440e-02         4.7194195661093175e-02         3.6811736831355124e-03        -2.0821472955326225e-02        -2.5431075925468568e-03         2.4456369208326317e-02        -6.0966848126079391e-03
25                                    -2.8224448739216708e-02         9.0413652209519295e-03         1.9645657900284722e-02        -1.7508459844955391e-02        -3.8690311330555567e-02        -2.3902088815870689e-02        -3.8657803693817418e-02         1.2036895806109803e-02
26                                     2.9851030742265153e-02        -2.7748942224144462e-02         1.7050160983925083e-04         8.2041198765740231e-02        -4.0717203548652960e-03         4.5496686934004195e-02        -1.2592813448302259e-02        -4.5551741902965799e-02
27                                     1.3698213977358428e-02         8.4933574983858777e-03         5.5928823932281616e-02         1.4163037623419928e-02         9.5578796411778120e-04        -4.2515879510477131e-03         1.7073535961431827e-02        -1.1938975694335758e-02
28                                    -4.5903261046451878e-02         4.7344566886600575e-03         1.8521967296123182e-02         1.3146437577627625e-02         2.3015124758570860e-02        -2.0593297498029833e-02        -3.5101063812018538e-02        -9.8609235118380378e-03
29                                     1.5076807625553376e-02        -5.3432068725050803e-02         1.7857514934160271e-02        -4.2703053524265087e-02         3.1226638815153398e-03         2.9808297707900677e-02        -2.0075406843158922e-02         6.7377470370508064e-02
30                                     6.0696580556364108e-03         6.0056767136107501e-04         6.1958463654838328e-02         1.7007823649291626e-02         5.0298948607650558e-02        -7.7150027285863140e-03        -1.4448087365422646e-03        -1.6459749465701616e-03
31                                    -4.0938960799923534e-02        -9.2538756408689238e-04         1.5822952287635500e-02         2.4095180075833732e-02         3.0191518654920917e-02        -2.6699854786142872e-03        -2.6199826930352929e-02        -8.9136028348196540e-03
32                                    -6.2285103505663117e-03        -3.5021085425800492e-02         2.0943600341888826e-02        -8.6959373854217328e-02         4.1846050899851219e-03        -2.7727259715426961e-02        -7.3654826860068455e-03         5.9389998089529626e-02
33                                     2.8225241117554749e-02        -9.5789739206863879e-05         4.1185862367482270e-02         1.1342503125137345e-02         3.6575676915660625e-02         1.4520550782308982e-03         9.6618473920096915e-03         5.9431260458047619e-03
34                                    -1.0658751682670761e-02        -1.6821276590120355e-02        -3.3966439208435041e-02         3.2874182446368046e-03         1.3784595314878646e-02         3.2298466351417469e-02         2.9994360901534727e-02         1.9773132219500857e-02
35                                    -3.9441047527408610e-02         5.1782041573806489e-02        -2.1567418612969654e-03        -4.8482095300887929e-02         6.1435228568194398e-05        -8.1485090922964104e-02         3.6115570928972399e-02        -9.0227166332651182e-02
36                                     6.5090339484646667e-02         9.3562059334719918e-03         2.1696908961521860e-03        -3.1157503832026636e-03        -2.8937280002837719e-02        -1.0209301976824667e-02        -2.4443298691693836e-02         1.1011876848164394e-03
37                                     4.0467709198198300e-04        -2.7265041157774936e-02        -4.2599286254650613e-02        -3.3253292119564924e-02        -3.0623494966726282e-03         6.6937619017202648e-03         4.5622533704120401e-02        -8.4551008137965077e-03
38                                    -4.8196225013081906e-02         1.0684346271003704e-01        -2.6395903104595879e-02         9.0651247980943817e-02         3.6329869481136015e-03         3.8217693189179489e-02         2.0370704130968998e-03         1.4130562614654675e-02
39                                     4.4923706023310965e-02         1.1003076515912919e-02        -1.4750810059732109e-02        -4.8712215210389414e-03        -4.2573988967812719e-02        -1.1699594601982364e-02        -3.5929878467059945e-02        -2.8850069748924271e-03
40                                     1.1529406167480615e-02        -9.3858133577427588e-03        -3.4445141361622210e-02        -2.4540436259350061e-02         5.5515975068549149e-03         2.4567266767977487e-03         6.9159835048033552e-02        -3.0169869972524955e-02
41                                    -1.4573085634370977e-02         4.7078856578100466e-02        -1.9284366054051687e-02         6.3527784981604066e-02         4.1287025511854989e-03         6.5173309171438654e-02        -6.2666298788084072e-03         9.1389968831099608e-02
42                                    -3.0048467702793815e-02         1.0871019040577514e-04        -3.1111890788528128e-02        -3.5689553209667679e-03        -6.8989267199959974e-04         1.3823159609241161e-02         3.7542417855313800e-02        -1.2222944468848890e-03
43                                     6.5707138834764395e-02         2.8987616348097347e-02        -2.6430406915776684e-02         1.2531606546731232e-02        -2.8963113510170821e-02         1.2253809797161249e-02        -3.4225056037749482e-03         1.1842928323923085e-02
44                                     3.6994803676643304e-02        -4.5364738659684517e-02         7.4804838464481618e-04        -6.2856935930110436e-02        -1.2184917633740433e-02        -4.2683335531364150e-02         1.5507873792588583e-02        -5.3354030477313658e-02
45                                     6.4961386301323296e-02         1.4208704872215048e-02         6.8052870201071904e-03         1.2860848492967122e-03        -3.7184791061039911e-02        -1.4069526174471346e-02        -4.6998158366866855e-02         6.0651985464690973e-03
46                                    -1.0961433454950429e-02        -1.3797869323139998e-02        -3.9695677287202219e-02        -2.2843857183671799e-02        -1.7473601519651338e-02         8.0115337378919658e-03         2.3751848404177905e-02         2.3229166041925839e-03
47                                    -1.8375919070448908e-02         4.7875724140821169e-02        -1.8282952949631160e-02         5.2660970948007695e-02        -3.1286137227525793e-03         2.0823138664698253e-02         8.0636120897841618e-04        -2.2484728626726739e-02
48                                     5.3094132201494476e-02         1.9780154998629264e-02         2.9542017580171363e-02         1.3571446774671179e-02        -2.0799353875679376e-02        -1.5847882357208503e-02        -5.1495875943257358e-02         4.2082810897616446e-03
49                                    -5.1235851492585617e-02         2.5969728844996327e-03         3.3369402161227073e-02         1.5854741156216438e-02         3.8683067558793152e-02         4.4647190573075049e-03         1.8047810819543611e-02        -4.8604166458128296e-03
50                                     3.0062759871007146e-02        -7.4338263218486494e-02         1.9249931733689701e-02        -4.7082141760858634e-02         4.9995231882861840e-03        -1.0175060517884579e-02         8.0925046390316856e-04         1.4203202448826609e-02
51                                    -1.5303028940169701e-02        -8.1130201168873213e-03         6.3980555839560430e-02         8.3799133477619903e-03         8.8528573833369761e-02        -5.8890669047502080e-03         1.3467798811173569e-02         3.5138894732533684e-03
52                                    -2.3122773076099744e-02         1.4783969754564717e-02         3.4275481513285480e-02         3.2165326200039642e-03        -4.1452451052398420e-02        -3.1358143026311770e-02        -6.9602767380019942e-02         3.1108194948510871e-03
53                                     1.4356459318326993e-02        -4.3874502091776291e-02         9.7148903950672431e-03         1.6001795076751927e-02        -2.2303881685659696e-03         2.4195243117761705e-02        -2.3616270447832408e-02         1.3678109354220119e-03
54                                    -5.8905166825837831e-03        -8.6650854796438224e-03        -3.5413890169245107e-02         5.1343280875565450e-03         1.3004716176339866e-02         2.1812058078520607e-03         1.2312252815767161e-02        -1.2974286598441669e-02
55                                     2.0034246462586894e-02        -5.2779770441581057e-03        -1.9197104847410475e-02        -4.7252018902954329e-03        -8.8388209341583107e-04         2.7520115567317625e-02         4.1610540414223698e-02         8.3583091585184774e-03
56                                    -6.7823276712400030e-02         4.3968260991084022e-02        -6.4878223638491113e-03        -4.3063883307264336e-02         1.6038391878443171e-02        -4.2025238358935763e-02         4.1952485688444542e-02         9.2559520877450369e-02
57                                    -1.3352988761983858e-02        -6.3273004209625523e-03        -4.4343652234071419e-02         1.4242152394100818e-03         6.9351330052501627e-03        -6.2010168301268485e-03         2.5980842550742092e-03        -4.7933546407732631e-03
58                                     2.1962542331151341e-02        -1.2536695283613569e-02        -3.8650051565634322e-02         5.4440081066007388e-03         4.6228015171233469e-02         3.0724082354585511e-03         8.4449858405997655e-03        -8.3637009980360461e-03
59                                    -6.0320489159636920e-02        -3.4694272112649398e-03        -3.8484864194895862e-03        -4.5734516180243295e-02         1.9510379097494372e-02         4.1654573207093100e-02        -2.5973034908954369e-02        -1.2581271743133669e-02
60                                    -3.7559249131050791e-02         1.6657808533179920e-03        -3.0808057335014974e-02        -8.7327459077979914e-03        -2.1153140045587489e-02        -1.7684664378002476e-02        -2.8151353540077511e-02         1.1633957466315093e-02
61                                     2.3923719403814485e-02        -7.2928765990923914e-03        -3.2254796740164703e-02         4.4369142706185199e-03         4.1886492138442720e-02        -1.1794727998287629e-03        -9.9983937052471467e-03        -1.4613869790977455e-02
62                                     8.7416488631560096e-03         8.7662521752193152e-03        -3.6406027750338961e-04        -3.5087423643496832e-02         1.6655429435003196e-02         7.0062519407032259e-02        -5.9058038877019138e-02        -9.7049768902031971e-02
63                                    -4.3031315594719684e-02         3.1214702119831735e-03        -2.7467011559922996e-02        -1.3720365779419359e-02        -2.8817999898629067e-02        -1.0062148247130484e-02        -3.0382408947321454e-02         7.4432420500571573e-03
64                                     1.7854829839675110e-02        -4.5836540118864510e-04        -1.0390921532510412e-02         1.0328935001840948e-02         2.7118852714623651e-02        -3.4839929188796435e-02        -2.7759787573908665e-02         1.9433193356994265e-02
65                                     7.2020843111505542e-02         2.1664377497207237e-03         6.3201031859359807e-03         3.3912240531948787e-02        -2.3609293179203416e-02        -3.7465974945736495e-02         3.6662623110040565e-02         5.9452115470556052e-02
66                                    -9.7677649302182756e-03        -2.0835908359518263e-02        -1.3454536834030889e-01         1.0160734948667947e-02         5.8266892469102889e-02        -9.1055206266913200e-02        -1.1547323097392924e-01         3.4753138382550577e-02
67                                    -4.0537647158048661e-02         4.7085508580509548e-02         1.3724189332900419e-01        -4.4928868266273292e-02        -1.1057391347476932e-01         1.1103171312154898e-01         9.1817803382953006e-02        -2.9884323479909335e-02
68                                    -1.4399741242766379e-03         1.3060215923964960e-01        -3.2099516355351188e-02        -1.1464785534325138e-01         7.8426667610392117e-02         7.9041740520170573e-02        -7.7511731122024044e-02        -3.7785134310627029e-02
69                                    -4.0601549164505389e-02        -6.3582371827782924e-02         4.1357510221275489e-03         5.5696154435232723e-02        -1.2759014482312986e-01        -3.8595161342472130e-02         9.2197676599306375e-02         4.3533624438544014e-02
70                                    -3.8582290448135388e-02        -4.0773899938082777e-03         1.3489337195708417e-01        -5.5193125878996215e-03        -1.2416169135342763e-01         8.2158508138329756e-02         1.0178689245084761e-01        -2.1093741068347410e-02
71                                     3.8646481787013966e-04         6.1894312799713858e-02        -2.3788274753575991e-02        -5.8070000547521594e-02         4.4770050752221152e-02         4.0861370281326692e-02        -4.4954428201454052e-02        -2.1334840840815897e-02
72                                    -5.2590387852994691e-02         7.0912959359337002e-02        -7.6309683720271713e-03        -1.0037791435056614e-01        -4.1920052649084626e-02         1.3141546194609252e-01        -2.4297264248197541e-02        -5.3220232983171349e-02
73                                    -3.9250440374854055e-02         7.5003007744934333e-02         1.3244797281180151e-01        -6.4808786361744503e-02        -9.7288499088275540e-02         1.1967956506575381e-01         8.2027950421291962e-02        -3.1479978260239017e-02
74                                     4.9406131466877212e-04         5.4289993507017763e-02        -2.5441347676175553e-02        -5.3844319867696729e-02         4.5804888656466265e-02         3.8241438341074192e-02        -4.8774939146746563e-02        -2.2143395719850918e-02
75                                    -9.6616495094770678e-03        -6.0530021974751144e-03         8.2031129803131920e-03        -1.3406254248741565e-02        -5.8793652415432371e-02         5.6708802883078981e-02         5.9727089465634813e-02        -6.7639398600024053e-03
76                                     3.6561951359342162e-02        -9.8191541386572472e-03        -3.7640085708344373e-02         7.8695696528801404e-03         6.5183487904061074e-02        -3.0721556519756484e-03        -5.0398583419399342e-03         2.8416906537110666e-03
77                                     5.3276316206721012e-02         6.7793550351873634e-03         9.7832945710423086e-03        -5.7305185265396269e-02         2.8290814849501016e-02         1.0830762250078611e-01        -5.5634897931167875e-02         7.1676725091066512e-02
78                                    -1.5727756813648717e-02        -1.0232269953841414e-02        -9.9404126846052310e-03        -1.6635982936963879e-02        -5.9057461157883698e-02         5.5213199840904427e-02         4.4282086948768361e-02        -2.1980167092606139e-04
79                                     4.9484980817135871e-02         1.2456792678137050e-02        -5.5495660513617240e-04        -1.1122715784532838e-02        -9.8053937667636672e-03         4.0659242773715340e-02         4.8313400557089756e-02        -1.0362574351832413e-02
80                                     1.3506133422769170e-01         1.4841432949522870e-01        -2.4798660835060188e-03        -6.6391424858988496e-02         2.4940872970333879e-02        -2.0886942446015109e-02         2.0655006902361987e-02        -4.4003286440570444e-02
81                                     3.4000217587219286e-02         2.0756928863310653e-02         5.4072328123566084e-02         3.0401768927531617e-03        -5.9889804382661276e-02        -1.2782335859982362e-02         2.0692653712713744e-02        -6.1078097655422438e-03
82                                    -2.5697646495602466e-02         1.0184056600247212e-02         2.4981885358628299e-02        -2.9565170024972911e-02        -5.0852739915435007e-02        -3.4703563607474452e-02        -3.8763979541249043e-02         1.9024606293312096e-02
83                                     3.8181356301509539e-02        -2.1179037186037666e-02        -9.4257293145404188e-03         1.2764709823979445e-01         4.1525833075991973e-04         7.5016191431494558e-02        -1.7048021299640510e-02        -7.2330350569966700e-02
84                                     2.0823223858745795e-02         1.3042983988402560e-02         4.9261731511588393e-02         1.7142313636623621e-02        -2.7996180852199161e-02        -7.7208735064988605e-04         2.7401502524696947e-02        -2.1140425917556507e-02
85                                    -5.4681200695089978e-02         9.2645859301917740e-04         2.5950144241572000e-02         2.2755824840338307e-02         6.0713889989107921e-02        -3.0865858614617932e-02        -4.6688627439671046e-02        -1.4225422550846271e-02
86                                     1.2697049117674601e-02        -5.9821968010411390e-02         2.4149563240962228e-02        -7.9139327935314474e-02         8.9904161337061011e-03         4.3461267162443029e-02        -2.9647391744142441e-02         1.1322768989354672e-01
87                                     9.8627493265662138e-03        -6.9720427544211639e-03         6.7530590980144578e-02         2.0198478443167928e-02         6.2597056207393226e-02         3.7019820599677629e-03        -1.9557507482653148e-03         1.8802449540800553e-02
88                                     1.6140362233479238e-02        -1.1899993813238635e-02        -6.8559384783637378e-02         1.5005472603202662e-02        -1.6542215467834648e-02         6.4803200892428775e-02         3.0075950289003152e-02         5.5200471500281970e-02
89                                    -4.6162193903336896e-02         6.4609434278819100e-02        -1.3076536765382423e-03        -1.1724293518051446e-01        -1.2941548887819952e-02        -1.8829613898193384e-01         7.5320590661129436e-02        -2.4453700126657360e-01
90                                    -2.8894219903381996e-03        -1.0700357112272837e-02        -6.0828030324781797e-02         1.3823544316596834e-02         3.5664986704820656e-02        -1.7635869253575576e-02        -5.1342354501535698e-03        -2.0741699068839381e-02
91                                     1.4893837037241514e-02        -3.0499036352269423e-03        -4.1908604417617204e-04        -1.1192693106583591e-02        -1.6675766098670126e-02         4.0043829274281691e-02         5.6662347836463352e-02         2.4188687166995664e-02
92                                    -9.4838683098972421e-02         5.0216229963567657e-02        -5.5466820085450430e-03        -4.8498527558773451e-02         1.5986457406086497e-02        -5.5365116083131459e-02         5.8706741552883225e-02         1.6942257155432128e-01
93                                    -5.3598815453396571e-02         6.7395564224044429e-03        -1.8672007173429636e-02        -1.4060126958582499e-02        -4.0239411393446903e-02        -3.0190468171739367e-02        -5.2212755469036427e-02         2.7089841584382553e-02
94                                     3.7616914135600130e-02        -6.6222980558958552e-03        -4.0584833678455480e-02         3.5247892295834186e-03         5.7541073128928318e-02         1.4775415827016072e-02        -1.2776286475370601e-03        -3.7816339457616158e-02
95                                     3.2744082774008712e-02         4.3291136668158654e-02        -1.8214847797284450e-03        -7.3637124760243700e-02         3.7785937297847745e-02         1.3546714972420124e-01        -1.2101132997468761e-01        -2.0526491042463721e-01
96                                    -5.2996440585973303e-02         6.4532076901232362e-03        -1.2577619262430688e-02        -1.4168488198702740e-02        -2.8280137739515293e-02        -2.2695563843696389e-02        -4.7099732591733182e-02         1.1341171175738499e-02
97                                     2.5489813017381097e-02         7.3157704368836396e-03        -1.7489870202886490e-03         1.1284233126654161e-02         2.7375133936082981e-02        -4.3455055376813823e-02        -3.5327481792461431e-02         2.6321475602441618e-02
98                                     1.5333393262600967e-01         3.9843256665233195e-02         9.8051259930729932e-03         4.0728666409993369e-02        -2.6579685357900857e-02        -4.7171255504673777e-02         4.6446550927410783e-02         8.9667298421678324e-02
                                                        24                          25                          26                          27                          28                          29                          30                          31

0                                     -1.1971234838980833e-02         3.2352176450896178e-02         4.9683775091602531e-02         2.1983663235055382e-02         2.0209501169982269e-02        -2.9579868900186490e-02         1.3063744234197427e-01        -3.2967316684393677e-02
1                                     -1.5506225337067400e-02         4.1078988803198491e-02         4.9927637710558215e-03        -2.2378355943783134e-02        -9.9578466212242728e-03         2.3819684687124362e-02        -1.1899715433422922e-02        -4.0226856303627184e-03
2                                     -3.4053896720502774e-03        -9.0643995322229279e-03         1.1475731453387107e-03         1.0710886632011485e-03        -2.3790705826453235e-03        -5.6958926225846437e-03         6.4073104911861467e-03        -5.9090957197193599e-04
3                                     -7.2434512531298493e-03         1.6883416102417861e-02         3.0957533233260205e-02         1.6802295875611002e-02         1.4444777447675585e-02        -2.2386463582992240e-02         7.2449540595906511e-02        -1.6012403136118167e-02
4                                      2.1400094182582641e-02        -5.8407212695643099e-02        -2.7786211122975711e-02         3.9374058505440755e-02         9.6644844138076644e-03        -3.8706540088671255e-02        -3.4681049103005089e-02        -4.6565024078608274e-03
5                                      4.5297757110269021e-03         2.9969266476093791e-02         3.2243549579070007e-03         2.9735545708255255e-02        -1.7227782027424181e-02         2.4263885667884012e-03        -1.6498818834773020e-02        -6.3630863969137488e-02
6                                     -1.2626366913713088e-02         3.1664746032290310e-02         1.7632549918503267e-02        -1.7694226964813511e-02        -1.0879595970698522e-02         2.5570169351151573e-02        -1.9466410650380381e-03        -1.6102712226107919e-02
7                                      2.7555230849935483e-02        -4.3695567418549700e-02        -2.7138999334868668e-02         1.3329730199914246e-02         1.3157815362016894e-02        -5.9057562217157793e-03        -5.1575065253798194e-02         3.5138022922264278e-03
8                                      7.2273060903728592e-02         3.1518804174753536e-02         3.7678224420399004e-03        -1.1156773983120375e-03         9.2018025849340476e-02         2.8134288809697285e-02         3.5012271669348184e-03         2.8476557751570368e-03
9                                     -1.0158823941020377e-02         3.7738957620905823e-02         1.0182948483886359e-02        -2.6038498144347413e-02        -1.0002866622180055e-02         3.8023108134819669e-02        -2.6225209026100118e-02        -1.2564500691122584e-02
10                                    -7.8389062540113585e-03         1.6979693538626505e-02         3.1035368013180181e-03        -4.0011863891671759e-02        -3.3405286961092753e-02         4.5744698322772989e-02        -1.7766603616026276e-03         6.8965873986735569e-03
11                                    -2.9560430145612233e-02        -1.9555455621290456e-02         1.0676455498478822e-03        -1.3773396709279132e-02        -1.0269784595401171e-01        -3.7942155035724942e-02         2.8823651527908480e-02         5.9717324140738284e-02
12                                    -3.9462457620379650e-03         1.8196829536552724e-02        -1.6030407001590100e-02         5.8342408074902518e-03        -2.3565598446590648e-04        -7.1200395776149089e-03        -5.6621525787785655e-02        -3.5829400478895428e-03
13                                    -2.0959731930610320e-02         1.2738586014686769e-02        -6.5019636786858045e-04        -3.1982143875544967e-02        -4.7914915048505148e-03         3.0670073024307010e-02        -2.6083345885110054e-04         1.5415840087884365e-02
14                                    -1.1164336448818207e-01        -5.7102473577956288e-02         2.3172066363852666e-03        -3.8522072128053850e-02         4.7380069657605266e-02         7.8723605595335967e-03         2.7783340557845249e-03         1.3283311063286861e-02
15                                    -6.3783315657429535e-03         2.8566811274111040e-03        -2.2413729315108905e-02         1.0976767169964104e-02         5.1155849059757079e-03        -1.6217077701079274e-02        -5.8894874644728562e-02        -3.8043130816292804e-04
16                                     3.6823403944668985e-03         1.7307929920435040e-02        -4.6257745487941829e-03         4.6387690750986074e-02         2.4094281203857641e-02        -7.5746413707943938e-02         5.3240882533553170e-03         4.4206691293937915e-02
17                                     8.6845573178720895e-02         5.0421639137230190e-02        -3.3925452417789205e-03         4.6070179202691602e-02        -2.5931014458267843e-02         3.4670823246372492e-03        -1.5236207861700095e-02        -4.1989621282574718e-02
18                                     4.3908046100130365e-03        -2.2770849073064359e-02        -3.6894329710081802e-02        -4.2361454654948946e-03        -4.7033880509068562e-03         2.2837346753835511e-03        -5.1397232749339147e-02         1.2605373101568911e-02
19                                    -2.8588128807426551e-03         1.5436037798716235e-02         5.1240994581743119e-03         4.6207482399050981e-02         2.7618131495591891e-02        -7.5833764930949399e-02         1.5691626482173180e-02         3.4962019992312035e-02
20                                     4.8957925802482295e-02         2.7178228996294383e-02        -2.2405012977108284e-03        -1.1639486251272054e-02        -1.2585560280043500e-02         6.7108792338138297e-03         2.0945879395562243e-02         6.5330350061162057e-02
21                                     1.5986245545987723e-02        -4.1058315093021963e-02        -3.6429979894105818e-02        -5.9897057527783940e-03        -9.3129291272878809e-03         1.7354099589759090e-02        -1.1932649007566630e-02        -8.3312024479307023e-03
22                                     1.3188834294402393e-02        -3.3066073380450839e-02         7.7453649410755103e-03         1.4510346343549104e-02        -6.2351326724212914e-03         1.3190273659650951e-02         1.1187759528439322e-02        -2.6893811084552827e-02
23                                    -1.7841647619610476e-02        -1.4891956394508354e-02         3.3191471759249172e-03        -7.8380655857487810e-02         7.8482363255959475e-03        -3.1590438433004332e-02         3.0760006606238403e-02         8.3719837000321554e-02
24                                     3.3434114863073711e-02        -9.1352454304205022e-02        -2.8300704564931934e-02        -2.1137552883206706e-02        -1.4414746119789813e-02         3.4016683610403532e-02         4.7072402262944325e-02        -2.3973580007287373e-02
25                                     8.8932627492396832e-03         9.2483631235292299e-04        -5.0471174997520378e-03        -4.7346235174221618e-03        -4.2346401854978927e-03         1.5704191962127516e-02        -1.5117896073328783e-02         1.6331511787773454e-02
26                                    -4.6103472541217466e-02        -1.7187938354351083e-02        -2.6887681450797844e-03        -7.3094302184185456e-04        -1.3464176183049059e-03        -3.7223604724245747e-02        -1.3876020084554649e-02        -4.1954891281545399e-02
27                                     2.1225785772500623e-02        -7.1913531272210326e-02        -2.2214121003062852e-02        -1.9263310977303934e-02        -1.1748454779853073e-02         1.9821201166344674e-02         4.6065400860285606e-02        -2.4650016841131443e-02
28                                    -3.0874307516452548e-02         5.7520615239671967e-02        -7.8506117676048325e-03        -3.7618008531432848e-03         7.9432772361370287e-03        -2.8606005201048838e-02        -3.7501896448954096e-02         1.9209160634545749e-02
29                                     3.6833418483106874e-02         1.3689601794805514e-02        -6.6852083404589559e-03         5.3706628191444193e-02        -2.9517468971637507e-03         5.3080662857987203e-02        -1.0195850863515552e-03         3.8065876459761976e-03
30                                    -1.8417477036624529e-03        -8.9174418329648853e-04         2.7376053929885444e-02         9.3911441564060519e-03         2.7283395847774120e-03        -2.5283540081940952e-03         1.4411132992699614e-02        -1.1476533788753133e-02
31                                    -3.1967472098607959e-02         4.5643424359906114e-02        -7.5619515709571001e-03         2.6015590920088372e-02         6.4988704497660563e-03        -1.1770744945179322e-02        -3.1389664042976696e-02        -1.2758424751822916e-02
32                                     5.5941955415388586e-02         2.5051469193562083e-02         2.1239389524885083e-03        -6.2076161614193326e-02         2.8442582385941060e-03        -1.1328280128870388e-02         2.2627963282488214e-02         1.1211533024478000e-01
33                                     1.3490177733085085e-02        -1.8058819013543163e-02         7.2711544263711556e-02         9.6056602746788823e-03         7.6750222605600777e-04        -9.3101195574680086e-04         9.6210624810013166e-03         2.3090996935304607e-03
34                                     2.1306470884520472e-02        -1.5717607097889809e-02         9.8200873470898464e-03         1.0488533165693176e-02        -2.9749702766328272e-04         1.1904691117981933e-02         6.7940070432245770e-04         1.7513307514375138e-02
35                                    -4.8893916494317319e-02        -1.3257295412587709e-02         9.8500720140226698e-03        -3.8179311503998836e-02         5.3386427745196014e-03        -5.3446921687600082e-02        -1.8239440628498190e-02        -5.6692424378562312e-02
36                                    -4.8290980722102295e-03         9.5912994991202948e-03         2.3336529765008347e-02         2.1525354994019019e-03         1.6042272126877679e-04        -1.8509346628495687e-03        -9.9747331883530826e-03         4.1968619664241964e-03
37                                     1.1845816744303819e-02        -3.2500892933703972e-02        -6.8439557452794064e-03        -4.5260186290307083e-03        -2.4976606900039165e-03         6.1555996550914987e-03         9.0963507305964562e-03         1.0343282938856952e-03
38                                     8.7532062108298479e-03        -7.1352655353402322e-03        -8.0721620440361223e-04        -2.7506442219913752e-04        -2.7372211006410269e-04        -2.7141114626175909e-03        -3.4824181915095835e-03        -1.9191502571857023e-02
39                                    -2.1890552847459829e-02         3.9398316718186319e-02        -9.0305527325668086e-02         2.1587927442623164e-03         2.7880911455120377e-03         1.8269404380135206e-03         1.6858231817044104e-02        -1.3328603775587388e-03
40                                     1.2870524004822493e-02        -8.0248783593385123e-02         1.0259298517102342e-01         1.9374202614268234e-02        -9.4101209061366060e-03         2.4876493351289213e-02        -1.0427769210942028e-02         4.9553427755221575e-03
41                                     7.7570616608866494e-02        -3.5135892134003010e-03         2.2155603711320193e-02        -8.8339313673803196e-02         4.9647018333748155e-03        -5.3917570862296142e-02        -1.1658381566098995e-02        -2.9930616323360630e-02
42                                     2.0244329980215008e-02        -4.5686642811103760e-02         5.0508776859421227e-02        -4.9486344680327206e-03        -4.6958000387522262e-03         6.3542384316382849e-03        -4.9624095493227263e-03        -3.2031726696299017e-03
43                                     1.0008441172539517e-02        -3.2474041031103364e-03        -1.7319644519338016e-02        -1.2497904338695718e-02        -6.6932827223157589e-04        -1.8964300929685664e-03         5.5172970907209134e-03        -5.8607119138690310e-03
44                                    -3.6556006408850733e-02        -1.0851328774168559e-02        -2.2000863570962653e-03         3.6332670412152351e-02        -3.3250139625747837e-03         2.3766252057030087e-02         4.5157721526145238e-03         8.4085688709652703e-03
45                                    -1.2151335598823209e-02         3.5165187191235847e-02        -3.1437943516399703e-03        -5.8265039475364168e-03         2.7475849196144540e-03        -1.3386930139666827e-02        -1.6322110419305692e-02        -5.7787484319591796e-04
46                                     7.9419465446871219e-03        -3.9111499559913262e-04        -1.6499000668866232e-01        -4.7586836532071283e-02         1.6440331983270224e-03        -1.4608810084569945e-02         6.0780648612319681e-02        -4.6099666311501850e-02
47                                    -3.2527892189109071e-02        -6.2370423725793319e-03        -4.5822230074127238e-02         1.2248926055343545e-01        -1.1616852008025834e-02         1.1093282683217204e-01         4.5039128395584840e-02         8.8051467060371105e-02
48                                    -1.4708946240859876e-02         3.2350303853046956e-02         6.3980911767207591e-02         1.4765391277926941e-02         1.9395205746812875e-03        -6.0343163578480668e-03        -4.0203224275965045e-02         1.8609553653447505e-02
49                                     3.5684989651215064e-03        -1.8547335350177808e-02         3.9463395817195053e-02         1.5401513097873073e-02        -1.8932968096359547e-03         1.0942020964813106e-02        -2.5719828456623388e-03         9.5050512506625311e-03
50                                     1.8355455164049496e-02         2.3611304148038474e-03         1.6714734546699223e-02        -5.4177007278717486e-02         4.8218883927595218e-03        -4.5987362247911640e-02        -1.5583256537210568e-02        -3.3668213924783363e-02
51                                    -5.5417917771328215e-03         3.1290643080307344e-02        -3.0449616184221394e-02         6.8154743768329747e-03         1.0279104625700392e-02        -1.6116125828600503e-02         3.0195388719138405e-02         7.6756885849257796e-04
52                                    -2.1464280174060954e-03        -4.1620396021692565e-03         1.6408109136052201e-02        -2.0912387133451060e-02        -1.2794224405617850e-02         2.5330997649313722e-02         9.4801237176224951e-05        -8.5641596120183874e-03
53                                    -1.3454931863043047e-02        -1.5817685807736016e-03         1.2429608624839174e-03         2.4514713863316277e-02        -4.7357375414637960e-03         1.2923433276321727e-02        -6.3932212839850474e-03        -3.1418960966929303e-02
54                                    -6.9603535220151894e-04         7.5839778273428483e-03        -1.9962733659250675e-02        -3.2835105715075495e-02        -2.1364018294548183e-02         3.3742264796168660e-02        -7.3454692053917192e-02         3.2679136836267837e-02
55                                    -2.2289710663916478e-02         3.4386512092905934e-02         1.3435651782691953e-02         2.9555190357783735e-02         3.1848642008031107e-02        -5.1171041713153995e-02         8.8510949906397563e-03         2.3738906529889248e-02
56                                    -4.8471380845497576e-02        -8.3021835686181080e-04        -2.7895983298655120e-03         8.8104435381814554e-03         6.8730869793476049e-02         3.2376154523186623e-02        -2.3916823742494465e-02        -2.8729868328244663e-02
57                                    -3.4368205970300579e-03         1.1377502637003682e-02        -1.0407642382367830e-02        -3.1391086606481149e-02        -1.3045285120412900e-02         3.8199383955124240e-02        -6.2926708556485952e-02         2.7600513350964515e-02
58                                    -1.0462899218082959e-02         4.6576420302632635e-02         2.0023274866244268e-02        -3.2312896847458361e-02        -3.5830132944901366e-02         4.2760033463220902e-02         2.3904574486962180e-02        -2.7320761135273895e-02
59                                     1.2596031737630586e-02         4.7070008417662455e-03        -4.4300454741668062e-03         3.4924861674420243e-02        -1.4549792966038758e-01        -4.6729226153990493e-02        -1.1670454892314509e-02        -3.2300271931627753e-02
60                                     4.6395879924481173e-03        -2.5999023033778115e-02        -5.5175149837272865e-03         2.0123255858850154e-02         5.7946988648028179e-03        -2.5655559496729267e-02        -1.5720896329320670e-02         2.9929961659983090e-02
61                                     2.1821451349127159e-03         3.1702910962448781e-02         2.2746316097794813e-02        -2.3881981839870284e-02         1.3660337147169603e-03         3.6817204363633935e-02         5.4210590245405060e-02        -3.8903394602177947e-02
62                                     6.6524699002909915e-02         6.8924946055602578e-04        -3.1192525204265091e-03        -7.5033966215936818e-03         6.1917648352171742e-02         9.8816820443503300e-03        -9.9901018003928279e-03         4.0876927601634942e-03
63                                     7.3511101805509094e-03        -2.2598603533283638e-02        -5.8067280229529808e-04         2.6998625750043050e-02         1.3867471165326304e-02        -3.4846848753365113e-02        -2.4667287071429172e-03         2.7370859658792442e-02
64                                     7.1632438359841609e-03        -4.3917533935381621e-02        -1.1556654310116649e-02         3.0695879324060382e-02         7.6764978152582637e-03        -3.3753696506668811e-02         1.0117668075245872e-02        -1.9774450211336857e-02
65                                    -5.7262841271750298e-02        -7.8001695764168284e-03         2.1430830756745734e-03        -8.0695873041328314e-03        -4.1388209794549345e-02        -7.8290805937331967e-03         7.7989283758125262e-03         2.5406829727461441e-02
66                                     2.7615641254936225e-02        -8.4828976921588667e-02         1.1090279542051476e-02         9.2359503352489630e-02         4.7982173153465750e-02        -1.1020520306282736e-01         1.0772015448119535e-01        -1.5175432107992140e-02
67                                    -3.4085364928424296e-02         8.8069276795794654e-02         2.1765306869289763e-02        -5.5169930577427313e-02        -2.2812617792902168e-02         5.6843821028147896e-02         1.5940396586359470e-03        -5.4595142090199736e-03
68                                    -1.3796907318586757e-02        -3.7632440530962770e-02        -9.7592977887933923e-04        -1.8086707426643034e-02        -1.0107302222522723e-02        -1.7222902636508709e-02         2.3278038064376103e-02         4.9365891436980891e-02
69                                    -1.3047306278563535e-02         1.2214301905104727e-01         6.8593152669060797e-02         2.5971887853694614e-02         9.4281168339171474e-03         1.6115498839166593e-02         1.1495743275737867e-01        -1.2257335719817872e-01
70                                    -2.7972774454439631e-02         8.8531904326042729e-02         2.1055734203224884e-02        -4.9527758593123528e-02        -1.2953118948649802e-02         5.6949086286191677e-02         1.3047368548438213e-03        -1.0334157998758938e-02
71                                    -8.3037159862687365e-03        -2.0679519906849606e-02         1.2613912262000823e-03        -1.2093090680172154e-02         2.7069447275702817e-04        -7.6740771112652597e-03         1.7588036654410329e-02         2.8946360624146739e-02
72                                    -5.2490701089344755e-02         6.9437613546437446e-02         7.3284424523203343e-02        -5.4634687000996975e-02         2.2907005093568116e-03         9.9406436073755135e-03         1.7542086121602235e-01         3.2447082703925267e-02
73                                    -3.5419247200223269e-02         8.3148772224989842e-02         2.1250981046914259e-02        -5.3490997571427612e-02        -2.6658291544765601e-02         5.2984088991543866e-02         3.2470904534391359e-03        -6.5271648622923029e-03
74                                    -6.9324848433652587e-03        -2.6351811252438375e-02        -7.3730199758165822e-04        -1.1392001958977304e-02         3.0582787465462786e-03        -1.0619075490499284e-02         1.6528337324348677e-02         3.5275486154267663e-02
75                                     8.7863275390696622e-04        -2.8177746437111572e-03        -3.5847466998721107e-02         5.1659892987535753e-02         1.8917055843501410e-02        -7.9410392936021548e-02        -7.5685090580345921e-02         2.7246750784172508e-02
76                                    -3.5081934051712921e-02         2.3479482511365050e-02         1.4353463560621539e-02        -6.8277009507395528e-02         2.2829747528427011e-03         8.9031459931677909e-02         9.0196772865506359e-03        -1.6005450901617230e-02
77                                    -1.9646317848406936e-01        -1.0477425443165786e-01         1.5145147663350106e-03        -5.7448630391700138e-02         2.2351851661093469e-01         4.9858276333661328e-02        -3.9450299089495565e-02        -6.3209805726160181e-02
78                                    -1.5129769149959473e-02         1.5356457355862814e-02        -1.3264103004803756e-02         4.4882886332539271e-02         2.4994875407480729e-02        -7.1513579683515141e-02        -5.3892170450040230e-02         1.1723828520647461e-02
79                                     1.3752640191548674e-02         3.0315938265503706e-02        -6.0454939085029344e-04         7.0431876029547841e-02         4.2379853335508977e-02        -9.8246964468239578e-02        -1.5058479254792471e-03         2.9374478139688510e-02
80                                     1.6992939832040704e-01         9.0116838291249474e-02        -6.5886197478329349e-03         9.7255253103659733e-02         2.6659900748998329e-02         1.8879156964526755e-02        -6.7884025722389052e-02        -1.6181836459645568e-01
81                                     4.8982673007371663e-02        -1.4535897761876590e-01        -1.4062217192694810e-02        -4.1366790433316612e-02        -1.6992938542412753e-02         5.9181337940499110e-02         9.1912888967441292e-02        -3.6674858017643870e-02
82                                     2.2002921786209557e-02        -1.3682412578229799e-02        -9.9973945951804832e-04        -2.0556541968437220e-02        -4.6828186160629523e-04         2.5848917578780731e-02         8.0675029452474296e-03         3.9825787373050148e-02
83                                    -7.8746668641818909e-02        -2.0088800913723410e-02        -2.2239986738764651e-03         3.8245102502098338e-02        -1.7675684401999750e-02        -5.1071574547955030e-02        -5.0176446255780521e-02        -1.4388640281587689e-01
84                                     3.1167074072287915e-02        -1.1245967463393175e-01        -4.0131936265492385e-02        -3.6594050672272886e-02        -1.8915058599461399e-02         2.7710762634662215e-02         6.0624172067999527e-02        -2.9367574852459423e-02
85                                    -5.2143038750682116e-02         1.0841238036874581e-01         1.7634355043604680e-02        -1.5265490056430103e-02         2.0487478336373013e-02        -6.5189392387865974e-02        -4.9439107224687313e-02         5.4438116539992927e-02
86                                     5.6674757398978308e-02         2.8086484919324601e-02        -6.2173788447409326e-03         1.4904861508566764e-01        -1.0070624390639398e-02         1.2177929704519189e-01        -2.3298558024129078e-02        -7.3248572835390588e-02
87                                     1.5617753375373340e-02         1.1058209037184527e-03         6.8841815349693858e-02         9.2549401233218438e-03         4.0740109920651404e-03        -7.3818569746375235e-03         1.1904762150248833e-02         9.0512854241782906e-03
88                                     5.4512146471163626e-02        -3.0683794360865831e-02         1.5936790518503198e-02        -1.0176403927368642e-02        -3.6071384647895057e-03         1.4859815338125276e-02         1.7863641976986785e-03         3.0340141865840897e-02
89                                    -1.5804306677638463e-01        -3.7091630293109433e-02         8.6116023243871832e-03         2.5612577625799118e-02         3.0687620242699038e-03        -3.8677834600737288e-02        -3.4075558608363407e-02        -1.1908860472061522e-01
90                                     8.2939865613994605e-04         2.6101817564026696e-02        -7.5176030573741500e-03        -7.5355395605657169e-02        -5.4215730544589107e-02         9.6833591380102307e-02        -7.4429037577097609e-02         9.3334905998956798e-03
91                                    -3.5968970197294697e-02         1.5051881044287117e-02         5.0213171094837432e-03         5.5243368819561281e-02         8.3911506877065750e-02        -8.6081801664401186e-02         7.5095731318818078e-03         3.1865457577651399e-02
92                                    -1.4019547469083393e-01        -4.0930669893742694e-02         1.4371998726009617e-03        -2.1292597234550160e-02         2.7708624704520707e-01         1.0020356488074246e-01        -4.4235153592573830e-02        -8.3165092342959532e-02
93                                     1.4329689622125602e-02        -6.8622319253228287e-02        -1.2600627543087850e-02         7.1233797242489849e-02         2.1882516133033398e-02        -8.9616636073277148e-02         1.7555716992514545e-04         2.8754627107109239e-02
94                                     4.0198774528004116e-03         5.9094569995936236e-02         2.7312507553469947e-02        -6.3071641741286072e-02         1.6678093002385760e-02         8.6203217056878265e-02         4.4306230747480815e-02        -3.2156249087396359e-02
95                                     1.3584154928915593e-01        -7.1543599271869790e-03        -2.3023521064126501e-03        -4.7597108975528567e-02         2.8317104140222427e-01         6.2092450054769176e-02         1.6663245184970560e-04         5.5890304077070192e-02
96                                     2.5699036863992088e-02        -7.5014930505353780e-02        -3.7007497013226844e-02         5.1828445972503946e-02         1.6177581755839394e-02        -6.5413942634621719e-02        -8.2677505312057850e-02         6.0462567128217126e-02
97                                     7.7646226771173879e-03        -7.7154304810636065e-02        -3.1232252994878532e-02         3.6562479798535309e-02         2.1110793367463195e-02        -4.6474540270450587e-02        -2.9825669350517402e-02         1.1873368335480196e-02
98                                    -1.1727988426179999e-01        -3.5170909038626810e-02         6.0818726276035675e-03        -5.4587455833911135e-02         3.6733284368189678e-02         1.4077853122098258e-02         3.8261698648889571e-02         1.1142482880123530e-01
                                                        32                          33                          34                          35                          36                          37                          38                          39

0                                      8.3773453586755524e-03         3.1340068280309766e-03        -3.9317849668628934e-03        -6.2972562364114167e-03        -2.2484132981433327e-02         4.1611585462270825e-05        -1.1686977800258078e-02        -1.0009440541758098e-02
1                                      1.4572141103326918e-02         8.4984522324609750e-04        -2.1203735012885576e-03         2.3245641125617090e-03         1.2761985806668246e-02        -1.4491817458381126e-04        -6.8201356772991783e-03         1.1089718269041899e-03
2                                     -2.2178673763382293e-03         3.3495942426896566e-03        -6.6792785686608878e-03        -1.0090264451068608e-03        -4.5827770494212333e-03        -3.1736505251293769e-04        -6.5054383683432315e-03         1.2600621321252264e-02
3                                      9.4166945238648350e-03        -1.0380578561605314e-03         4.8217479526157213e-04        -1.9169545293451753e-03        -6.9227364173646408e-03         9.6641864211995760e-05        -7.9672914932388326e-04        -5.0237370028099705e-03
4                                      4.2010687405783023e-02         1.2570802167140434e-02        -1.5424608383792395e-02         2.1697100495388488e-03         1.1558475143647088e-02        -5.6287996681916137e-04        -1.2221108264950738e-02         1.0892954702867122e-02
5                                     -3.0840703191309674e-02         8.2442138039120469e-02        -7.4560585389308792e-02        -4.6906982259766056e-03        -1.8683223315421583e-02        -2.8618279766408124e-03        -4.7624762235257335e-02         8.5591129419426260e-02
6                                      3.9362213366330764e-02         2.2148425812416098e-03        -5.6002940834901874e-03         1.1416327722838446e-02         7.0643699114212949e-02        -6.0579935560827283e-04        -4.7212357841628548e-02        -7.1129368264289620e-03
7                                      4.5776057472367175e-02        -2.1168629385687216e-03         2.1250587537125065e-04         8.8284459338205321e-03         5.0770341775883861e-02        -2.1138216449988225e-04        -2.7454306588843857e-02        -1.3354685271760133e-02
8                                     -2.0939564118454511e-03        -2.2004563308940437e-02         3.8192514768925309e-02         1.5011684036182287e-03         4.0946957936724183e-03         1.8835553354233981e-03         2.9965601391222337e-02        -4.8373790911297350e-02
9                                      3.6609272427913411e-02         3.2282807566955951e-03        -4.2246500874831006e-03         9.5160868973103666e-03         5.3142428291700024e-02        -4.9557501942867649e-04        -2.6950268437439164e-02        -2.8939491546453424e-03
10                                    -3.7693422710041564e-02        -1.1329903748789264e-02         1.4764710956115050e-02        -5.2775512282467211e-03        -2.9715788377334587e-02         6.3798491600961383e-04         1.4369478619764979e-02        -2.2306821467587183e-03
11                                     3.0738550870520413e-02        -6.8131500834632319e-02         4.2163316339455928e-02         3.4932327416885988e-03         1.5595548165348791e-02         1.2104610834568011e-03         1.8330808481791108e-02        -3.2378133066780244e-02
12                                     9.1946523152273571e-02         7.1785382406220157e-04        -4.5834416694392329e-03        -2.7017373067104982e-03        -3.6226290048655317e-02         1.2947017451359936e-04         5.0446152209841777e-02         1.1354501830108187e-02
13                                    -7.0202787302346289e-02        -3.0409132525010870e-03         5.9434678413834196e-03        -1.3990369026766201e-02        -8.5846533648840442e-02         3.2357885347671724e-04         4.2058717407355728e-02         1.8116958404563458e-02
14                                     1.6193123580743124e-02         4.5966487700469429e-03        -3.1150242285541880e-02        -4.9229572124586708e-04        -4.0558857315525849e-05        -2.2081861920058019e-03        -4.1881655710323540e-02         6.5874423525709255e-02
15                                     9.5895287998416942e-02         7.1710836289507200e-04        -6.7114701183815274e-03        -2.8891996218211088e-03        -3.6336761092620656e-02        -1.0542996704016519e-04         4.5662839581588899e-02         1.3504191443958695e-02
16                                    -7.8562322325824496e-02        -2.1595314446805867e-03        -4.2302646530986724e-03         2.0043948925006342e-03         4.5607524105897119e-03        -1.4631543961265045e-04         8.9587323076944104e-03        -4.5718063809267800e-03
17                                     1.2716028681923569e-03         1.1222648897877101e-02         3.1561574404254986e-02         2.6922501173889846e-03         1.0429839787043722e-02         2.7801645928677383e-03         3.1992856985279365e-02        -4.9679385405870975e-02
18                                     8.2413974227572764e-04         2.1164603447062550e-03        -2.1831924090252616e-03        -8.7190800727582080e-03        -4.7510667124245697e-02         2.3164515762884544e-04         1.7250533114365529e-02        -8.0726225217269288e-03
19                                    -1.3750373133354043e-02        -1.2348081226608418e-02        -1.9950526690764008e-03         6.5468732017666693e-03         3.3555671334502067e-02        -6.4988345304247124e-04        -2.0771347188366856e-02         1.9172576150041077e-02
20                                     3.1430771121604445e-02        -8.8197131840385135e-02         3.9102088322099972e-02        -2.7443879330907440e-03        -1.8339388472651274e-02        -2.0515410829205789e-03        -6.4328232697441326e-02         1.3183068006174725e-01
21                                    -4.4240304580305239e-03        -6.3424775200371516e-04         1.3054916636915895e-02        -1.1676711518892930e-02        -5.0691655946926435e-02         8.7846044699279604e-04        -1.0551660035227914e-02        -9.2492398441165382e-03
22                                     2.8502508642321375e-04        -6.1733574240509506e-03         3.5627588711055709e-02        -5.7149994294465748e-03        -2.4518234041083553e-02         1.7349799901546768e-03        -2.3911226964729099e-02         1.5148095706530952e-02
23                                     2.1127005422596750e-02         1.9078295434411842e-02        -1.6152413471784346e-01        -3.2308715660785131e-04        -1.8109922537851999e-03        -8.5717935619400928e-03         3.6393752147714759e-02        -5.5670828628045531e-02
24                                    -1.4051218627027741e-02         1.2262614308516282e-03        -1.9930066843314577e-03        -7.9923995731308924e-03        -1.3302279534780892e-02         3.7301024015567368e-05        -2.2411810479387655e-02        -1.5122023057141302e-02
25                                     7.1168982093729868e-03        -1.9020218937037429e-02        -2.9259232738983509e-02        -1.5662964220599641e-02        -6.8772405146144786e-02        -1.9993091161680269e-03        -1.6442451982656515e-02        -1.1608447170529597e-02
26                                    -7.1429564667019991e-04         6.0539057475539511e-02         8.6884546838653223e-02        -5.5402787902318904e-03        -2.1998798489922502e-02         6.9167407629321196e-03        -1.0855031302521136e-02         1.6346024801072686e-03
27                                    -1.3973506289801778e-02         1.0746892220621656e-02         1.1714260484791366e-02        -8.3536436186668044e-03        -1.5721990909114379e-02         1.2052398839286287e-03        -4.8577895498337804e-02        -3.0078730886915841e-02
28                                     7.6471443989995910e-03         1.3788290330955372e-02         1.8437362138777384e-02        -1.9423818101195790e-02        -6.7883024445721321e-02         2.5312320079675012e-03        -5.9278780992838120e-02        -3.6624846292541043e-02
29                                    -6.0604504926315417e-03        -8.4326275825890223e-02        -7.3455490701414439e-02        -5.2459210814529136e-03        -1.6243353179009223e-02        -8.8090638492722088e-03        -1.1349711404512177e-02        -2.0962982531318688e-02
30                                    -6.8230608660794822e-03        -1.0986883241876312e-02        -1.2063090191183463e-03        -4.4198167419095798e-03         1.7084128958625464e-02         1.8412940462338399e-03        -6.9265722837066460e-02        -4.6515963734212157e-02
31                                    -3.7798888507121534e-03        -4.2406965052256315e-02        -1.5312768601614520e-02        -1.2295261750941136e-02        -4.5911675025851723e-02         5.6219067711490113e-03        -5.0681168700089117e-02        -3.5059461383530298e-02
32                                     3.0467312235000172e-02         1.3635176158450601e-01         5.8072041248420359e-02        -6.0823406197596424e-03        -1.2639699279902243e-02        -2.1717973900176157e-02        -2.3466480055877339e-02        -7.2979395848026150e-03
33                                    -1.5316240572334878e-03         1.3435528268351852e-03         1.2393714565987603e-03        -5.1964810352468352e-03         2.6575352749354419e-02        -3.0664842018538331e-03        -7.7155780282030004e-02        -5.2248515614206639e-02
34                                     4.6637594864120564e-03         4.9342096909570305e-03        -1.0424074538404580e-03        -1.6796904010767579e-02        -1.3799695579631394e-02        -1.1007227339516002e-02        -3.3310194136747379e-02        -2.2843641285920844e-02
35                                    -1.0901246485452388e-02        -2.9158056970684632e-02         2.1499267789135544e-04        -1.5176146115587785e-03        -2.2252088754416955e-03         4.6070784775181235e-02        -1.3939463658008121e-02        -8.9358089858430322e-03
36                                     1.7508796732705772e-03         6.4278887541327262e-04        -4.8128711019911465e-04         2.8178824716432746e-03        -4.3459046897370839e-04         1.3355203733214822e-02         1.1705031971859636e-03         6.7993338052053627e-04
37                                    -3.6149791255941542e-04         4.7749122750847042e-03        -1.3883276106080242e-03        -6.7619837893764124e-03        -9.7066473808566018e-04         4.7820377130469542e-02        -2.9787599877094881e-03        -2.0025956520650112e-03
38                                    -4.8340603576041349e-03        -1.5886160904581666e-02         5.1832129890755476e-03        -1.2847708960349466e-02         1.9701123449412284e-03        -1.9317110319735964e-01         9.7992354150344338e-04        -9.3547309632923748e-04
39                                    -9.7240741216844803e-04         6.8525901666499587e-05         8.3746589312791843e-04        -1.6634621829131346e-01         3.5711173054011447e-02        -9.5864355563775907e-05         3.3032529804257840e-03         1.1011333544978519e-03
40                                     5.7336911990547499e-04         8.6885543694813459e-03         3.6367063214689820e-03         5.9040734479304649e-02        -2.2258736039745611e-03        -3.8324853472413170e-02         3.8315971832256532e-02         2.5019015565803032e-02
41                                    -5.8843525850664985e-03        -2.0195555187702469e-02        -1.0601695614047491e-02         1.1001798347333686e-02         6.1802522216190098e-04         1.4314769674009531e-01         8.4174948007434431e-03         7.8240790006211362e-03
42                                    -1.3071252244167156e-03         1.7342262823482790e-03         7.1272013827788146e-04        -2.4894370780293072e-02         1.3416626400452006e-02         4.5238419761089339e-03         2.8927523736598612e-02         1.8862659958261148e-02
43                                    -1.7793339602991136e-03        -4.7036374408618385e-04        -2.4459119147448411e-04        -7.7166486823652250e-02         2.3346585618764768e-02         1.5612792343769253e-02         2.4258185947900100e-02         1.5946509463394931e-02
44                                     1.2799910040530895e-03         6.5422529524028494e-03         3.2083484567220180e-03        -2.2998224229070580e-02         7.0248580167973111e-03        -4.4991317074832074e-02         8.3210081791438208e-03         4.5587317232396616e-03
45                                     1.2979369593763305e-03        -5.4545526919440399e-03        -1.0666464344204366e-03         1.1014735290346993e-01        -3.6962989084526235e-02        -1.3320046138122323e-02        -6.4775703657821739e-03        -3.3090166527000799e-03
46                                    -1.6294853518592712e-02        -9.0326741909844098e-03         2.2429314360794040e-03         1.2714069586473370e-01         8.0670043296062512e-03        -2.9375800337402693e-02        -3.0484750621052284e-02        -1.8867272686140125e-02
47                                     1.6198836623296138e-02         5.8106920811311788e-02         2.3734317822227077e-03         4.3398696130116002e-02        -1.1765650670392971e-03         9.2080164382078805e-02        -8.6009013462093626e-03        -5.4274263742852087e-03
48                                     7.9937088565464783e-03        -1.5044047503825807e-03        -1.9940464708930257e-03         6.6265899008434215e-02        -4.3127603365329337e-02        -1.4890102249162781e-03         4.4391454571142538e-03         3.4599481348279431e-03
49                                     2.2647459385456924e-03         4.6994634918226634e-03         1.2094093843826382e-04        -5.6621429113320368e-02         1.4067622573570381e-02         1.0895731139778432e-02         5.1284971960431549e-03         2.8350904041984345e-03
50                                    -6.2277677981798030e-03        -2.0342389100953338e-02        -4.5440101658149903e-04        -1.0489184289487198e-02         3.9979854229740282e-04        -3.1971558675849651e-02         1.8116451090470591e-03         1.0876212706222438e-03
51                                     2.4876083918948097e-03         8.6642322229829821e-04        -4.3830463648276106e-03         1.4478365283052444e-02         2.5840020137104257e-02        -8.7355179493821830e-04         6.0661820001939426e-02         4.6536027795300611e-02
52                                    -1.4744557812363984e-02         1.4251576836558175e-02         3.7335142086310554e-03         1.6133120026034523e-02         6.2193371904142404e-02        -4.9387249577165107e-04         4.7480345851622960e-02         2.2301193391093831e-02
53                                    -9.9417874347335101e-03        -1.6091083870611006e-02         1.2398046546101544e-02         5.4753538195216524e-03         1.7739731234472571e-02         4.1650225517675882e-03         1.3641447758056797e-02         1.3696220889921219e-02
54                                    -5.5111718956077707e-02        -2.7138010652190451e-03        -1.2123785047055372e-03         7.7376343321225111e-03         4.6095989001820652e-02        -3.5583578704950682e-04        -2.9194806291247322e-02        -4.8610264621547460e-03
55                                    -2.6886538908998576e-02         3.0353246490815035e-04        -6.8030957412064403e-03         1.3791167072723962e-02         7.6752879691020875e-02        -5.4224517152131160e-04        -2.6753184256411128e-02        -6.2888564321438639e-03
56                                    -7.3927480155933090e-03         6.8158714077026132e-03         3.1864478431497339e-02         1.1211239677563556e-03         5.7333741701224477e-04         2.2332568888146381e-03         2.5965597091135936e-02        -3.8871640776261616e-02
57                                    -5.5901711747917415e-02        -5.1617227744489083e-03         4.9455487124501615e-03         7.1176511840348447e-03         3.9977013102861204e-02        -2.5711558700711022e-04        -2.1385954207124438e-02        -2.2680484304574630e-03
58                                     1.0354505356700386e-02         8.8004950866204697e-03        -3.6637414993353030e-03        -2.8668583460424034e-03        -1.4842564314974964e-02         6.7431077381598334e-05         1.0572073329035316e-02        -2.5481862370997405e-04
59                                    -1.8168661048879188e-02         5.7532343657359403e-02        -4.8789651524794836e-02        -1.2731195011486225e-03        -9.8321303560214269e-04        -1.1019033275511585e-03         3.9250600372982489e-03        -1.8900279478813495e-02
60                                    -7.9932276062744931e-02        -4.4743994639370446e-03         1.0544963198641190e-02        -4.3226043307394669e-03        -3.3754064078211791e-02         5.3848540680406451e-04         3.5141693926258488e-02         1.1514157553395809e-02
61                                     4.5661221577990616e-02         3.8596829533008355e-03        -8.1720274347463402e-04        -1.0312816277372560e-02        -6.0110971189781086e-02         2.6400753877044760e-04         3.6695775982694641e-02         1.2935443332379469e-02
62                                    -1.1300760130850539e-02         1.1170855794744477e-02        -2.5302486715525423e-02        -7.0976833980166310e-04        -7.3886742448856229e-04        -1.5163727957457592e-03        -2.9933298703880448e-02         4.5134143267883467e-02
63                                    -7.7099003715886627e-02        -2.6833985941709022e-03         7.2239961325014619e-03        -4.2811786924252622e-03        -3.2667110838035501e-02         3.4215771506903192e-04         3.1448050175200491e-02         1.4018086236124053e-02
64                                     9.9139481467025212e-02        -4.4050962786807470e-04        -4.4007000493708707e-03         3.9912412288673784e-04         1.1245247341602836e-03        -3.4452183811873113e-05         6.7256083032673861e-03        -1.0257637788188301e-02
65                                    -7.2283605740105211e-03        -3.1021784718230999e-02         3.4271001315471963e-02         1.9529934011013998e-03         7.7060403731839039e-03         1.5101099154210507e-03         2.9627912356162578e-02        -5.1717790221284254e-02
66                                     1.8716795070143403e-02         3.7347065160287154e-03        -6.1156012987681144e-03        -9.8189361202624427e-03        -4.9371313436205488e-02         1.8597594068260465e-04         1.1488507162759546e-02        -2.6221390287700158e-03
67                                     1.3322609454164523e-02        -7.6200642036181512e-03         6.0027252806546709e-03         4.1465221076202787e-03         2.5557291509467419e-02         8.5388872904688476e-05        -1.1646635725883750e-02        -1.1493389678196242e-02
68                                     1.7544184651155127e-02        -5.8189036235070192e-02         4.7531894297172597e-02         1.8953142936619519e-03         5.7801404693239716e-03         1.8677458927336763e-03         3.4390609487767149e-02        -5.5899265257241655e-02
69                                    -2.8820537663309467e-02         1.0736557631309941e-01        -9.8136577656828664e-02        -1.0448080534105406e-02        -3.1718592992142941e-02        -3.8383908035073567e-03        -9.2076150661169434e-02         1.0547330559295404e-01
70                                     1.4005586103616831e-02        -4.3665711484738370e-03         5.2737785461692745e-03         3.9768233362681028e-03         2.5602468617889187e-02         8.0643095082965420e-05        -1.2527091143016415e-02        -1.3133047325655017e-02
71                                     1.0366688954126757e-02        -3.6358259670815456e-02         3.0507663542462815e-02         1.1702519800325599e-03         4.1280007841770884e-03         1.1853226375873795e-03         2.0086349408738165e-02        -3.5132949499889043e-02
72                                     3.2653545615341235e-02        -9.6450955724405485e-02         8.7680291239673511e-02         4.6281333677064394e-04         1.1810491138165130e-02         3.5950755450040671e-03         3.8848663253548459e-02        -1.2896535685595037e-01
73                                     1.4744652183233059e-02        -5.1622662057896358e-03         1.9719669515291340e-03         3.7264128019570894e-03         2.4305230201527819e-02        -9.1742164663448462e-05        -1.5795108810870501e-02        -6.2539555604168937e-03
74                                     1.0846877476691096e-02        -4.3059026613283626e-02         3.7309901093180109e-02         1.3320969031207189e-03         3.4433897730888545e-03         1.4803532481108619e-03         2.7498973329795777e-02        -4.2945972257484880e-02
75                                     1.0355194468282669e-01        -4.3907667307585378e-03        -1.1758484240079766e-02        -2.3884911501375694e-03        -4.5070781703563233e-02        -2.0250441715474198e-04         7.0085208301010254e-02         2.0276960490692445e-02
76                                    -8.3824423251067856e-02         1.5738991784175739e-02        -1.1180585899352381e-03        -1.4762635089411712e-02        -8.1171247509599184e-02         3.1121085402290781e-04         3.1681175492463590e-02         2.2719639592364638e-03
77                                    -1.5201095731342972e-02         1.3078910505830024e-01        -1.3380604660872950e-01        -4.7763393090182174e-03        -1.2900829961869356e-02        -4.3090639844012481e-03        -1.1561701985118706e-02        -1.3426460754699946e-02
78                                     1.3829126037100933e-01        -4.6670798734837072e-04        -1.7163199455281001e-02         1.3325355175283682e-02         4.6006825639134816e-02        -1.3226128549606788e-03         2.1108204121202123e-02         2.2065885415370700e-02
79                                    -6.7917473397522451e-02         2.3641856808015557e-02        -2.2379844634084479e-02         9.0500036467624102e-03         4.2243285727686188e-02        -6.1473384269730225e-04         1.6672617345299089e-02        -3.8866654482411160e-02
80                                    -4.3795516547759331e-02         1.6177530299281762e-01        -4.7380028896986164e-02         9.7323448735597699e-04         1.3664513766996386e-02         3.4285140004729825e-03         1.3763000239209180e-01        -2.7223333433380537e-01
81                                    -2.0633304227326975e-02         8.0026067333476298e-03        -2.9324529336058312e-02         1.5188974979516512e-03         3.0178965620701853e-02        -2.4766566956171028e-03         6.3419243654750943e-03        -1.0261970635110088e-02
82                                     9.5976124496337540e-03        -1.8360822099720793e-02        -9.6944257364993541e-02        -1.2988904299100832e-02        -5.5697807250606232e-02        -8.5757598587022175e-03         9.2210482758061513e-03        -4.0848149149275960e-02
83                                    -1.5874247872367200e-02         6.5406830200278945e-02         3.1243275151647226e-01        -7.0118907957576627e-03        -3.1169063776976359e-02         2.9010264541558483e-02        -8.2357196032982680e-02         1.1432131460188996e-01
84                                    -1.3733944698680611e-02         3.0970454314195761e-02         2.0606775334126852e-02        -1.0571157186535269e-02        -3.4038663873203139e-02         8.7586579720536192e-04        -2.4196122526174087e-02        -1.4175663850522836e-02
85                                     1.8604257344129148e-02         6.8373649274412390e-02         4.6530712745621247e-02        -1.7983514647913097e-02        -4.7754896196996501e-02         3.7631420569749304e-04        -9.1478014980094211e-02        -6.8305279934081142e-02
86                                    -3.6138300002958638e-02        -3.0592891070066902e-01        -1.8134757116563843e-01        -3.3147023726186882e-03        -9.4462250683016759e-03        -1.6336888037233926e-03        -2.8544748078812226e-02        -3.5880118081158532e-03
87                                    -4.4775875209945718e-04         4.4200460380906942e-03         3.7995886356580973e-03        -1.8802554712008458e-02         2.1616030611693298e-02        -1.5430703292298236e-02        -1.1731714224045332e-01        -7.9396736880894381e-02
88                                     9.0455852101805900e-03         2.7591221299447924e-02         6.5954769941691024e-03        -4.1773334600847967e-03        -8.5503028816152054e-03        -5.7720093984678332e-02         1.2934250874929512e-02         6.0532493701830831e-03
89                                    -2.7494363096273868e-02        -1.0907360366586950e-01        -3.2434624270213076e-02         1.3568914301491524e-02        -2.5714105971462757e-03         2.3262460921981576e-01        -6.8678377070008120e-03         2.6070556263482285e-03
90                                    -4.2162221558677361e-02        -3.9239394692345379e-03         1.2974857067415451e-02         8.9701361681195427e-03         5.4699496139930547e-02         4.2314557733235498e-04        -3.9068053135245952e-02         3.9080110535884838e-03
91                                    -3.8287639855428476e-02         1.0959891839775911e-02        -2.3914145501812194e-02         1.3198962533638397e-02         7.2782492179036568e-02        -1.1560653996240974e-03        -1.0223566156388848e-02        -3.2387202540986315e-02
92                                    -2.7881074948439319e-02         7.4873163662262321e-02        -1.9599961216393662e-02         3.2984887519770687e-03         1.4474278435889715e-02         1.6722670365190936e-03         9.7452562533213799e-02        -1.8005200453068976e-01
93                                    -4.7936465399268199e-02        -3.1961711188913263e-04         3.0292246691731566e-03        -4.8668020687305628e-03        -3.9924473491388203e-02         4.1308345910178666e-04         4.4569603794763671e-02         1.3383352081752271e-02
94                                     2.7894713086497391e-02        -8.5513452408860543e-03         1.3417152110046290e-02        -9.6653676885697908e-03        -5.5760526329528361e-02         5.7098930388931924e-04         3.0514017105473527e-02         1.4149436563999222e-02
95                                     1.3141986414216249e-02        -7.0252867176735873e-02         5.2651414367897532e-02         2.2376279852683390e-03         5.9910569716619469e-03         3.6692918138479217e-04        -3.4145928605830100e-02         6.5291469175077665e-02
96                                    -9.9427485123336629e-02        -7.8137835942445916e-04         1.9493476159036715e-03         3.6701484637375634e-03         8.6624495551171302e-03        -1.2140401288525918e-04         1.1807388974653553e-02         1.7029717807941078e-02
97                                     9.3713449483551009e-02        -2.0288679126494565e-02         1.3753866230104281e-02         5.8036000074201980e-03         2.7096316284305193e-02         4.5188507228533772e-04         4.5162062738310377e-03        -2.1373553038105512e-02
98                                     2.9467181831970442e-02        -1.6249921588070845e-01         1.6683322567368625e-01         8.5359637813677593e-03         2.9873827043629706e-02         6.1803530417783850e-03         8.0892267779515428e-02        -1.3233305311109186e-01
                                                        40                          41                          42                          43                          44                          45                          46                          47

0                                     -3.4691178545052818e-02        -1.0167249383626988e-01         3.5532409223651480e-02        -1.8501606088596710e-03         4.6768780439952598e-02        -1.6328959094997102e-03        -5.2773420355586905e-03        -2.2062280471579411e-02
1                                     -3.5008609129572985e-03         3.0632637714178004e-03        -5.7363471157868048e-04        -2.1943796096297939e-03        -2.7966169633360851e-04        -8.2312312716692709e-04        -1.9103224389350880e-03         1.6374463466884581e-04
2                                      1.3164604032194522e-03        -4.7673930613351644e-03        -1.5895275275248921e-03        -1.6020657142378748e-02         2.3321827956283132e-03        -6.3819717734533215e-03        -1.2142503487252933e-02         5.7315109298713713e-03
3                                     -7.2146690444223390e-03        -8.6415566229613751e-03        -1.8930562161746029e-03         2.9035540378731270e-03        -1.6637006254143398e-03         2.5909900834977703e-04         1.8239568537453863e-03         2.7073922606353799e-03
4                                     -3.8963150355956397e-03        -2.2583121837084025e-02         6.8339462668621682e-03        -1.0342712819233489e-02         1.4929743341039919e-02        -1.5187350733260063e-03        -6.1448013551551944e-03        -5.8005523275176879e-03
5                                      1.2749944542974278e-02        -1.6457869407075203e-03        -1.4207356514582025e-02        -7.2627209445123950e-02         1.8749194214799270e-04        -1.0531054182128609e-02        -2.5667349412720426e-02         1.5356889637266499e-02
6                                     -4.3074001564607389e-02         1.1166256686837468e-02         2.5990181732961061e-02        -8.1688680582770040e-03        -9.3417324230539861e-02         5.6037361380342435e-03         8.9912392001286132e-03         3.7204509645798391e-02
7                                     -3.4067800103335676e-02        -2.9325892107037080e-02         3.9761271628595440e-02         5.0844925761824528e-03        -4.4747193503175145e-02         1.5999533853332131e-03         3.2728546496844676e-03         1.2621824419116743e-02
8                                     -4.2300460474795050e-03         7.1362086484054229e-03         8.0096991772951598e-03         7.9011957181799375e-02         1.1369647782736318e-03        -1.1338087748619500e-02         3.4017489053191660e-03        -4.7445348179300170e-03
9                                     -1.7958931317153187e-02         2.7837741779135471e-02         5.8293058349195197e-03         2.3638023124351718e-03        -5.0073300293343587e-02         9.5073497427808221e-04         4.8652597686111056e-03         1.8340352984434417e-02
10                                     5.5123334460761182e-03        -2.0197242345780630e-02         3.6118894605957810e-02        -2.6377699161350111e-02        -4.0114687511716013e-02         8.9949235505369287e-03         1.8950663482084061e-03         1.0739347579890824e-02
11                                    -4.4174328905452276e-03         2.8097832136297894e-03        -2.5594006247109644e-02        -1.4765158878100465e-01         8.0348009855304089e-03         3.8512405592298966e-02         3.7794565832468346e-03         4.3583052776922171e-03
12                                     6.3111993713027767e-02        -1.3220372139891381e-02         2.0944845832289099e-02        -2.8303405949721308e-03        -3.3031451295413690e-02         7.4938766911448974e-03        -3.8455333311129591e-04         9.6661999762134472e-03
13                                     3.7795465914460452e-02        -7.8257584561958624e-02         7.9814465245128891e-02        -8.4077305039924576e-03        -6.9066590548484338e-02         4.7511898878543467e-03         7.3893100011258558e-04         1.8753387554259329e-02
14                                     6.3826784111549930e-03         7.0768973408151760e-03        -1.0207653182222498e-02         1.9858649248776679e-02         6.6558341451750961e-03        -2.9705315057397465e-02        -7.2651276838132427e-03        -4.0070461057644842e-03
15                                     5.8096339768330771e-02        -6.1621357365280790e-03         6.9118694521227301e-03         1.4856153598996852e-03        -5.5963038694300223e-03         3.5088433472339783e-03        -1.3444034256511804e-03        -4.5949389317430183e-04
16                                    -2.3606736144785412e-03        -5.3346853593912967e-02         6.7616273502461213e-03        -7.8446697003703401e-03         8.3742880826042573e-03        -1.7992814038409108e-03        -1.0652912728296556e-04         1.5153771021350808e-03
17                                    -5.3881889183087037e-03         4.4694818304330816e-03        -1.1341862876008526e-02        -6.5150059754776807e-02        -2.5991382538988130e-03        -2.2912188672510360e-02        -4.9880243327864501e-03        -2.4610666471943988e-03
18                                    -2.6298717140755593e-03        -6.5428865647592621e-02         6.9971912809750720e-03        -2.6202427716783471e-03         6.0659632341453683e-02        -6.7302576013352662e-03        -4.8937600134249309e-03        -2.0539642185682151e-02
19                                    -3.0744505717108369e-03         2.2006003460898396e-02        -1.0728270798589925e-02         1.1706497205441046e-02        -1.6855569791749472e-02         2.3374469279165075e-03         6.1651404037135716e-03         5.7418841568180490e-03
20                                     2.1983946394010526e-02        -1.2254293769909467e-02         8.9057630153026521e-03         7.0349483296737098e-02        -9.0183308987567287e-04         1.0291346982083541e-02         3.1130487995317660e-02        -1.8621214599046594e-02
21                                    -3.1846159935847572e-02        -3.8633315811626275e-02        -1.2111603501296316e-02        -3.2155736211628551e-04         4.1480393356252344e-02        -1.1201350804080039e-02         3.0689600346513720e-03        -1.3829708445270535e-02
22                                    -4.5488755217810352e-02         8.9878356546771926e-02         8.3558462729605890e-02        -1.2300544181150827e-02        -7.5286004160199389e-03        -5.4518016641065244e-04        -1.0332579587713227e-02        -2.3967923128072308e-02
23                                    -4.3491701252499652e-03         1.5902272741610782e-02         1.2222986732658878e-02        -1.0217483802291179e-02         4.8829812744975616e-03         2.7777630819281928e-02        -2.8940413241080008e-02         2.5249672612991367e-02
24                                    -3.2951743856603231e-02        -7.5933241208446522e-04        -4.4157908199759482e-02         5.5691036598092512e-03        -1.2683986124140133e-02        -3.2677859199818776e-03         2.0715166234939904e-02         4.0051890087531079e-02
25                                    -8.1726541103211855e-02         7.0985074801893644e-02         9.0514655424463755e-02        -1.7258865722356190e-02         4.0424586150603396e-02         2.1750988351075612e-02        -4.6173082456208048e-02        -4.5322268922704703e-02
26                                    -2.5997790044178275e-02         2.1500087634183856e-02         2.0604055600139986e-02        -1.3533422702319721e-02        -1.3913270686365274e-02        -6.4128001362808773e-02         1.8991460034864776e-02        -5.0606320276554276e-02
27                                    -1.6165900269396911e-02        -1.5736382381859454e-02        -9.1073574931362450e-02         1.3329336143727359e-02        -5.3385528583604715e-02         7.2521189351233677e-03         1.2308383913925854e-02         4.1644927892593359e-02
28                                    -3.2586632018948972e-02        -2.3338425018516872e-02        -7.2079137557345352e-02         1.0456534148167497e-02        -3.1768547148286655e-02         2.7661549858976533e-02        -2.0517701722582150e-02        -8.4016299044460815e-04
29                                    -7.4735725164509735e-03        -8.0704731799977024e-03        -2.7690396558881388e-02         6.7975234683330095e-04        -3.0033540897487058e-02        -5.7413393890694935e-02         2.3468875358968397e-02        -3.9943088899151061e-02
30                                     8.9094729710042425e-02         3.5482700845689967e-04         6.4990473175597693e-03        -8.2400510142450985e-05        -1.9401114859947038e-02         1.7895498634497482e-02        -3.7030242859329369e-02        -4.8485704081548980e-02
31                                    -1.1146232794336181e-02        -1.8304320698270586e-02        -5.8471847941320876e-02         7.5743833797203832e-03        -3.0737479809794598e-02        -3.9894756606047342e-03         7.7295950565169852e-03         7.4809812454291365e-03
32                                     2.7233788865091615e-03        -4.6365862672564538e-03        -1.3591380275847272e-02         3.3920462783719719e-03        -3.8474870026090186e-04         2.9418872901311708e-02        -1.2044423676610898e-02         1.7019193954018460e-02
33                                     1.2190607490635282e-01         2.9743451117685452e-02         8.6748128820667222e-02        -1.3589854707644906e-02         3.3878632581623380e-02        -4.0282411522303404e-03        -7.4297489153235243e-03        -1.6824884032062851e-02
34                                     1.6146139793903225e-02         1.3534154672969227e-02         3.3435399772101276e-02        -7.8406299276455559e-03         5.5829097200669843e-02        -4.8308840825549086e-02         8.9158866026915154e-02         1.0700361640609937e-01
35                                     1.2249346013922179e-02         5.6511473953378532e-03         1.4297331822969502e-02        -3.0797658663732131e-03         1.7334556172155582e-02        -5.7698780533446898e-03         1.7806516448981499e-02         3.0644087011589924e-02
36                                     2.5040706214505370e-03         1.5919197749264119e-03         7.2802852092460207e-03        -1.0139201525168791e-03         2.2202351210805680e-03         2.7451737170392349e-03        -7.1583228318866784e-03        -9.7746284090468455e-03
37                                    -2.2655481544898923e-03         4.5866873956333402e-03         1.1244417507825811e-02        -3.1255830660295073e-03         3.0707919502697963e-02        -2.8974315504737926e-02         5.8573289036144352e-02         7.5454375207977084e-02
38                                    -1.0782147436717877e-04         9.7816594005096049e-04         3.1553741591427314e-03        -9.3848889021086413e-04         6.3350968047758277e-03        -1.1970202357179284e-02         1.6290130191749644e-02         1.3618367915857023e-02
39                                     7.3204129118885361e-03         9.8255528697311083e-04         1.4708892100389825e-03        -1.7912571324619540e-04        -6.5113941661944295e-04         1.2670995930344373e-04         4.8572818413742363e-05         4.6713561753321589e-04
40                                    -3.2804642937824334e-02        -1.3813965040144920e-02        -3.2909375677113738e-02         6.5846682836192445e-03        -3.4916622993670009e-02         2.6938815963349232e-02        -4.8018108201635760e-02        -5.7262519706735550e-02
41                                    -7.6603165346197681e-03        -3.3874253597418955e-03        -8.0239399589877910e-03         1.8155394740360191e-03        -9.3196579380958582e-03         4.4200580368582544e-03        -1.0596701834061828e-02        -1.5768934797147412e-02
42                                    -1.9760321285568538e-02        -1.0409614004180867e-02        -2.4164191611622893e-02         4.9832964220717516e-03        -2.8083293183990311e-02         2.1352764680567109e-02        -3.8964368805783516e-02        -4.7222907186217085e-02
43                                    -1.3803040690884347e-02        -7.0429229201913936e-03        -1.8726268077310145e-02         4.0090929187574856e-03        -2.3800416820151358e-02         1.7531082359192023e-02        -3.1964948598736685e-02        -3.8654601187443384e-02
44                                    -4.6434403384344458e-03        -2.4002111635499073e-03        -6.1793662973714620e-03         1.1941200529614385e-03        -7.5097603595979572e-03         6.2055276906032792e-03        -1.0684137283219814e-02        -1.2151915544198871e-02
45                                    -1.6408168436833362e-02        -1.8981475225944551e-03        -7.6460411605445899e-03         6.4845900162167262e-04         2.6904275248914459e-03        -5.8821463610822418e-03         1.2395055468784080e-02         1.5655246280096503e-02
46                                     5.6156668143478791e-02         4.9177047838718331e-03         1.4778978751832868e-02        -1.0455968364775172e-03        -1.2330128450541732e-02         1.6482939222305971e-02        -3.5588864142769502e-02        -4.6541779037558122e-02
47                                     1.3013420059182906e-02         1.2395398828703307e-03         3.2370843723008857e-03        -2.2628899149463124e-04        -1.8610327780003858e-03         7.6455138414380855e-03        -1.0137865715336352e-02        -7.7381548986024716e-03
48                                    -4.0510131648137201e-02        -4.1246510737982852e-03        -1.4911430491670789e-02         1.1307757314728921e-03         9.5002419411315923e-03        -1.5021941198904539e-02         3.2150240576801686e-02         4.1346974360788019e-02
49                                     2.3526197688761891e-03         6.8140645988613868e-04         2.9539010668004286e-03        -3.3345188488298705e-04        -3.5781673287989653e-05         1.4437124474242140e-03        -3.1596400821076831e-03        -3.9219974058131947e-03
50                                    -2.5733768924517783e-03        -1.8853812373950156e-04        -4.5296189659688760e-04         3.8338720649084460e-07         4.7935816855261640e-04        -1.7183961812978314e-03         2.1814995973524955e-03         1.5498815313624546e-03
51                                    -4.2141615501015334e-02         2.4881377496189631e-02         2.3429084880441754e-02        -1.8955273491565372e-03         1.5204429074696193e-03        -2.0311143821773394e-03         5.3982812167658713e-03         6.5961748926181762e-03
52                                     4.5429656139553021e-02        -4.1042518348826038e-02        -1.3997367323483563e-02         3.5990319034824823e-03         1.2878600706320471e-02        -6.3368344573788218e-03         1.1050638349974698e-02         1.0583859989451010e-02
53                                     8.7218146322033292e-03        -8.6117727917586952e-03        -1.4414178514901988e-03         1.8304892081142323e-03         4.5845745689278147e-03         9.3782171465539447e-04         2.7211752371663939e-03         4.2700612488901554e-03
54                                    -3.0040205153603190e-02        -2.3346838862814127e-02        -2.1523350381067750e-02         6.0264866667273827e-03         1.1525660850963125e-01        -8.6770354970823575e-03        -8.8677675964075366e-03        -4.7357316258902570e-02
55                                    -2.1025226110592841e-02         4.4686396445367579e-02        -4.2802868962351873e-02         4.4334786457181728e-03         2.4195663497040366e-02        -1.7988969850818988e-03        -4.2907978311168870e-03        -4.0514953981536763e-03
56                                    -3.3239930956660106e-03        -1.0588147001399572e-02        -3.2428286114655593e-04        -2.5206955985738966e-02         6.9114576655414485e-03        -1.6037465400613616e-02        -2.0785127335320282e-02         3.8512423278050933e-03
57                                    -1.8817318747666411e-02         6.1658608896771432e-03        -5.3452053108195572e-03        -3.7620835588793944e-03         4.5740984266536319e-02        -3.1747853291037983e-03        -3.0004121399541451e-03        -2.3733836451388497e-02
58                                     1.3435104883398576e-02         4.8175135904934274e-02        -3.1684365943151611e-02         2.1695434470020734e-02         2.1163781128318706e-02        -8.1369224172730594e-03        -6.8123097903312673e-03        -3.5262547488534176e-03
59                                    -6.5011428726952361e-03        -3.0218046213406066e-04         2.4549384601880619e-02         1.2453654701819424e-01        -3.6772761494899796e-03        -3.9376514603592483e-02        -4.1241435091706004e-02         2.0747017074390202e-02
60                                     4.6537065736449952e-02         8.0759295585088237e-02        -3.1562030393010351e-02         4.4907794012246588e-03        -2.0738297772794817e-02        -9.8530398775889647e-04         1.5632756845795871e-04         1.1407152750271588e-02
61                                     4.8618495680030648e-02         8.4517773528942436e-02        -8.5606977458752523e-02         3.6791423474466060e-03         5.9975230395523209e-02        -3.4489666335875164e-04         8.6573066128685823e-03        -1.8480867652128172e-02
62                                     1.5554331657272832e-03        -1.0647032968572293e-02         3.8696707402887409e-03        -4.6099564426303259e-02        -1.0605338173905911e-02         5.0774457034443582e-02         6.7715078813447224e-02        -3.1698470057055998e-02
63                                     4.3378978899994126e-02         6.7982231920680883e-02        -1.9529644640630020e-02        -5.2545564994111761e-04        -3.7444461767398546e-02         1.5482378884867066e-03         1.1274771772267034e-03         1.6993786780669897e-02
64                                     1.6202885897979385e-03        -1.2039222882056390e-02        -2.1007693445336387e-02         1.1891536235244703e-02         4.0948863442286612e-02         1.8434834227450390e-03         7.2223559528098360e-03        -1.5763676849416236e-02
65                                    -6.6238816749523569e-03         7.9755825763775049e-03         1.2746053991035938e-02         5.6905338019208947e-02        -1.0238070858920808e-02         3.5801302570573811e-02         6.4153626586898591e-02        -3.1829192171539310e-02
66                                    -9.7910279369288009e-03        -1.1488569147807917e-01         2.9518668930674091e-02         1.8428578971631056e-04         1.0190384403328251e-01        -4.0030165488977986e-03        -1.3864217993657411e-02        -4.8393677825398947e-02
67                                    -1.5957663484971817e-02         7.1636616181910417e-03         4.1248470929812660e-03         4.1561986827990055e-03        -2.3003883881950290e-02         4.7838686587362974e-03         9.2602157329242044e-03         6.8778344403121272e-03
68                                    -6.2071814224273882e-03        -1.0037820197433378e-03         7.9853853595592515e-03         3.8371727695789080e-02         4.0586876979868732e-03         2.7921506791774835e-02         4.4277434816143095e-02        -2.5949341045057236e-02
69                                    -3.3052402228911537e-02        -1.1268107129270105e-01         2.5738113187158518e-02        -1.0356063768826673e-01         2.6186253115196741e-02        -5.2010905789613197e-02        -9.0785960974702692e-02         3.5738237528356559e-02
70                                    -1.8647755283554442e-02        -3.0145311547670413e-04         8.7258017689117885e-03         8.3019648273303780e-03        -2.2546064122009438e-02         3.6241508937396119e-03         8.4204647393612848e-03         6.6446439838705688e-03
71                                    -5.7273892170533408e-03        -2.3194046253777237e-03         6.0625978198428588e-03         2.5088644064520296e-02         2.7888871529489778e-04         1.3450579989337975e-02         2.2694049980260943e-02        -1.2213795149751487e-02
72                                    -6.6985417922300242e-02        -9.7613706987358440e-02         6.1869080985426338e-02         9.1626636712074355e-02         1.5651438867506463e-02         4.8787080250517624e-02         8.3419023272404261e-02        -5.4203468556317455e-02
73                                    -1.7141065378858636e-02        -4.3816381169806611e-04         6.5893461428127385e-03        -3.3520665874883500e-03        -2.1511571988691795e-02         2.2210707172816589e-03         3.8184122897335269e-03         8.8466833624181122e-03
74                                    -3.7277780277881352e-03         4.9494832534891225e-04         5.7077174515006270e-03         3.3583416109982014e-02         4.4390404497294369e-03         1.6867970680996387e-02         2.8539140203839325e-02        -1.8092311828346301e-02
75                                     8.8018279803693006e-02        -4.8973600522426698e-02        -1.4685959486416221e-03        -4.6991821237272026e-03         3.5856162553014485e-02        -5.0641468634169209e-04        -7.5528291940956350e-03        -1.2939511735022842e-02
76                                     1.8546463373240372e-02        -5.1440019877134473e-02         1.0454707111174505e-01         2.3487655532684459e-02        -1.2142697989140279e-01         3.3117408218859251e-02         1.3437175607229790e-02         3.6863718371815395e-02
77                                    -6.4866660838994337e-03         2.6633816828739151e-02         3.9460557124067680e-02         2.7687893980043515e-01         2.3952335581261131e-02         1.5386495224156113e-01         5.2824151314527591e-02        -3.3072774548418434e-03
78                                     5.1734277256396184e-02         6.8825423915701150e-02        -5.0180610274780088e-02         4.5724245047478523e-03         7.9362957317344173e-03        -2.6691390341571078e-03        -2.0486702443817343e-03        -2.3020011854983959e-03
79                                    -9.9419841780900870e-03        -1.4998219680204471e-02        -9.6624854324812246e-03         1.8578664035975662e-02         1.4820889064961441e-02         2.7835134541582932e-02         2.2925952075275430e-03         6.3746962025910290e-03
80                                    -3.8424008205234908e-02         3.5601225938217358e-02         3.3449171046328476e-02         8.0956395314895929e-02         1.1281234769531159e-02         1.6315521908200536e-01         1.0013523700501164e-02         2.7595261828125089e-02
81                                    -4.6779882862726198e-02         9.8857398790887896e-02         6.0776825013012542e-02        -2.4132697085902523e-02        -8.8235586653210261e-03        -4.6792662352259394e-02         3.7173421523123001e-02         1.1844401346234313e-02
82                                    -8.4571493690543037e-02         9.8289421531900803e-02         1.1026031561147108e-01        -4.2763555865093880e-02        -7.2460985577626567e-03        -1.3372003831198404e-01         1.2953766693695240e-02        -1.3716292549873568e-01
83                                    -3.7367403930179087e-02         3.5155233018492403e-02         6.3263402341182481e-02         4.9457709470975678e-02         1.6349118288438058e-01         4.7614752568742608e-01        -1.9155433233500965e-01         2.5882352754791527e-01
84                                    -8.0268274264871181e-02         1.3430776806072211e-02        -6.2661172376727040e-02         3.4622490429999687e-03        -3.7992399924473771e-02        -4.3642441086160333e-02         4.5681678337485022e-02         4.2622589687337571e-02
85                                     4.9734479073396752e-02        -5.8614898047163515e-02        -1.1393170800161274e-01         8.9406773079931546e-03        -1.0326237659902211e-01        -7.7914236756212632e-02         9.2066805306635427e-03        -1.1864192880677861e-01
86                                     9.1500749003729925e-03        -1.8558256065876202e-02        -2.6277867046603575e-02         4.1809136192894759e-02         9.6311695539009035e-02         4.1913220359553494e-01        -1.8734292006816636e-01         2.6648194109178908e-01
87                                     1.5381185527304381e-01         2.9866718515647220e-02         8.1191456176291241e-02        -1.2392978551182317e-02         1.2965017056030316e-02         2.1666587754712023e-02        -4.8485673925850070e-02        -5.9176037333534853e-02
88                                    -2.0642781174345929e-02         1.4103401452118355e-02         4.1760947537037046e-02        -9.5696824991080599e-03         9.0493450495747654e-02        -5.1561975913930122e-02         1.2600182071656882e-01         1.8250524715670596e-01
89                                     6.3934809620884029e-03         4.4519775389491745e-03         1.5675873355247474e-02        -3.6390613590137561e-03         9.4176907033691442e-04        -9.8847702376234581e-02         7.3014842043410369e-02        -2.3027752318580123e-02
90                                    -2.7855767729395995e-02         9.6058239678941705e-03        -3.4674168040148223e-02         1.4472631623171623e-02         1.5629433608320359e-01        -9.9215754098299080e-03        -2.0592128007898038e-02        -5.8866311041440265e-02
91                                    -2.6700429785219009e-02         2.6164237267166060e-02        -3.6547210208224039e-02        -2.5110347371892543e-02        -3.7201049637338719e-03         2.2903018669023330e-02         2.7108869123188904e-02        -3.4540239635424751e-03
92                                    -2.7673981445798471e-02         1.8918960698289591e-02        -8.0516509500032103e-03        -1.9654796025233739e-01        -1.1026516159283174e-02         1.5247306235340993e-01         1.4536516612062361e-01        -4.5071414237331416e-02
93                                     5.8514670063229399e-02         8.0840188903912577e-02        -2.7729370199415553e-02         6.3981425681702642e-03        -6.5883268498800801e-02         1.4167186519419219e-02         2.0503804949065743e-02         2.6871026317331115e-02
94                                     4.2045893997004452e-02         8.4833200757272173e-02        -9.2669878332553524e-02        -4.3944841448251490e-03         9.5014998387100633e-02        -4.6564646094704877e-02        -5.9255375285140931e-02        -1.9339749272317941e-03
95                                     6.7019872690768523e-03        -2.4561516099770937e-02        -1.0581011321383721e-02        -1.0636652954284689e-01         8.7405714960214060e-04        -2.4995775259694028e-01        -3.8909019139626400e-01         2.0431973778300583e-01
96                                     2.9165848729447729e-02         4.4075278546907987e-02         2.9043904994285264e-02        -6.7466171854450637e-03        -9.4815693032156936e-02         1.8959088064512492e-02         1.9540323971561264e-02         2.3383760843052274e-02
97                                    -7.1383107697627173e-03        -2.4930098573407240e-02         2.8979369130970422e-03         8.5489558013815900e-03         1.4849802010706476e-02        -4.2115972750293600e-02        -6.5034677260578294e-02         2.9604995693133979e-02
98                                    -1.6534091346182393e-02         1.2077864097379486e-03         7.0461445276396757e-03         5.5831728097384042e-02         9.1887360225855648e-03        -2.9884746708502863e-01        -4.5286531343748609e-01         2.3547586398032505e-01
                                                        48                          49                          50                          51                          52                          53                          54                          55

0                                      3.5596788976144833e-03         6.3671358586948251e-02         3.9814917118829122e-03        -1.4899966429538915e-03        -2.0195305880426503e-02        -7.1566189349573780e-03        -5.6312207820088456e-04        -1.9957003137764431e-05
1                                      1.1464284271591448e-03         2.5863644287617647e-02         2.4158231611385384e-03        -3.2640148760579833e-04        -4.0358457658627715e-02        -1.4995456080159324e-02         1.6763513524940899e-03         2.8642790176938769e-04
2                                      6.6505536802204685e-03        -1.2035885662913341e-03        -3.1743226784573335e-03        -2.8352313072952837e-04         5.1437099809339380e-03         1.9643325854237629e-03         4.9499700007576299e-05         1.0129248231930295e-03
3                                     -1.7805589640828904e-03        -2.8881646789329703e-02        -1.9278029168431296e-03         9.7889801581265128e-04         1.4061860776895533e-02         5.0565824136965939e-03         8.9748459523254006e-04         7.8739926642223531e-05
4                                      4.8077353327087300e-03         4.6816662996782540e-02         3.4428131665265342e-03        -5.6537505120508055e-04        -2.9391408528864675e-02        -1.0832361692360163e-02         1.1064410906283602e-03        -4.1128618276357323e-04
5                                      2.2711444308343695e-02        -7.5399005721311979e-03        -4.3208234430692077e-03        -6.0290591521918824e-04         4.5840442845442768e-03         1.7368195687544391e-03         9.4125713542296150e-04        -2.5366510248249776e-03
6                                     -3.3755500457391427e-03        -8.5478862391249605e-02        -2.9871887046670677e-03         1.4962520731673420e-03        -3.2405999972736750e-02        -1.3051669097056273e-02        -1.4012495455332085e-03        -5.3427376742695819e-05
7                                     -5.1015979600937773e-03         1.2023418223767691e-02         3.6646088918090769e-03        -9.6012132809876255e-04        -8.7026123217188375e-02        -3.2959946047194801e-02        -4.6166124070565551e-03         1.6358528587066678e-03
8                                     -3.6080326781070954e-02        -3.6776293302846572e-03         6.3649496301716594e-04         1.1511292394923742e-03         1.1255974186043162e-02         4.0589485698201413e-03        -4.0578193787097908e-03         9.4727736269569970e-03
9                                     -5.8678096698697125e-03        -3.3654730772487283e-02        -2.1138438365894100e-03         7.9081127613223133e-04         2.2859132891814279e-02         8.6246734621912725e-03         5.8568455296333663e-04         4.0663429570854382e-04
10                                     1.3036884838452358e-02         3.4433942145989785e-02         3.5025828647347159e-03        -4.2758277907636475e-04        -1.1071548650010087e-03        -9.6823240946742313e-05         1.6872023324784372e-03        -1.3336406597560030e-03
11                                     9.2068501249329027e-02        -7.3816622735286570e-03        -9.5584803835498198e-03        -3.0197978919850239e-03         2.2073625254555825e-04         4.8614499265410967e-04         9.1995314221590459e-03        -1.2942025913494607e-02
12                                     1.2454247509920751e-03         5.0545161962201365e-02         4.9789971267358265e-03         3.1839264617299716e-03         1.6306802026087464e-02         5.9345168311607261e-03         6.6147754501589663e-03        -5.6189325176548568e-04
13                                    -1.2175586642347960e-02         2.1097475904043265e-02         3.1423765388442749e-03         3.7729554053389370e-03         6.3560847660782641e-02         2.3394788098492374e-02        -1.2014029089201149e-02         1.1029133845922711e-03
14                                    -8.0880481340669580e-02         2.5255575679623788e-03         2.6608020648844302e-03         3.7656676517063142e-03        -5.6754698218215716e-03        -3.0163053606282776e-03        -9.7903935452756718e-02         7.7139788262128818e-03
15                                     3.4632211245861130e-03         4.8838595265811531e-02         3.6543017843124253e-03         4.3197777147681798e-04        -3.1701690448352254e-03        -9.4681282487604540e-04        -3.2822731812348857e-03         2.6390127409111946e-04
16                                    -1.5046530225375245e-02        -1.1394701133746242e-01        -1.3173865691056752e-02         1.0768161078131210e-03        -3.3940977127450769e-02        -1.3898166359228060e-02         1.0474147888109043e-02        -2.2429689224496129e-03
17                                    -8.6873325619546665e-02         1.9011694760669336e-02         3.7967004791256967e-03         2.9269784215078362e-03         3.3908895089555312e-03         1.2587992573768149e-03         9.8748854902725364e-02        -5.0813365334046586e-03
18                                    -2.2280526930182954e-03        -7.2764507227515887e-02        -6.0972292045503524e-03        -3.3244537607215537e-03        -3.4502850342175102e-02        -1.3281890360258669e-02        -2.0097203489618837e-03         5.3800202483960421e-04
19                                     7.4574197892695706e-03         1.0344479712965314e-02        -4.0064462564544014e-03        -2.8682368198921226e-03        -7.1375451351248795e-03        -2.3973628988436958e-03        -6.8771394128514939e-04         1.4617640091392893e-04
20                                     5.9160085650345286e-02        -4.8122790952257058e-03        -5.4874159145452024e-02        -2.3091451528379190e-02        -2.9739075392259599e-03         3.4132837975210683e-04        -1.1143516846133905e-02        -2.6061224055694185e-03
21                                    -1.5533015080900958e-03        -7.1482297608636572e-02        -8.2658225486587876e-03        -6.9288523633604408e-03        -4.1814205354461176e-02        -1.3660015545001887e-02         2.2957358024157735e-05         1.0775172330555951e-03
22                                     4.9632934887813319e-03         3.6260112770657320e-02        -6.5057997710682046e-04        -5.1536234458043426e-03         2.3693772676649173e-02         9.8588432308490664e-03        -1.5417006418090612e-03        -1.0310000022021118e-03
23                                    -2.7139000630250244e-02         4.3082656995363285e-03         1.9053431699945479e-02         2.8894867865060184e-02         2.1544971291575727e-03        -6.9280840473507545e-03         6.5312553421465122e-03         6.4920005629208672e-04
24                                    -2.4796147103873031e-04         1.3892202396856016e-02         3.2971146617107512e-03         7.4136173132843992e-03         6.5193491105087651e-03        -1.3844121718777273e-03        -2.8591098787160728e-05        -4.0720011982128231e-05
25                                    -1.2526523708027206e-02        -3.1422682595144739e-02         2.9799240425139482e-03         2.5133239208231583e-02        -5.3045816741116780e-03        -1.5497030136279970e-02         3.1491245120716937e-03         1.0434531273141871e-03
26                                     1.3473342051914987e-02        -7.8037724191651059e-03         1.0805399908602579e-02        -9.1351487805394857e-02        -1.7021685197114500e-02         4.6581997536787552e-02        -1.6947216870836770e-03         4.9795374126799041e-06
27                                    -1.6990521623859573e-03         3.6370839806147914e-02         1.0290340769144571e-02         8.2479138904730876e-04         1.4294715669041233e-02         8.9721397640073596e-03         9.0380753107120021e-04         2.0802904167044477e-04
28                                    -6.4216021658991809e-03         8.0995437478974981e-03         4.3043267262133644e-03        -2.2359246895999413e-02        -4.7638842013097826e-03         1.9721773689940787e-02        -2.0136221644873660e-05        -4.4590817157032353e-05
29                                     2.1552830830988828e-02         5.8917259609400866e-03        -1.6052973051986420e-02         8.4135944098708740e-02         2.6143010998512694e-02        -6.7832962008678735e-02         8.5752927544910417e-04        -1.6980045444299352e-05
30                                    -1.0064848515356180e-03         9.0299105239810334e-04        -1.3877297883778837e-03        -9.2102779167104896e-04         2.8778146705130780e-03        -1.6652459620183273e-03        -2.5611061649042570e-04        -2.1761722149500742e-04
31                                     2.5839314985601756e-03         1.8874244363198331e-02        -1.4696340766706575e-03        -2.4687560891785372e-04         1.2595676302516656e-02        -8.0205510651114760e-03        -2.0900669232065799e-04        -6.0691625318907701e-04
32                                    -8.4930603017789198e-03         4.7199701633746666e-03         9.1288041560524079e-04         9.3758911326275135e-04        -1.4114549543826491e-02         4.3640181161838792e-02         5.1731228084571953e-04         1.8445523053904752e-06
33                                    -1.7493450323943249e-03        -1.5485228573554234e-02        -2.9550535397775655e-04         4.4809042367458182e-03        -8.8767960521972666e-03         5.6295636214339631e-03         7.0656725860908213e-04         3.1671142369617131e-04
34                                     4.7065720280933809e-03         4.2546932473544186e-03        -1.0939690528164541e-03         1.8613942461829687e-02        -9.8305012032222083e-03         2.7248315872469064e-02         4.6011099241544453e-06         1.5303334651324427e-04
35                                    -3.0562144364257374e-03        -5.6211606671233426e-05         1.1467524062701099e-02        -7.1754713703680459e-02         4.2581815796768424e-02        -1.0996410882860981e-01        -6.1336296552907509e-04        -2.6388675636205427e-04
36                                    -6.2984530046761419e-04        -5.0820535138060624e-03         3.7911737451098418e-04        -1.9330778017673223e-03        -1.8692944794888547e-03        -3.0190310101797335e-03         1.3918195666864268e-04         1.9052039453672419e-04
37                                     2.0012544616752619e-03         6.0987111192906413e-03         2.4882667878737925e-03        -4.9324524492925480e-03         5.1587973672980805e-03        -8.1135341791184132e-03        -4.7825875719213369e-05        -3.9737117057288229e-05
38                                     2.9133070435026541e-03         1.1346978534749401e-03        -3.8679392982257704e-03         2.5706406766736915e-02        -1.2776697823292868e-02         3.3333278369016742e-02         2.2415223259403440e-04         1.0331622642996153e-04
39                                    -1.0216342152842187e-04         1.0120623891139290e-03         6.9201556631794413e-05        -4.3472680488504763e-04         8.5150785689586236e-04        -5.2182062761288288e-04         3.2622554237494059e-06        -4.2650453910731633e-05
40                                    -1.9519591892217477e-03        -1.1561289576512577e-03        -4.3408590682512613e-04        -2.5608184482492947e-03         9.4052962975608155e-04        -2.4058208250525084e-03        -6.5269888523121982e-05        -3.6327468014769354e-05
41                                     6.5524613414196030e-04        -2.0482329851663266e-04        -1.8485342016815031e-03         8.0449082912958034e-03        -4.1177969122389285e-03         1.0686083790239239e-02        -1.2282908393090141e-05        -3.9088794646927710e-07
42                                    -1.4775530047211078e-03        -8.2673435999093081e-04        -7.9949387022408471e-04        -3.0704484853217429e-04         4.6129861392962579e-05         3.3310076764361661e-04        -1.7861734498290376e-05        -5.9715035984550145e-05
43                                    -1.1206576194830687e-03         2.7377869856723907e-04        -6.9165158396772655e-04         1.3499616374994995e-04         4.0388498255357157e-04         7.9885156004918720e-04        -4.3221921865505067e-05        -7.5414676781926257e-05
44                                    -6.8776482091301042e-04         3.1797505848323097e-06         1.9580013216310326e-04        -1.8251183342963050e-03         9.9439268678252883e-04        -2.0513275717211630e-03         2.3331224070828384e-05        -1.6868666970577250e-05
45                                     7.3630358573808141e-04         2.8230721036921571e-03        -1.5251151063584126e-04         1.1014330555744549e-03         6.2951129574156202e-04         1.4576524607410038e-03        -4.7773434022946426e-05        -6.3159286314841705e-05
46                                    -1.3648262233313144e-03        -5.0604818874776022e-03        -1.0523649075357552e-03         2.6087570515302347e-03        -2.9297633073235079e-03         3.4499470528076286e-03         9.1509022082707537e-05         5.0918515872664237e-05
47                                    -2.0615436717201195e-03        -1.0965727700036623e-03         2.4675384766610704e-03        -1.3874064768155857e-02         6.1196206047853512e-03        -1.6419214876915743e-02        -5.8681079797684115e-05        -2.1477942315215445e-05
48                                     1.6330714339113813e-03         6.0743779732559478e-03         3.1871874821393255e-04         1.4656278359599168e-04         2.3343886702350321e-03         3.3471714422065609e-04        -1.6632815594791459e-04        -1.0649142949220918e-04
49                                    -2.8795625942239103e-04        -1.1324904691515547e-03         1.2586379815505204e-04        -6.9076506054578538e-04        -2.0016755069514916e-04        -9.3190681209638128e-04         3.6163956651947329e-05         2.5846927880618382e-05
50                                     4.4794588903229005e-04         1.8657853988176927e-04        -5.3917053728918380e-04         2.9206888037816587e-03        -1.2589322753220613e-03         3.3295411537726236e-03         1.6242209653459406e-05         6.2147733428813389e-06
51                                     2.3873470645142916e-03         6.2717527125422425e-03         3.8909095912389687e-04         2.7058342353419548e-04         3.4306750576470362e-03         8.7136443672569642e-04        -7.4416069116847760e-04        -3.9862409577839613e-05
52                                     1.1631854385602404e-03        -1.1740247057527247e-02        -9.4968193450348779e-04        -4.8078461816514087e-04        -5.9692924363808162e-03        -2.8275006599927030e-03        -2.1745571641669409e-04         1.9483469823856764e-04
53                                     9.6526386928595296e-04        -2.5617717044974552e-03        -7.9038314380179401e-04         8.0638462812398181e-04        -1.9146704022050490e-03         9.9963814974426252e-04        -5.3466136887740233e-04         6.0572721876424605e-05
54                                     4.2367125344613199e-03         3.6993534055971458e-02        -8.2879401296639225e-03        -3.8651604589239517e-03         4.3723025497579629e-02         1.7530556188396062e-02         1.4726075784730923e-03        -9.8236414467518882e-04
55                                     4.9032880216655231e-03         7.3884445730863085e-02         2.8743024680252936e-02         5.9808540508230279e-03         4.1685513845283795e-02         1.6092009043130611e-02         3.5103209152015642e-03         3.2874058515094495e-03
56                                     1.2266405979463588e-02        -2.1638654186892790e-02         1.3645032568957174e-01         2.1812010169931846e-02        -2.3730177987337127e-03        -1.9195722159630747e-03        -5.8142574788387236e-03         1.4122945824168162e-02
57                                     3.7160335989997375e-03         2.5310257353437001e-02        -1.7979130924044148e-03        -3.0578817886137946e-03         2.1089284953082904e-02         8.6850995568122022e-03        -1.0583238552646418e-03        -5.9129519305062674e-04
58                                    -2.2718315966449147e-03         2.8993675877784349e-02        -4.8417809695719604e-03        -1.8994755707412928e-03        -3.6642443918088581e-02        -1.3455526115001875e-02         1.3701274246159495e-03        -1.4060100576540630e-03
59                                    -2.1437681176595034e-02         2.9848979882429907e-03        -5.5284234129327640e-02        -7.1499424634674192e-03         5.1267071462968118e-03         2.3815449058022481e-03         7.7696505751847483e-03        -1.1060134552716970e-02
60                                    -1.3107877713605797e-03        -1.6247069703655737e-02        -7.2069750176239147e-04         2.5861668233434168e-04        -9.2709468699478485e-03        -3.6132426338656098e-03        -6.1493539158499972e-04        -3.4176042606445661e-03
61                                    -1.5877867037150345e-03        -5.5769129426688199e-02        -3.3908636543993390e-03        -1.9992775225723390e-03        -4.5627036322766615e-02        -1.7186973219540304e-02        -2.2263476735755201e-03         1.4487915036019471e-02
62                                    -2.7404610553339731e-03         4.4170369975733946e-03         2.2107333558769364e-02         1.9029817445531867e-03         6.4690357360613539e-03         2.3298936334482535e-03         4.7246694209493066e-03         1.0428359404124850e-01
63                                    -1.2989737919084972e-04         4.4696835489123577e-03         2.0387763658185577e-03         8.5563113581503655e-04        -1.5006966432559301e-02        -5.7787926714114781e-03         1.5361201964082214e-04         3.1855148250267040e-03
64                                    -5.7186692599133157e-03        -7.1785524400107811e-02        -6.6036272493580099e-03         2.3121318684498730e-03         1.5365259444965806e-01         5.7664079504796531e-02         1.1549260402939382e-03        -1.3337113569256438e-02
65                                    -3.2987021825428134e-02         8.0643587220578725e-03         2.8525061732887953e-02         3.8405228968794078e-03        -2.2018518050220093e-02        -8.4062428709518969e-03        -8.8506371383316948e-03        -8.9869062629292798e-02
66                                     8.9410426690462955e-03         2.6465388041149757e-01         2.2166582506311761e-02        -4.1997060804069009e-03        -2.2775728712074983e-01        -8.3889018774510479e-02         6.7793606511911755e-03         6.6171494522300055e-04
67                                    -3.8721342861741835e-03        -5.8519540472465409e-02        -3.6988832387527871e-03         8.9875316469047075e-04         4.8011657430249856e-02         1.7664890047645827e-02        -1.7078822932910796e-03        -1.2990671045076028e-03
68                                    -1.4046014403874018e-02         1.5369292438673911e-02         1.0232086266799102e-02         4.4250399512313511e-04        -1.4050711737199533e-02        -5.2415468615747253e-03        -4.9961779583515098e-04        -8.6031842836622862e-03
69                                     3.9828296734586807e-02        -2.5447687512774007e-02        -2.4191201419925458e-02        -2.4674735472251233e-03         7.8648539739826717e-02         2.9601099311702281e-02        -3.2029249698364822e-03         1.0473161038108910e-02
70                                    -5.4889701291048216e-03        -6.5196407681954685e-02        -4.5899720590788706e-03         8.4986070864448264e-04         6.5240120045036626e-02         2.4040809542428862e-02        -2.9673357175771030e-03        -2.4886464518585646e-03
71                                    -9.0909581635790025e-03        -6.6516265783932455e-03         3.9053750699229008e-03         5.0100241310232531e-04         1.2920979007328279e-02         4.7576758973372543e-03        -9.1129962101100539e-04        -3.3497798136694810e-03
72                                    -3.5240467505655140e-02        -3.3317684367706379e-02         1.3852923785932768e-02         1.2414140056230558e-03         8.1896891134498828e-02         3.0368605783694873e-02        -7.0008877107378418e-03        -1.0670678705687064e-02
73                                    -7.1706472889467336e-04        -6.0724160752686857e-02        -5.4393840825471065e-03         6.9595615404820482e-04         5.9483469407967435e-02         2.1954701318002107e-02        -2.3928772385992912e-03         1.0868022033642471e-03
74                                    -1.1777562833120947e-02         2.1471506941159044e-02         8.2605309041419231e-03         2.4432554603162897e-04        -2.5862736806873364e-02        -9.6464232469070602e-03         2.8230114341972531e-04        -4.4838274573592253e-03
75                                    -1.6778677857728002e-02        -1.5399518513621760e-03        -5.6542970936338576e-03         4.2659302188344655e-03        -5.9434736883839601e-02        -2.4021867917473624e-02        -1.9790150977796104e-02        -1.3851586251232759e-03
76                                     7.1041202372556886e-02         5.2299242728097918e-02         1.0043893484317910e-02        -5.9650934818704046e-04         1.1840844491874132e-01         4.5745511820291983e-02         9.2127761400671512e-02        -4.4836913572484103e-03
77                                     5.0458256999939144e-01        -3.7348709612197398e-02        -3.4673370863436736e-03        -2.8267210469106668e-02        -3.4343923818044360e-02        -7.9551747327429832e-03         6.0680272859188167e-01        -4.3378700970713564e-02
78                                    -1.4228299554943617e-02         8.1411325635779450e-02         7.5861907917444092e-03         7.9341539561207436e-04        -4.6965565066802134e-02        -1.6990847214179615e-02         1.3807036053427809e-02        -1.0236230379606955e-03
79                                     7.9149076990584794e-02        -1.0212340766120546e-01        -1.6189731646883827e-02        -2.0264639596124793e-04        -5.0577162251516226e-02        -1.9849037763612333e-02        -1.0258779408392847e-01         2.8428112725035737e-03
80                                     5.0479932815488571e-01         1.4308400670289616e-02        -2.0802554198179099e-02        -6.4701846911917552e-03         1.5212707886710060e-02         6.7723366808878603e-03        -5.9976754964215717e-01         2.8306850238088415e-02
81                                     4.3768916181326023e-03         8.3430170527585182e-02        -3.1249105420380683e-03        -4.1228827628080299e-02         5.8016466746872886e-02         4.3335323803418244e-02        -1.2629608481646362e-03        -4.9151584639037411e-03
82                                     2.1309550298117094e-02        -1.3371252091993382e-02         2.1440705641790403e-02        -1.3838738394400632e-01        -1.4477571089973742e-02         6.8265915458255819e-02        -1.8553176668875080e-04        -4.6078238296884654e-04
83                                    -1.0950864902450486e-01         2.4541551447641668e-04        -6.3097221286904787e-02         4.7214370592603128e-01         7.3828221092647389e-02        -2.1991233559961135e-01         1.0149207219810332e-02         6.7165127573843620e-04
84                                     7.6605195126491984e-03         2.0437745908725373e-02         1.1302647122583987e-02         4.6029458107127823e-02         1.6739402989502015e-02        -2.6188159263029184e-02         4.3522179738568522e-03         2.0260327787205161e-03
85                                     4.0138727555333542e-02         3.2093648466451061e-02        -3.9582565031325977e-02         1.1680865367495367e-01         4.6145281544516435e-02        -8.3847496807927135e-02        -2.7688519786216886e-03        -2.3248609972359130e-03
86                                    -1.3908553371718652e-01         4.9220154484818906e-03         9.9992337954082799e-02        -4.5607676303007610e-01        -1.1703714335102780e-01         3.4207214951531012e-01        -4.1206640912815696e-03        -4.9432083953658557e-04
87                                    -6.7568000336638801e-03        -1.3690560750510734e-02         4.3413783618904168e-03        -3.1741516974803638e-02         1.3055136183127732e-02        -4.2861704937318952e-02         4.8504196860386050e-04        -7.3766062998837455e-05
88                                    -3.3214677219652877e-03         1.7799504812184487e-03         2.1746104345103774e-02        -1.0806966623300948e-01         5.7249749948205107e-02        -1.5432680473045385e-01        -7.6982953934750934e-04         7.8877437211740198e-05
89                                     4.0264756655993834e-02        -3.7064077722502288e-04        -7.4216096677927779e-02         4.4391331985140930e-01        -2.4167183125371944e-01         6.1613613689211388e-01         2.5645641491687582e-03         1.4954994978984215e-03
90                                     1.0856466383598622e-02         9.5588268531251727e-02         2.4596953978139158e-02         8.2770424558143065e-03         6.8567164802269834e-02         2.2530727060690477e-02         2.4059712652514339e-03         2.9404567954773248e-04
91                                    -1.8929855203536045e-02         4.7071541514057652e-02        -1.1979006162578200e-01        -2.0428474857697044e-02         2.4092468698746854e-02         1.2549080000445301e-02         2.7664022011999563e-03        -8.2042371871238560e-03
92                                    -1.2445054273219724e-01         7.1534571951266862e-02        -7.5398821982817144e-01        -1.0780276812858375e-01        -9.3370748774543929e-03        -3.1998863952427477e-03        -6.9637642303543293e-03        -6.1884161745529076e-02
93                                    -9.4747897364323482e-03        -1.0612646414529679e-01        -2.6645106260083907e-03         7.0657496657875341e-03         1.6741528886362333e-01         6.1752495362714252e-02         4.8986072713958417e-03         2.3250842202068307e-02
94                                     1.8776509819412535e-02         3.7832999989384519e-04        -1.1553761443791737e-02        -7.0343446163236723e-03        -1.5927612676610972e-01        -5.9054728015611117e-02        -9.7394599856338877e-03        -9.2260831742616442e-02
95                                     1.2336462058543067e-01         3.5144958647160768e-03        -5.1983465786335531e-02        -9.3922774610102748e-04         2.7216093873943824e-02         1.1214187770551564e-02        -2.6883534716458234e-02        -6.4446444903888755e-01
96                                    -4.3090914571847008e-03         5.8694254241199215e-02         1.5696280598503799e-02         4.2738259951614734e-03         5.6572926309492365e-02         2.1294248684971772e-02         8.6591682473558657e-04        -1.8229600908899121e-02
97                                     1.5750684549597958e-02        -4.2968192178879476e-02        -3.5658912051019086e-02        -7.2733748202157803e-04         1.9808302496627980e-01         7.4541385847040176e-02         1.1063872482521100e-02         7.8456005957015254e-02
98                                     1.1666543261209980e-01         2.7213205962037752e-02        -1.9742910003890407e-01        -2.7094786643644061e-02        -2.7302432208633726e-02        -9.8838164079264202e-03         5.0814710526695207e-02         5.6113194616744233e-01
                                                        56                          57                          58                          59                          60                          61                          62                          63

0                                     -8.1760987315402968e-03        -4.2942509953799453e-02         4.3064104654936715e-03        -5.4182702637258391e-03         1.7409027913292654e-02        -5.7336569098994912e-04        -1.1327324642036235e-02         1.1192436026921290e-02
1                                      5.7888642485981641e-03         1.1691801965359014e-01        -1.7890253920515575e-02         2.3362964187858171e-03         6.1100920490761027e-03        -1.4046999753710243e-03        -9.0500123158376231e-03         9.7422418672860395e-05
2                                     -1.3610841919694740e-03        -1.8034655537558571e-02        -1.2534297958981355e-01        -5.2092739574648378e-04        -3.8803548738725513e-04         2.0979101685434466e-04         9.4768172890550889e-04         4.1817177110686689e-04
3                                      8.6907536702455178e-03         6.7114920261707275e-02        -4.0665893074004105e-03         8.2963102621337083e-03        -4.0184024116332290e-02         2.2531612611109464e-04         1.9239160374861078e-02        -2.2564397065373599e-02
4                                     -3.3001380420369770e-03         1.3692101003201670e-02         1.7518153172393181e-02        -1.0399915976698948e-03        -9.6496544839899598e-03         3.0320179412172150e-03         1.7829197149295151e-02        -4.6591807788572744e-04
5                                      1.1096056538850135e-03         6.8433787155544709e-04         1.2394009215982285e-01         4.4121223881821441e-04         2.4556566674886651e-04        -4.1789670375141788e-04        -1.9032038020744173e-03        -7.4846046449791490e-04
6                                      6.0096612614967551e-03         3.5050248587530142e-02         3.6255854538250166e-04         1.4309412106288211e-02        -4.0913130738411643e-02         2.2882723586204762e-03         2.3276093440597369e-02        -5.8520978624862661e-03
7                                     -9.4227748598991641e-03        -9.7732425976242113e-02        -1.8259928682349570e-03         4.1217045031380099e-03        -3.9865005278374332e-02        -4.6365220720412529e-03        -1.8105635087889062e-02         3.5634718216928033e-04
8                                      1.2647832860679044e-03         1.4637636754952020e-02        -1.3679452504784419e-02        -5.9089281523035660e-05         4.0960211115840589e-03         7.0665132454054589e-04         3.3214021747696911e-03        -2.7595078594428596e-04
9                                      5.8949874779045822e-03         4.3991983792949024e-02        -8.9872792305891762e-05        -1.1656633247092913e-02         7.7344631149886864e-02        -1.4944656677373530e-03        -1.7992968633778729e-02        -3.4109471925969732e-03
10                                     2.2584247542809934e-02        -1.6408326779837286e-02        -8.6807785741875403e-04         3.4492654741335072e-03         2.2301442644139517e-02        -1.6875558432672513e-03        -2.9123408075465210e-02         4.1100410741269085e-02
11                                    -2.2324821678615190e-03         3.8979492975340763e-03        -6.8753803532909186e-03        -1.3189062437513645e-03        -7.9852248900617775e-04         1.6131525098622804e-04         3.6217086470420878e-03        -5.6769683313458372e-03
12                                    -2.4918790004279590e-02         6.3747861481591346e-03         1.4005047959624492e-04        -1.5186364795040654e-02        -4.3042893105529688e-02         9.2116241073187111e-03         5.2289915495530893e-02         7.8912513895257590e-03
13                                     7.0522456310174774e-03         2.7598087280469436e-02         3.5650678609939622e-04        -3.5244343717480181e-03        -3.8931891728332939e-02         1.5300435323199577e-03         2.1257475884516965e-02        -1.8588876420820695e-02
14                                    -8.7913548622753053e-04        -2.0682073983608463e-03         2.5966960099360653e-03        -5.8140588955514053e-05         3.9322689585925196e-03         2.7103725496420932e-04        -1.0242722488979341e-03         2.5253487610030108e-03
15                                     2.3822630734136999e-03        -3.0125865454036328e-02        -5.8884726599593204e-06        -3.7085688861673970e-03         3.1059888663179904e-02        -7.2646564727629368e-03        -4.8980230473390993e-02         1.4929965832430678e-02
16                                    -1.2115561340132479e-01         2.6381715930268512e-02         1.6405806988945872e-04        -2.5933827914270385e-02         3.3968987106480761e-02         4.2277743364463735e-03         3.0559268272155565e-03         1.9905713009867487e-02
17                                     1.3587164427322553e-02        -6.5723027057103759e-03         4.9333468797522291e-04         4.8764806592135604e-03        -4.1550671702526455e-03        -7.0684583185069260e-04        -2.9475135492924658e-03        -3.7749613305722456e-03
18                                     5.8993307643971316e-02        -5.3346176334528646e-03        -1.9809037381319589e-04         5.9755507633165193e-02        -2.8688172753268057e-03        -1.4127009446368922e-02        -4.6419042246626484e-02        -8.8023360820069854e-02
19                                     3.3973298257782773e-02        -6.3311660032992845e-03        -5.9466479445702943e-05         1.5697045805491337e-02         7.2007743946814467e-04        -4.9881645548431018e-03        -3.4243240771953037e-02        -1.3501104984240662e-03
20                                     5.5794254357317673e-03         8.4078969336765408e-04        -4.9159658252980647e-04        -3.7336326681338631e-03         1.9162415751011643e-04         3.4675227812104239e-04         6.2819054371413986e-03         2.8883306398887498e-03
21                                     1.1338494619556853e-01        -2.2001524955908860e-03        -3.7749016122722831e-04         1.6193554198053101e-02         2.8635645545973532e-02        -1.9216040075755135e-03         2.8250157015587102e-02         4.6401883665243969e-02
22                                    -7.3833027668585155e-02        -9.8606795418818198e-05         1.3731830829816745e-04         2.7037618783179347e-02        -1.3091919238468501e-02        -1.0973040963704394e-02        -7.3263085899360619e-02        -1.1539116754815737e-01
23                                    -4.0221040813715183e-03        -1.9950695181423679e-03         1.7999186171341217e-04         8.5860978210138047e-03         5.8327355078723541e-04        -3.1536092829315713e-03        -1.7905553662821965e-02        -2.4444663127016149e-02
24                                    -7.2887411533198200e-03         5.0789406786025653e-04         3.3588788883371419e-05         6.5253959657088592e-02         1.0842884742394726e-02         3.0891106550117467e-02         2.3999710626986491e-02         3.1071153811277633e-02
25                                     3.9558738894411097e-02         3.7993285202214009e-03         1.2331461529183589e-05        -5.6803116337658693e-02         1.5769862220129036e-03         2.8979491812424086e-03         4.5222740809468087e-02         6.3224208807243970e-02
26                                     7.2534488873806542e-03         1.5889435079629070e-03        -5.9610125770271829e-05        -1.0571819606429961e-02         4.3160482012643989e-04         3.0923142531745205e-03         1.3993886161630498e-02         1.7968397220875804e-02
27                                    -3.2972519934649377e-02         2.3245761787744827e-03         1.5295323059529611e-04        -9.8093480043304537e-02        -1.7533040474880988e-02         5.5832109546316800e-03        -2.7222386193705234e-02        -3.6823583285051115e-02
28                                     1.8896563509071180e-03         3.6337812749162222e-04         3.2071272555449691e-05        -2.1047344094352403e-02        -5.4183787852861822e-03         6.4379283625974226e-02        -2.9718317443365358e-03         6.3362233061380092e-03
29                                    -1.6285347730350770e-03         1.4490222133818051e-04         6.3986446554841750e-06        -1.1476780338062889e-02        -2.5710579256118778e-03         1.7245894029076940e-02        -2.5867329864395173e-03        -6.3046909613358800e-04
30                                    -7.2829256775964156e-03        -7.2313432582529595e-04        -1.7973454577770546e-05         4.5681150468192995e-02         7.8926868468288166e-03        -4.6772964832410578e-02         1.9990654039654509e-02         1.7241992670071749e-02
31                                    -2.7552552051795420e-02         2.6140892796981614e-04         3.3356694516205374e-05         2.5331888748274443e-02         1.0655795051513722e-03        -5.8060371902973834e-02         3.3192026556046520e-03         4.0932396254548696e-03
32                                    -7.7196871765373241e-03        -1.2816214380889679e-05         5.1937132333606144e-05         1.0124644109276231e-02         6.7398412004340456e-04        -1.8750381604822671e-02         2.4326667246108466e-03         2.1688473644726710e-03
33                                     1.4808391807526064e-02         7.5751755584381160e-04         1.0157067940429512e-05        -4.2586010575942003e-02        -5.5245265249369759e-03         1.8020453157435053e-02        -7.6781907800816005e-03        -5.6184074948053466e-03
34                                     6.1587476986544806e-04        -3.4133768507385511e-04         1.2639697144884966e-05         6.9733082271682817e-03         1.3068200790759031e-03        -1.4291770945858259e-02         7.8542157722332525e-03         5.2715895035275687e-03
35                                     1.2298766309693390e-03         2.7671608749288250e-04        -7.3318896751052137e-05        -1.7385239272848030e-03        -1.1771382301824346e-04        -2.1651186315793133e-03         1.7499858164203637e-03         1.2359729774908416e-03
36                                     1.1424301792608787e-02         7.6452542912695479e-05        -1.7444885517327482e-05        -3.3414352381778270e-02        -9.2020043824344571e-03         1.9744783041586719e-01        -3.0428060990548882e-02         1.6921578994355909e-04
37                                    -6.2691066856919945e-03         2.6318619850780920e-04         1.5383419093515921e-05         4.2201065523003083e-03         1.7866542734250404e-03        -1.8210365666135681e-02        -2.1985472587696692e-03        -5.4467034031636776e-03
38                                    -7.1956483320172984e-04        -6.5420224707184590e-06         1.8620473148743121e-05        -1.2381178459614163e-03        -2.1938782347131106e-04         9.3375008701662796e-03        -2.7245499926516819e-03        -1.3854135990874958e-03
39                                    -2.3890999534645387e-03        -6.9408897410470746e-06         2.7723908361623607e-06         5.4262029794001684e-03         1.4189270835895155e-03        -3.1714326325371571e-02         4.6611458955360500e-03        -1.8275543793613131e-04
40                                     2.7009087887954896e-04        -1.1004050691015535e-04        -3.3293071734274786e-06         2.0335652953252814e-03         3.3645157622960420e-05        -1.3436814811398441e-03         1.3627315927902961e-03         1.3153588558719488e-03
41                                    -1.3935894445656058e-04        -3.7424287273523925e-05         1.0535664374925586e-06         9.4752529428151968e-04         1.2428412375175882e-04        -2.7939769147924797e-03         6.9590296907028689e-04         3.1161689942448109e-04
42                                    -1.2580519249842986e-03        -3.1366234035800794e-05         1.3517365191900252e-06         4.6358733621954225e-03         1.0852386675083716e-03        -2.8096068357751511e-02         4.4824677236203515e-03         4.6511353859317615e-04
43                                    -2.7965760862750958e-03        -2.6519241035253183e-05         4.4380518600694222e-06         5.8294790561225400e-03         1.3563148644859008e-03        -3.7745714725455064e-02         5.2390326050688434e-03        -4.6710687309116724e-04
44                                    -7.4679618619340128e-04         6.9628162224293104e-06        -2.0842904597149558e-06         1.7365336994755703e-03         3.9112873704599447e-04        -1.1003299603032125e-02         1.5701683552973987e-03        -9.3949532422478045e-05
45                                    -3.5618105520328412e-03        -1.4824373932207287e-05         5.5361941874888979e-06         7.2692368520984874e-03         1.6699644618249996e-03        -3.5825545435075268e-02         4.9148086418662152e-03        -3.6438391259576997e-04
46                                     3.7073453382482119e-03        -8.9581624409174148e-06        -2.0236987748567097e-06        -5.1226381230783805e-03        -8.3129775963396017e-04         6.1285242599626970e-03        -2.3672702884568211e-04         5.0964339488491941e-04
47                                     7.0654849879710126e-04         4.0937377745375193e-05        -6.4988711968248761e-06        -9.3679128494201516e-04        -1.3577348472757080e-04        -5.2090025450166478e-04         2.0823984107721494e-04         1.1047290690663110e-04
48                                    -6.6271826109915947e-03        -1.3097151913735993e-04         6.8104466540865779e-06         1.6915854284089048e-02         3.7874575428979754e-03        -7.0448328928553183e-02         1.1392972458112598e-02         6.3782854202738912e-04
49                                     1.6197086082574261e-03         4.4728254716813088e-05         3.5599674942047560e-07        -4.9546393481541750e-03        -1.1339082648338995e-03         2.2793915445180408e-02        -3.8474781961403246e-03        -3.5298343991638882e-04
50                                    -1.1162519313450664e-04        -6.0398670122444653e-06        -9.2605477187273188e-07         9.5936684839546804e-05         1.8624102776646910e-05         1.8648755207417977e-04        -7.0585896782064775e-05        -2.9139686672346503e-05
51                                    -7.6647448680987858e-03         3.7316753942680481e-04         1.5052899859696181e-05        -3.5839302234519747e-03        -2.5560270156287576e-03         5.3522421714429207e-03        -4.5459780952877725e-03        -6.7477347003397376e-03
52                                     1.4480068530941833e-02        -3.2061629119233302e-04        -4.7282771652014583e-05        -4.7829633036247134e-03         1.1608776182866552e-03        -5.7359552049848086e-05         4.4118145895434115e-03         6.0656009064569564e-03
53                                     3.2484882050697861e-03        -1.6296166309607454e-04        -4.7991198680057946e-06        -1.5550357223919095e-03         4.8598527198899180e-04         3.0392940928895330e-04         5.4596693800579386e-04         1.3815216944004203e-03
54                                    -2.5005784247509658e-02         4.3711878455166353e-03         2.2121840781242963e-04         5.6357138181634949e-04        -5.7090630231730929e-02        -3.7195625793390356e-03        -1.2403844302440062e-02        -5.7595803838655134e-03
55                                     1.0414638326280179e-01        -1.4194155585651886e-02        -1.3971347582287266e-04         9.0193227977347721e-03        -3.9744534487820463e-02         3.5595409992907352e-03         4.9016589528511532e-02        -2.7556863071177854e-03
56                                    -1.9208814202901908e-02         2.4104988208346495e-03         2.7551102482202658e-04         8.0224307834403374e-04         4.3946938373848870e-03        -9.0474387034308835e-04        -7.9913157922763874e-03        -6.8545178803484745e-04
57                                    -5.0102735125266584e-02        -4.5625067536358118e-03        -3.2964487194188961e-05        -2.2045568344511785e-02         3.6482954620584013e-02        -2.0606984315160483e-03        -2.3824659858359701e-02        -3.2193226130105446e-02
58                                     1.5316072354639970e-03        -2.9966290125807340e-03         7.4234766127918045e-05        -8.3874072297584097e-03         3.5846982867956310e-02         1.0037853287233795e-02         4.7432914515511508e-02         4.8158298222834447e-02
59                                    -1.5053450663319232e-03        -3.3136102958985226e-05         1.9697648339519699e-04         3.0380980838268365e-04        -4.0891324142377323e-03        -1.4023211092144491e-03        -7.3933358303906495e-03        -7.7094529422747490e-03
60                                     2.8493897371534667e-03        -2.6331936131870147e-02         1.5848020956683498e-04         6.6057044517923427e-03        -5.0016688444355001e-02        -4.3482917851865241e-03        -3.0487997513399798e-02         2.3875208196291225e-02
61                                    -1.8722777568763685e-02        -2.2921921550547654e-02        -4.6918302562302754e-04         8.2258595273852798e-03        -2.7199401322568477e-02        -6.1990284145742088e-03        -2.3553353174525459e-02        -3.1756396200591064e-02
62                                     1.4263870592344202e-03         2.2855991026684802e-03        -2.6584432951609525e-03        -5.3027419407062736e-04         2.4277663605337951e-03         7.4313272551223511e-04         2.3392644316486493e-03         5.0361577781974408e-03
63                                     1.9782209450127729e-02        -2.4529574763423819e-02         9.2138817261782019e-04        -2.6710336083947033e-03         4.3843916189061818e-02         4.7141228565149495e-03         3.5611559164758340e-02        -2.3487421866280004e-02
64                                    -4.7485099535558278e-03         2.7537746175319729e-02        -4.4175507775907012e-03        -6.7386219404180691e-03         2.3091392640821457e-02        -1.6279516521170132e-05        -7.0211597926620297e-03        -6.6145922468419079e-03
65                                     2.0452708119477279e-03        -4.7260096316422357e-03        -3.1498259044042874e-02         7.6596052754178813e-04        -1.7986160359886869e-03         1.4716242675772012e-04         2.1858953517976997e-03         2.1042445170994507e-04
66                                     1.3866721956181806e-02         4.3271182953287335e-01        -5.8072782779145862e-03        -2.7505330225183937e-03         7.3835129159615126e-02        -6.2150474708830639e-03        -5.4984306650244855e-02         1.5206049343388867e-02
67                                    -4.2100158520866678e-03        -9.2002224612258418e-02         4.0256705941011613e-02         9.4300962146676485e-04        -1.7846006737396967e-02         1.0076634199108771e-03         9.1304092744849061e-03        -9.6235972169957118e-04
68                                     1.7232706867323507e-03         2.6177863231760187e-02         2.7502995842520966e-01        -1.9883103930944449e-04         5.0891676947590354e-03        -3.6036103353028685e-04        -3.0716387405980822e-03         4.8944723228711105e-04
69                                    -2.5383670571316609e-02        -3.2604083001146866e-01        -4.8595557566809550e-01        -1.0159542133814750e-02         6.0744384871083811e-03         1.6064292758510500e-03        -1.3343064949694621e-03         1.8272714922412895e-02
70                                    -1.0332932215048649e-02        -1.7570796350203949e-01         1.0005029851100229e-01        -2.5116094587200218e-03        -1.2175347447804442e-02         2.7638897714010718e-03         1.7175516784166033e-02        -7.2391025344269578e-04
71                                    -1.9484095868408833e-03        -3.9571263060654852e-02         1.0797057439173377e-01        -8.4605709982634868e-04        -3.7179263932431580e-03         1.0869509650035770e-03         7.4883603691553498e-03        -1.6023411039403626e-03
72                                    -2.3635374580588588e-02        -3.3520837484911986e-01         4.7368610563442859e-01        -1.0110385904473544e-02         6.1910351298940574e-03         1.6457660886491430e-03        -4.2891029048520795e-04         1.7702991918957672e-02
73                                    -9.8222684596212494e-03        -1.5940035567480393e-01        -6.2107308329027631e-02        -2.2638134261021539e-03        -1.0361060580795473e-02         2.3726483131249064e-03         1.4217654241566615e-02         6.1051806683346275e-07
74                                     3.9917983243176356e-03         6.6836646611152559e-02         1.6431574637007010e-01         9.6845594465128321e-04         7.4617045933412438e-03        -1.7525155481863156e-03        -1.2138788602095931e-02         2.7750092180373089e-03
75                                    -2.4216600930584178e-01        -2.8165081036838634e-02         1.0915180241736445e-03        -7.3938331065350263e-02        -2.6604626553402955e-01         6.4114725586240581e-02         4.1994708584352564e-01        -4.0147873105453098e-02
76                                     1.5771106500440504e-01         5.5384442945810651e-02        -1.3693107465957382e-03         3.6532109112760863e-02         1.1762080524301204e-01        -3.6774179375181841e-02        -2.3548739472140726e-01         1.5198582280923165e-02
77                                    -3.6088482656622095e-02        -1.7785571046818854e-02        -6.0089456712634328e-03        -7.4147098651243162e-03        -2.2430578549287657e-02         6.2988564491713800e-03         4.3489682856687445e-02        -2.7527778342920704e-03
78                                    -6.5539527431686895e-02        -7.6229047520699922e-02         3.4757544291642639e-04        -6.0871564499323072e-02         2.8317936038121827e-01        -3.0519603709620844e-02        -3.4145171864505836e-01         3.2020900832455257e-01
79                                    -1.5635567923661331e-01         1.1188281537253373e-02        -5.8128313613525079e-04        -5.5549096163004998e-02         1.4467148606877561e-01        -5.3303094831924731e-03        -1.2116701705793148e-01         1.5805250209973068e-01
80                                     3.2945640469712614e-02         9.5444969798115058e-03        -4.7383981454980325e-03        -7.2385697084818921e-04        -1.7188919007651543e-02        -5.7267043651025888e-04         1.8003754114283014e-02        -1.0336294163850689e-02
81                                    -2.1278521833851458e-01         9.5843856113749879e-03         4.1355610723775246e-04         5.1383707828395564e-01         4.1977408591362765e-02         5.2283979019110791e-02         1.6269307517182993e-01         2.4105105163311463e-01
82                                    -1.4825715622581349e-02         7.4636943229499748e-03        -5.3034031264544563e-05         3.9136269324385305e-02         5.4760567628130644e-03         8.3730541880089777e-03         8.0392754501159597e-02         1.1551897220773059e-01
83                                    -6.7020889851772368e-03        -1.5803654338617842e-03         6.1711817336195245e-04         7.0824174728402134e-02         1.4596799220562180e-02         8.2104871908495330e-03         3.3106584507658826e-02         5.0249185819666670e-02
84                                     2.1749790415158239e-02         6.8833892784737121e-03         1.8472149918129186e-04        -4.1751631859997518e-01        -5.5404493775258787e-02        -1.5143762210257908e-01         1.7919708582245456e-02         3.4013608203897476e-02
85                                    -6.8612153703627443e-02        -5.5330148983728806e-03         3.3254617934901921e-05         3.7744779418217456e-01         4.1031031323133883e-02         2.7071046318846947e-01        -6.1654325784256878e-02        -8.5080965500211658e-02
86                                    -1.8614000886466787e-02        -1.4000427977590827e-04        -7.3974216856598630e-05         6.3683801138281121e-02         5.9188262430052577e-03         5.9352919460222246e-02        -1.5825204458115735e-02        -2.0782777681047800e-02
87                                     2.5945378997040487e-03         1.1694162615233322e-03         1.5144451469810607e-05        -2.6700882119573981e-02        -1.3227268021822603e-03        -2.0858512206038285e-01         2.2408150091832474e-02        -4.6245380559273809e-03
88                                     1.6282121913258028e-02        -1.6982948836472700e-04        -1.3351400341657371e-04        -1.5084506320735521e-02        -4.5848154877772248e-03         2.6991490803478047e-01        -2.8633056945547419e-02         5.7922685691436772e-03
89                                     4.0824857372685928e-03        -1.8569346335700187e-03         3.3859886377338150e-04        -2.6917787579386417e-03        -2.6023464442443165e-04         5.1543428581585483e-02        -7.4903192495775501e-03        -7.9557765072523336e-04
90                                    -2.1516439210178562e-01         2.3096262414898070e-02         9.9884435419060310e-04        -4.6772882203504597e-02        -4.9616091874280732e-02         2.9542229439770692e-02         6.8258984263749947e-02         2.4300865867142604e-01
91                                     2.4412502981901640e-01        -2.8047499463461661e-02        -1.3902072132876155e-03         4.0275618912955544e-02        -5.0758784466204958e-02        -1.9417914599178299e-02        -2.9097343717171256e-03        -1.7312525460870529e-01
92                                    -2.5856778159505583e-02         5.5308009723154163e-03        -4.5206469109259672e-03        -4.1026391413749475e-02        -2.5173748016161035e-03         2.2888633085892673e-03         2.7016147015758293e-03         3.6867931308075641e-02
93                                     6.5113919277612883e-02         2.8501530804730456e-02        -2.2202677613889672e-03         3.8989419620478138e-02        -3.0077315432590623e-01        -2.7150796015045862e-02        -2.2014993944436834e-01         3.5139543086574920e-01
94                                    -6.0153597622623831e-02        -5.9989383089266123e-02         9.4564570186834972e-03        -1.2780419091541036e-02         1.3144401993697535e-01         7.6737945855089480e-03         9.4693996474023184e-02        -2.4693704802528491e-01
95                                     1.8920806842046816e-02         9.9764554706574474e-03         6.7557991014294841e-02         1.8317120242913587e-03        -2.9536000243948483e-02        -2.1158999666224042e-03        -2.1227755903856380e-02         4.7873061078432658e-02
96                                     3.9500708098926744e-02        -9.8884835251272410e-02        -2.0428235131330608e-03        -5.3180745336977031e-02         4.7298397533674469e-01         5.6593626446145288e-02         3.3563958072686806e-01        -1.3315508036949122e-01
97                                     3.5927231177812092e-03        -1.3078413613388616e-02         8.1081648394575115e-03        -3.4221288595303961e-02         2.5353301191013272e-01         2.7507005093383132e-02         1.5114022769805641e-01        -6.5276523012206572e-02
98                                    -4.2266412299372651e-03        -1.3755883204758671e-03         5.7430146075935683e-02         3.2760390262523333e-03        -2.0372031777181433e-02        -1.9645396786173415e-03        -1.0005466159177507e-02         4.7780006639923439e-03
                                                        64                          65                          66                          67                          68                          69                          70                          71

0                                     -5.3877119650885446e-03        -5.3803964506096841e-02        -6.5479883530078324e-03        -5.0540987854947299e-03         1.2444898326769753e-02        -1.1379028459489755e-02        -7.3689161441588421e-04        -1.6417513891026168e-02
1                                      4.0181920076689248e-03        -3.2991280993234812e-02        -4.5402563736959625e-03        -3.9025995831265146e-03         1.3729039292891612e-02        -2.4533139247218911e-02         2.5065962750333768e-02         1.1204347580971224e-02
2                                     -8.5758045085479364e-04         2.9070529160916325e-03         3.9963126727388061e-04         3.4907969806300711e-04        -1.5463931693481100e-03         2.9959235396088109e-03        -3.5663449742310348e-03        -2.2010626798620050e-03
3                                      7.2797472570770424e-03         1.6080506837671962e-01         1.9442826719360370e-02         1.7111360907229835e-02        -6.6838106342917009e-02         4.9429208005798683e-02        -7.8996182600526640e-03         5.9706794774365170e-02
4                                     -2.3259444736202815e-02         6.6279453199966726e-02         1.9845646445833644e-03         5.6079505454629652e-03        -3.2447625125569875e-02         3.6891968957072210e-02        -6.8828995447103039e-02        -6.0698979046110116e-02
5                                      3.6084487675612539e-03        -4.1635641474401658e-03         3.6801436863232687e-04        -2.1460174102514421e-04         2.3927914483069693e-03        -3.5488921685987193e-03         9.4237813539089412e-03         1.0484523428756167e-02
6                                     -3.8736208582516564e-02         2.0580757805120628e-02        -2.1191942797680097e-02        -1.4025755743350165e-02         2.4017953354745204e-02        -9.8198366795073280e-02         4.2666743014506743e-02        -1.7084780620894538e-02
7                                      5.4174049576983928e-02        -8.7939418969691166e-03         1.6915088985567931e-02         3.0579809244441988e-03         3.3890016889695278e-02         1.8457532672006567e-02         1.7006095082469530e-02         4.9750662976112733e-02
8                                     -8.8665085119863808e-03         1.9226609103139309e-03        -3.0899001056368027e-03        -8.9519722512431104e-04        -3.9149214352316242e-03        -5.8188458059918414e-03        -9.6631641268628927e-04        -7.5072335991143886e-03
9                                      5.0220926485949779e-02        -8.9925442332055489e-02         1.7245326809093530e-02         9.1206636524242563e-03         7.5238247222570399e-03         1.1612324846659443e-01        -6.2709471618530549e-02        -7.0160244719334125e-03
10                                    -8.7043028380928283e-02        -2.1848389371815841e-02        -2.9973429890047004e-02        -6.2086788158859660e-04        -1.1273847958378609e-01        -1.7543699048069895e-02         8.2429110133029771e-03        -2.1827161018702024e-02
11                                     1.3379102575793531e-02         1.1175149156255763e-04         4.6252541794569082e-03         3.7311680848008219e-04         1.5975858750933433e-02         6.1224435478687243e-03        -3.4269302531654226e-03         2.5146311922977995e-03
12                                     1.6415086708267430e-03        -9.6297325323645676e-03         6.8329768872863877e-03        -5.3745761424340232e-04         2.0589234433637391e-02         6.9526513866134763e-04        -2.8678582510377148e-02        -7.2431327497793296e-02
13                                     6.0307485414901128e-02         1.7248170355160179e-02         2.4221833363156371e-02         7.7743486433109674e-03         2.8833598711799868e-02        -1.5538455155670081e-02         4.7370653860522617e-02         1.4704719249690697e-02
14                                    -8.3535604087827172e-03        -2.8601277693326250e-03        -2.9404346458509019e-03        -1.3142117752944615e-03        -2.9775988632381534e-03         2.5975080402258683e-03        -7.6913773421100401e-03        -4.4165917624397763e-03
15                                     2.6082332490518091e-02         2.7313581478327395e-02         3.6188530915095773e-03        -2.0142673075393496e-03         1.1585039053092987e-02         2.6366428466466271e-04         4.0349469578455937e-04         5.9020940836588175e-02
16                                     2.0703851955133485e-02        -9.3666036152632200e-03         1.1955184341027212e-02         2.6446329648449093e-03         1.8678115646090149e-02         1.9469718025882033e-02        -2.7408175542971709e-02         2.4481642492571867e-02
17                                    -2.4828190747018556e-03         2.1436257668558025e-03        -1.9448419894523320e-03        -4.6290482325401448e-04        -2.6657355296518643e-03        -3.4418183795339287e-03         3.6878612287263128e-03        -6.1430209081288992e-04
18                                    -4.9041826083945743e-02        -1.7910768281142802e-03        -7.1025559478245764e-02        -3.6480759057902955e-02         9.4867085790704768e-04        -1.7964613580661780e-02        -7.6766038904741971e-02         6.2889995496152623e-02
19                                    -5.6193714077704016e-02         1.6277749218738629e-02        -2.4813361682641779e-02        -1.3479068694725961e-02         1.6547453144012261e-02         9.0178937321061317e-03        -3.1440746789023227e-02        -1.3092974728157303e-01
20                                     9.3734767338062418e-03        -1.9029622310740627e-03         2.9125864810310885e-04        -7.4838293872856517e-04        -3.2514458382692079e-03        -4.5923946965140067e-03        -2.1656754398770486e-03         1.8790737785171149e-02
21                                    -2.0773491214789077e-02         1.4726910900279490e-03         4.3625828194675843e-02         3.7332439185706265e-02         1.9510533163186256e-02         6.8984643774799431e-02         8.7863319782862409e-02        -3.5643241872152003e-02
22                                    -7.1848054830264935e-02        -4.0320165814336914e-03         2.0018881204647921e-03         2.1531568930538182e-02         2.1893645474930144e-02         3.8017883772620248e-02         4.4223875675008281e-02         2.1743185276677967e-02
23                                    -2.1841566657975670e-02        -2.4871762599653285e-04         2.7155518813341772e-03         7.9807154595131543e-03         6.7587430441613423e-03         1.5672624450594520e-02         1.5973996925564726e-02        -1.7723538217343539e-03
24                                     1.2330108201519360e-02        -5.5897737889795060e-03         3.7383641504838055e-02        -3.0528407113706180e-02        -1.3652942909038597e-02         2.1537642148036180e-02         4.9960160543930321e-02        -4.7235375613839260e-02
25                                     4.2879867329347197e-02        -1.9921792053005627e-03         2.5715507267112882e-02         3.3269317730494428e-02        -1.0001829363694323e-02        -4.2920042153128793e-02        -3.3895366100187632e-02        -2.7897007221379974e-03
26                                     1.2558749672621152e-02        -1.1586168508022241e-03         9.3926342571139260e-03         6.8163935906686672e-03        -3.6067897769440091e-03        -1.0466811656955174e-02        -6.0191903384510604e-03        -2.5537026916714264e-03
27                                    -9.0287296359853678e-03        -2.8073478778015909e-03         2.8184447268837731e-02         1.8409329145397939e-02         1.8175051767808869e-03        -4.2142708633231087e-02        -5.0085159358061702e-02         4.4844874639112166e-02
28                                     5.6398558005992042e-03        -3.6644886370203205e-04         3.7898044939624495e-02        -7.2703411275917396e-02        -1.2788765138267865e-02        -2.2201992548837618e-02        -3.4554043948677088e-02        -2.9189630665305754e-03
29                                     8.1179035933219524e-04        -1.5033013390966486e-04         1.1380465176684593e-02        -1.8131827895451560e-02        -3.2482129507315546e-03        -8.7927187672979645e-03        -1.2586172785512148e-02         2.4370835494544963e-03
30                                     1.3281635614893979e-02        -2.8101046278863244e-03        -4.4542028794236244e-02         1.8105489262351349e-01         1.1606018603049988e-02        -3.8162657194747450e-02        -3.9678187778126831e-02        -8.9832767461441518e-03
31                                     1.5189439017381560e-02         1.1231231659149365e-02        -1.2634057168204224e-01        -1.3583804205902097e-02         8.0082858414255702e-03         6.2077216131527786e-02         6.1326609857761311e-02        -9.4602841905543460e-03
32                                     4.7017732654436751e-03         2.6350719846377226e-03        -3.6117710606187778e-02         9.1726070850339913e-03         2.9261863989679627e-03         1.3590927769020496e-02         1.3046264810903905e-02        -3.4195343915643600e-03
33                                    -6.3911756059736261e-03         1.0655865667736112e-03         3.9577439207263664e-02        -1.0763683804618035e-01        -9.7600456965974899e-03         4.7216269063820003e-03        -6.1466546855923803e-03         1.6952648000333019e-03
34                                     1.6877141149484441e-03        -2.0964072047971768e-03         1.7640141175610143e-02        -1.7426135941160197e-02        -6.0326692234578963e-03        -7.7771719231459436e-03        -1.1572937675046068e-02        -9.3960156748799512e-03
35                                     3.2641407689183933e-04        -5.1224289501282079e-04         7.4758185210977270e-03        -1.1598340219737387e-02        -2.2341532818801095e-03        -1.7416625570833427e-03        -3.1653643947963895e-03        -2.0061472591797248e-03
36                                     1.9494624431865639e-02         1.0129651026562290e-02        -1.1348155177950581e-01         2.2293012316794664e-02         9.5430755179459897e-03         4.2310012683540031e-02         5.3381634623894621e-02        -3.3027664554053667e-04
37                                    -4.2240581705395297e-03        -8.2309425282056582e-04        -1.0123102016344554e-02         7.4407265018560265e-02         1.1589255172812275e-02         4.3103074581793410e-03         3.0075525242020923e-02         2.0738811516419330e-02
38                                     2.2819104380250032e-04         5.1681313047902383e-04        -1.0414098350453040e-02         1.9800740037231913e-02         3.5311254558085107e-03         3.9965233796941209e-03         1.1047606555115283e-02         5.0351009184458131e-03
39                                    -2.9152352239779720e-03        -1.4499851799482564e-03         1.5843915461192876e-02        -3.4066326452255047e-03        -1.3600999310211211e-03        -5.5975263750136454e-03        -6.8615377661800344e-03        -3.6325798089107302e-05
40                                     9.5926791687446706e-04         1.0496924375947944e-04        -6.1940039094570158e-04        -6.4713569290002345e-03        -1.0875744985982024e-03         4.2757455525126040e-04        -7.8085900048244824e-04        -2.0267229859610328e-03
41                                     2.8547938661953269e-05        -9.0925249173143071e-05         1.0646431237653932e-03        -1.8553642575124898e-03        -3.7754979427200919e-04        -3.2002991328861639e-04        -7.0695474798867608e-04        -4.8698369499181911e-04
42                                    -2.2455469244049764e-03        -9.5712753722131962e-04         1.4718550004170673e-02        -1.5235477391645101e-02        -2.5826533512718886e-03        -4.0173030155143032e-03        -8.4998447552313075e-03        -2.4529674481500651e-03
43                                    -3.5375136314241048e-03        -1.3905417876420279e-03         1.9063963950754746e-02        -1.5259704644498207e-02        -2.6823335041585420e-03        -5.4308457777931833e-03        -1.0077463509169698e-02        -1.9458579117938341e-03
44                                    -1.0202789482597952e-03        -4.0833268630135322e-04         5.5970162030794203e-03        -4.7342074319569266e-03        -8.2778618261091950e-04        -1.5854637755504696e-03        -3.0288448992422242e-03        -6.4108751688108582e-04
45                                    -3.0866304809753962e-03        -1.2332788088090412e-03         1.3797721610580987e-02        -3.9685259833613642e-03        -9.2536549760382928e-04        -3.1961540606525434e-03        -3.7424674530449464e-03         3.2076115078539125e-04
46                                     2.7342817161066837e-04         8.4519215886779368e-05         4.5223752764942948e-03        -1.5646002111416406e-02        -2.1043654996308996e-03        -7.0548043489555064e-04        -3.7931189009823528e-03        -1.9674874466315711e-03
47                                    -1.2389224441364905e-04        -2.7939691549333059e-05         1.8121877597289491e-03        -4.1649734354771654e-03        -5.4822169437969241e-04        -2.7709335416852178e-04        -1.0640927170458552e-03        -4.6541359027449451e-04
48                                    -5.6146740860967123e-03        -3.3875327658836264e-03         3.1611217546987196e-02         4.6053042769792964e-03        -1.7813255189709505e-03        -1.2381955128080758e-02        -1.2416465358586587e-02         9.4805962339069118e-04
49                                     1.8179899679192830e-03         1.1151103269650144e-03        -1.1417468285327779e-02         1.6294936040570289e-03         1.0185754299996352e-03         4.2646597196196092e-03         5.0011587085136569e-03         1.7433726471204240e-04
50                                     1.8014648171414268e-05         1.1310002876144169e-05        -3.6248856731782532e-04         7.6129082320963910e-04         1.1075381219450332e-04         8.4297214021189113e-05         2.6202106508354270e-04         1.1146284402168738e-04
51                                    -3.6805806076390954e-03        -5.6916502147342563e-04         4.3406841388798911e-03        -8.5084402973245824e-03        -1.6204460960223796e-04         2.5610741031962056e-04        -1.0404626732602724e-03        -4.0607134037275665e-04
52                                     2.3259369792370485e-03        -2.6219030836096661e-05         2.4587328192179903e-03        -2.2620527212618702e-03        -1.0459987221556302e-03        -1.6246716930043452e-03        -2.3004216101829133e-03        -4.0792061232579395e-04
53                                     5.5988943649522087e-04         8.4659994558455018e-05         1.1375998099804605e-03        -1.0639585687754417e-03        -3.6962885123891436e-04        -4.4517388762189242e-04        -3.1918546049241426e-04         5.2034055961361437e-05
54                                    -1.3868634320763381e-02         3.2764776411728092e-02        -1.1374380784354867e-02        -9.5823470611679073e-03         2.7255939958978875e-02        -6.4249814067207409e-02         1.5437611148739263e-02        -3.0866953612464893e-03
55                                     4.1427255313628182e-02        -6.4307989100809114e-03         1.7775044957603309e-02         4.6982112634241608e-03         2.8104345612470924e-02         6.1662624190193856e-03         2.2711129474725079e-02         6.2421903343057847e-02
56                                    -6.8244098195986572e-03         1.8521052919604007e-03        -2.5968528254139336e-03        -7.3402174258719894e-04        -3.1032313010914353e-03        -1.7868103017294613e-03        -1.4093406530538888e-03        -9.1646852176908745e-03
57                                     5.8203386636740032e-02        -4.3612069133058852e-02         1.9094911144363510e-02         2.0483178241077701e-02        -9.0211881443285333e-02         3.4428352356145553e-02         1.1860203231665603e-02        -2.4786063917139493e-02
58                                    -1.0865821921691560e-01         9.2999677557087553e-03        -1.2772980334390114e-02         3.1664938007008227e-03        -2.3561553416116283e-02         4.6408862049594879e-02        -4.8808272507807123e-02         6.8924433166067334e-02
59                                     1.7171042132946721e-02        -2.5346531645579419e-03         2.6447266457995931e-03         6.5830647288346372e-04         9.3351852341421631e-04        -5.3077534719333770e-03         7.6172570365092528e-03        -1.0446398041999335e-02
60                                    -1.1873586878988523e-02        -2.8398367910241515e-02        -6.5133137338915289e-03        -2.9901385666605989e-03        -6.7489852030627202e-03        -3.2539351045410669e-02         3.6829443162192531e-03        -7.8778876383550203e-02
61                                     5.7302692551018636e-02        -3.3236797791018055e-02        -3.2190017272568935e-04        -9.2381464094893322e-03         5.0619939622526929e-02        -3.5750109797183981e-02         1.8362706566603722e-02        -2.0314958745248101e-03
62                                    -8.3094571107397239e-03         3.7152211892956450e-03        -2.5619971555719231e-04         1.1416399079195044e-03        -7.6268376741208616e-03         3.9515021318860507e-03        -2.5683556856317654e-03        -2.2923575007958103e-03
63                                     2.1922394718426077e-02         2.6839687017822727e-02         9.9731093037381535e-03         3.3538329841808247e-03         1.1052464859657853e-02         3.6052812798930550e-02        -9.6532303911284147e-04         4.1491169117811658e-02
64                                     3.7580092414186148e-03        -1.8986854683943080e-02        -3.8675948945837002e-04         2.2314746587896658e-03        -2.2450957140113997e-02        -1.1814361582743975e-02         2.6051043445102957e-02        -1.9273124703970818e-02
65                                     1.1632803412669468e-04         3.6020067417492415e-03         3.8799402774659697e-04        -2.4721113309651602e-04         3.5729501695714225e-03         2.8523460255774260e-03        -3.7012075610154643e-03         4.1122078732523850e-03
66                                     3.2906068857123827e-02        -2.5064071284425971e-01        -2.1870899229602229e-02        -2.1613401719972673e-02         1.0859831837045336e-01        -8.3273743761215754e-02         5.8478359492866033e-02        -1.3956922660283743e-02
67                                    -1.1897059489885597e-02         4.8856141180599173e-02         2.1077559477465789e-03         3.2148252690703126e-03        -2.6078433512157148e-02         7.7711692388789068e-03        -3.5415538253440733e-03         6.6220812759388570e-03
68                                     3.0852446847868843e-03        -1.4620839594809348e-02        -7.8552433854756488e-04        -9.6613735106588605e-04         7.1052701154934320e-03        -2.6636234275034514e-03         1.5344233286973643e-03        -1.5216358894932990e-03
69                                    -6.0641444060809532e-03        -5.8181939989398884e-02        -2.8197269626423350e-03        -4.8778176218608410e-03         4.2712547290813176e-02         8.8773121662157083e-04        -1.0532162760495878e-02        -3.5217508696862715e-02
70                                    -1.1139836123329165e-02         5.2131190545687454e-02         5.0879717612413522e-03         5.5970675658061639e-03        -2.1025251934904274e-02         4.2541158970011560e-02        -6.6730878725304199e-02        -4.8693441657010526e-02
71                                    -6.9685985977783619e-03         3.5583457958602266e-02         2.6313499722077204e-03         3.7815012397965199e-03        -2.3863189600466593e-02         2.4571916105039726e-02        -3.6355500769647588e-02        -2.0141244112560314e-02
72                                    -6.3232271411270890e-03        -5.4669160719128210e-02        -2.5225117020126232e-03        -4.4304150165248657e-03         4.0681287841565481e-02         3.2176900761336966e-03        -1.3743251228234322e-02        -3.7122824695974256e-02
73                                    -8.7558749925885412e-03         3.8209262026512217e-02         3.8979953897824359e-03         4.0365004726219279e-03        -1.2467763031134720e-02         3.2621714058417822e-02        -5.2653381463300113e-02        -4.1044169680296637e-02
74                                     9.5523735022704000e-03        -5.2249121155089423e-02        -4.0821967059272435e-03        -5.4510607923247125e-03         3.1387571194137265e-02        -3.5293986262590109e-02         5.3057803610994818e-02         3.1076955534480935e-02
75                                    -1.1760753021111048e-01        -2.0879031693934866e-01         2.3250611093004889e-02         6.0937656528263273e-02        -2.5504729823966449e-01         1.9846050898826101e-02         1.9663155364189913e-01         6.6874613762592336e-02
76                                     1.5166967035936207e-01         1.5635289476478562e-01         1.5996739122341095e-02        -3.4629677371950690e-02         2.2930589513852867e-01        -2.7289570469998851e-02        -1.1205442700984421e-01        -8.8764419408781950e-02
77                                    -2.2521731494203130e-02        -2.8312542984828586e-02        -9.5457623270579751e-04         7.1363893257608791e-03        -4.0708270511507320e-02         4.9287067413181576e-03         2.3517136583376876e-02         1.5118237773543040e-02
78                                     2.1435742213905630e-02         2.1309487096228580e-01         5.2028769929705593e-02         3.3848053484051163e-02        -2.0009137949478201e-01        -2.5378212067894323e-01         2.8806873422451129e-01         1.0263904293297263e-01
79                                     2.2498004630727195e-02         7.1073776095849278e-02         3.6360770176931317e-02         2.0472837394507181e-02        -7.2286167605722471e-02        -9.1212887914425167e-02         9.9151483787914246e-02         3.9713959675599320e-02
80                                    -3.8454251121097685e-03        -5.8238925323076448e-03        -4.9066736513948420e-03        -9.1957480369968703e-04         6.4525676413444326e-03         8.2333714063816451e-03        -8.7651823096432640e-03        -6.6343321897232499e-03
81                                     2.6676556235342952e-01         2.2387268429173126e-02        -2.7094897534737356e-01        -2.6853543218834736e-01        -7.8819235155255254e-02        -8.1873195545532962e-02        -1.8162305204468571e-01         9.3934287459644938e-02
82                                     1.0537247144924777e-01         5.5402309625820706e-03        -4.5437720289896219e-02        -2.0120994930535804e-02        -2.4297252486174981e-02        -7.6127684446773522e-02        -9.8824730836130331e-02         3.5422473502797952e-02
83                                     5.8955357194147032e-02        -2.5546711257964970e-03        -3.4720454525774741e-02        -2.8562085755651143e-02        -2.5501889000191846e-02        -2.6518362869966321e-02        -3.8964945326186565e-02         1.2128420301072734e-02
84                                     8.0068836368006394e-02         3.1853473698594072e-02        -2.6227267354509060e-01        -9.3208885623372609e-02        -9.8379218205481567e-03        -2.1408889129498315e-02        -8.7692565238995296e-02         3.7789014787718202e-03
85                                    -1.0631921261561823e-01        -4.5374085056033894e-02         4.1623893456907257e-01         7.2862338228814799e-02         5.9740416869530886e-04        -6.3233384573966614e-02        -5.3194328954231833e-03         5.7338435486479419e-02
86                                    -2.3356306409848270e-02        -9.2786907383826250e-03         9.1684609112631335e-02         1.3697613346352486e-02         4.3526793421568108e-04        -1.7837376729106316e-02        -7.1628088947462204e-03         1.5715745456560522e-02
87                                    -1.4798135273638574e-02         5.2845568538312905e-03         2.7055594060659254e-02        -2.7590454784727203e-01        -1.2667034775303954e-02         1.2389614270118898e-01         2.0057758865154868e-01         1.9412035577318514e-02
88                                     1.3893800751116403e-02        -6.7226725872917394e-03         2.9318342313985404e-02         1.8210084686621827e-01        -3.3273112774354322e-03        -1.5282831191217650e-01        -2.6613877326256763e-01        -3.3359117154457517e-02
89                                     1.5303812401247033e-03        -1.2698132362608742e-03         8.0028501621529149e-03         2.5187500346157937e-02        -1.8305766811469303e-03        -2.8663688821327190e-02        -5.2209835722783864e-02        -7.0006231435360555e-03
90                                    -1.6294077572829138e-01         2.0750316349380846e-01         7.6842743329167781e-02        -8.4994081323704670e-03         4.5755860435445239e-01         1.3481624107102752e-01         1.0465884197179986e-02        -2.2253900184703832e-02
91                                     1.4086390346911734e-01        -1.2504628400487619e-01        -4.3969100440453143e-02         2.8457224683591602e-03        -2.6120037628731008e-01        -1.3312116881608294e-01         2.5954753733420141e-02         8.7869334143023059e-02
92                                    -3.6766021692495793e-02         3.0915918458911965e-02         1.3295523257792702e-02         2.1724366556115280e-03         6.4286616393258333e-02         2.1425583057474905e-02        -7.5684002308236712e-03        -1.2843811308605218e-02
93                                    -1.7998471127986124e-01        -3.0149926000416838e-01        -2.1746337004615035e-02        -8.7545121330194590e-03         8.8501267281295412e-02         5.4396557457377620e-02        -5.2502113641472253e-02         2.5227627321650659e-01
94                                     1.7197621915275074e-01         1.3697631554299564e-01         9.1281942522536044e-03        -6.1429913564876436e-03        -1.0692814989826036e-02        -1.0014786892716082e-01         5.9394071959961540e-02        -2.2528541105887867e-01
95                                    -3.0943544969736808e-02        -2.9945291342390837e-02        -1.8489154693077316e-03         9.6197345042486448e-04         5.0295791098076883e-03         1.6227183540086860e-02        -1.0005340555112348e-02         4.0669274731834515e-02
96                                    -1.9854607826396631e-01        -4.4301374802926959e-02        -9.7903771293335023e-02        -7.0222403476875930e-02         2.1320888028786664e-01        -2.1077981517820837e-01         5.7688665199492499e-02         1.3608372899762999e-01
97                                    -1.1427189117600732e-01        -6.6380581406612932e-02        -5.9689214225452425e-02        -3.8308565264094353e-02         8.7325751372574104e-02        -1.5190548232364523e-01         6.1864350427676594e-02         2.2354746993757352e-02
98                                     9.6178381930110239e-03         7.9832557652996690e-03         5.2565115267521932e-03         3.1737902358147112e-03        -5.1182681460354498e-03         1.4391252171660915e-02        -6.6864115042517668e-03         1.3379291728517883e-03
                                                        72                          73                          74                          75                          76                          77                          78                          79

0                                      1.6112981813812842e-02         2.6228550129999951e-03        -1.3143533264480484e-01         1.2323748840280794e-02         2.0391345366627695e-03         1.3353137569906626e-02        -3.1918364509034279e-03         2.9915738324626535e-02
1                                     -1.6794599131790110e-02        -2.3946889104075109e-04         7.3741319384486416e-03         2.7781136614239508e-02        -1.3044409124090389e-02         4.0415737509094225e-02         4.4311416486823019e-03         7.6828838982747174e-03
2                                      2.9432215563657657e-03         1.2014688440601470e-04        -5.6479229269703196e-03        -3.4393497573681946e-03         1.7716376095585201e-03        -1.6502872865261995e-03         5.1378783096113566e-02        -4.7984759718213961e-04
3                                     -4.1634785148918788e-02        -1.5986369526516143e-02         2.4802183291535239e-02         2.8180669145405076e-04        -2.5328623124724538e-02         1.7938614773332293e-02        -2.4064360041952102e-03        -9.7058487688598524e-02
4                                      8.3895092777239555e-02         1.9878713254048878e-02         1.3196488542116226e-02        -7.9400295719887798e-02         2.1906128041129277e-02         1.2869457168427351e-02         2.2848600437444249e-03         1.2610240949866871e-02
5                                     -1.3105049122474123e-02        -3.2627158082239806e-03        -1.1532774037887703e-03         1.1186459020151628e-02        -3.9223485659768886e-03         4.1031167537307921e-05         1.8817361217426842e-02        -5.0803145406542183e-03
6                                      4.4693200349515939e-02         3.5219036384447858e-02         3.3916733864164904e-03         1.7128456685030869e-02         1.1287275086055796e-02        -1.9620895283952226e-02         1.5451204403709609e-03         2.8204148580063565e-02
7                                     -4.4848794668441827e-02        -1.1816255462879850e-02        -9.5271126610518946e-03         2.1584404655247615e-02        -1.8556084064688311e-02         1.3232562326683952e-02        -1.3445617043982543e-03        -2.7186540774214646e-02
8                                      7.7433398024797911e-03         2.7864830176373154e-03         1.4418663839599617e-03        -2.4277283873351974e-03         3.0190645104668603e-03        -2.4816738863573757e-03        -3.3589315875550975e-04         4.7123334790282129e-03
9                                     -4.6063650892070769e-02        -5.2149216453170791e-02        -1.0039520991475183e-02        -6.0998248387199541e-02         1.7036168269301131e-02        -4.0156615856659179e-03         6.8096929769998057e-04         2.3831876974278122e-02
10                                    -8.7357038833582729e-02        -7.4883627211958556e-02         1.3747827075504327e-03         1.6704870843437528e-02        -3.8959827695406865e-03        -1.3387963183303833e-02         9.5442158428067029e-04         1.5875956600660681e-02
11                                     1.0405507040920917e-02         8.3226518115873567e-03        -5.4031050713438148e-04        -4.6395029012272337e-03         1.0250533250225646e-03         1.7947355626430745e-03        -3.7532436915978067e-04        -1.3237771360197317e-03
12                                     7.9901664508528428e-03        -3.2975007066315773e-02        -5.7930491302334748e-03        -7.3014640866174374e-02        -3.9757718197905153e-03         5.0145243482542082e-02        -3.4555180001857285e-03        -1.2753361530008630e-03
13                                     1.3071064616010568e-02         3.2254939920199767e-02        -3.5607907241075337e-04         6.6859444898747654e-04         1.9433265061060294e-02        -2.0642453086017920e-02         1.4642755377297088e-03        -1.2120509476839968e-02
14                                    -1.3400785733640112e-03        -5.3926699376178654e-03        -1.5949072136449931e-04        -2.6433050507792882e-03        -3.0302165988371076e-03         4.5849986154442518e-03        -1.7153639533514038e-04         1.7952289545886426e-03
15                                     2.4247060989054901e-02         4.0614022488727468e-02         3.3208726549962242e-03         8.2814122653463565e-02        -2.0910505316409537e-02        -1.8993815703119806e-02         1.0198876925284542e-03        -9.0948544003218047e-03
16                                     2.5589818052625869e-02         1.0544599806072785e-02        -2.4691666120663304e-03        -2.6412900059204571e-02        -1.3385173979166397e-02         1.7318876956905191e-02        -1.0587679067019487e-03         2.3938613522005926e-02
17                                    -2.8448909892529735e-03         4.5010432480712884e-04         4.9908330234893700e-04         6.2586560580999446e-03         2.2210125238136030e-04        -3.5156279779756288e-03         2.5338352636288084e-04        -3.0384967976783443e-03
18                                    -3.4677687017950986e-03        -1.0382198644960303e-02         7.5324916566817625e-03         2.0610078404673257e-02        -2.7070181457564225e-02        -3.3597330137688987e-02         2.6917748615381725e-03         4.6171342680941509e-02
19                                    -4.1879224610004588e-02        -5.0300375059411623e-02         2.5012337343064224e-03         7.8239210915629326e-02        -5.4427902675328313e-03        -1.5001647190422576e-03        -7.2232456154868352e-04        -9.2125603572943887e-02
20                                     6.3006446403556047e-03         2.9400219841173776e-03         1.8475959265297772e-04        -7.2287556826507674e-03         4.5981129991702027e-04        -8.3766720041426879e-04         1.4338172132897150e-04         1.2505150572107146e-02
21                                    -2.5183853131571965e-03         1.8799577218719853e-02        -3.7589199741024718e-03         4.4689160591332043e-03         1.0907007895824897e-01         2.8532279499177377e-02        -1.9318838244435932e-03        -2.4201837753797802e-02
22                                    -1.3411928971291074e-02         3.8364394358710495e-02        -3.0558593671509652e-03        -3.0294460210999061e-02         1.7413200011003400e-02         6.0364546901105676e-04         1.9588595441549751e-04         1.7940483320083370e-02
23                                    -4.4110541298576101e-03         1.0492435067027879e-02        -7.4963094187334390e-04        -2.0698145552110006e-03         1.1148662822940730e-02         1.4023171080066921e-03        -4.9558380391095483e-05        -2.3329637206772071e-04
24                                    -1.3880526746794864e-02         4.7948631458572005e-02        -4.3933794844506118e-03        -4.6762503270567107e-02        -1.5123757362100113e-01        -2.4048758034607442e-02         1.4402914298626104e-03         1.2125878685133056e-02
25                                     1.7409942058532742e-02        -3.5548719143099393e-02         1.4997912126750255e-03         6.9992732268499116e-03        -1.7291400237326830e-02         3.4224147076939060e-03        -3.4070948693126524e-04        -5.4956532981721628e-03
26                                     4.0527785226153338e-03        -5.6568188707179154e-03         1.1961345253555823e-04        -1.8390759037103200e-03        -1.5820619256233046e-02        -1.0966883179598555e-03         3.8549521162420091e-05         2.8027698289011808e-04
27                                     2.7865865482261103e-02        -5.6546697807113099e-02         3.6225144063356048e-03         2.5143990175031994e-02         9.6584095961113087e-02         2.3768903192224036e-02        -1.4909483753202523e-03        -6.8732083743790950e-03
28                                    -1.0336119857144116e-02         5.2460665940553110e-04         2.2858480713277853e-03         1.4591138289248500e-02        -6.7540775656627486e-02        -3.2166020390860521e-02         2.1196803114357332e-03         7.6160943727778489e-03
29                                    -9.3167051404637556e-04        -3.6630332630750583e-03         8.7219611030988492e-04         5.2112433508361717e-03        -1.0944755505965222e-02        -6.7931095737593693e-03         4.5354038691940396e-04         1.8404715061022235e-03
30                                    -1.7820627052133796e-02         1.3472480862837064e-02        -1.6199680606513068e-04         2.1635983534636664e-03        -5.7430694234556059e-02        -1.8925215066680344e-02         1.2271007630263308e-03         7.0198310535528790e-03
31                                    -1.6537326040011541e-02         4.6200826962972577e-02        -4.6955914823332418e-03        -2.6197242844402328e-02         6.1258111353612095e-02         2.8848677642432721e-02        -1.8826340448838484e-03        -6.4849273184583991e-03
32                                    -5.5188040374697014e-03         1.2773272054114918e-02        -1.2409988987006045e-03        -6.6082312511173812e-03         1.1641170329086140e-02         6.2228099130108763e-03        -4.0538882314692596e-04        -1.3176282881091656e-03
33                                    -1.5305595597504858e-02         1.7476763751189662e-02        -8.9356332507376207e-04         2.3032067022712398e-03         3.8582913562116371e-02         9.8564912736933581e-03        -6.5148524305150247e-04        -6.9230539258613730e-03
34                                    -2.7251069479021065e-02         4.0624738963701085e-02        -1.4263175170938780e-03        -1.3129294657708868e-02        -1.5885237786265927e-02        -3.0267777271051038e-04         5.1605624283625809e-05         6.9601671490600540e-03
35                                    -7.6187733327832113e-03         1.1105455558992320e-02        -4.3871124447748073e-04        -3.2530125919195750e-03        -1.2612773557190806e-03         6.4244872199578390e-04        -3.9693445526959469e-05         1.3083075179090586e-03
36                                     3.0800022314571109e-02        -2.5874696782861716e-02         5.8875624449034470e-04        -7.3550685334648870e-03        -1.5188727956666096e-02        -9.5046509632545364e-04         7.0014270221661749e-05         3.4249551468567368e-03
37                                     8.8907098219094288e-02        -1.2344139169132501e-01         5.7587855323537850e-03         2.5539487921649107e-02        -2.7488121880742254e-02        -1.4210369091629371e-02         8.8602024385398752e-04        -2.5920920810199258e-03
38                                     2.3934502081237041e-02        -3.2091183804759386e-02         1.4604467373783151e-03         5.7772887416655191e-03        -7.8222803610789628e-03        -3.5666026236028485e-03         2.2417199391585633e-04        -3.9505544206842083e-04
39                                    -3.8843833907911979e-03         3.3639042471197613e-03        -4.5427841930314580e-05         7.8124144297371946e-04         5.6697039103168736e-04        -2.8018335193670968e-04         1.9467918934429712e-05        -1.3875181065535816e-04
40                                    -5.1444071616606902e-03         7.8077492104320582e-03        -2.8754589070917433e-04        -2.1468687753451419e-03        -2.2104666759874638e-03        -1.3762533665008205e-04         1.3424256052554955e-05         7.8727498016099395e-04
41                                    -1.5800489518237105e-03         2.2142295686593504e-03        -8.1039149392725968e-05        -4.8829515904995422e-04        -4.4105740163008511e-04        -2.9425191312181731e-05         2.9252503808228681e-06         1.8020212025152992e-04
42                                    -1.4320017371481588e-02         1.8237614580487647e-02        -8.4153943735509667e-04        -2.4081766386935826e-03         7.0962304624520908e-03         2.5038844294424933e-03        -1.5881302725708363e-04        -4.0832606700828117e-04
43                                    -1.4551235609162541e-02         1.7970678764885249e-02        -8.1952636229996650e-04        -1.9295732449265443e-03         8.1605727874719796e-03         2.6177029599122230e-03        -1.6706405923477152e-04        -5.8476955240691574e-04
44                                    -4.4930572678041677e-03         5.5946540504679529e-03        -2.5757631976393465e-04        -6.2240202101701613e-04         2.4463633158343170e-03         8.0524743509145205e-04        -4.9810215146168485e-05        -1.7153002458358173e-04
45                                    -2.1033763163649968e-03         1.7125258218609128e-03        -1.0178370495054691e-04         5.1208854887598281e-04         3.4627101539578846e-03         8.9708683831409724e-04        -5.9023089307245166e-05        -5.8598575477481212e-04
46                                    -9.0075682115432019e-03         1.2155760920729095e-02        -4.9477344973022995e-04        -2.0326478315236887e-03         2.6083391647669374e-03         1.0926322327714298e-03        -6.6327265408866004e-05         1.2708149947433009e-04
47                                    -2.3142346888017995e-03         3.0615310062225252e-03        -1.2892240535761099e-04        -4.7920573747857492e-04         9.2981600096018818e-04         3.5099624996111183e-04        -2.1890172724232627e-05        -1.4032622320521232e-05
48                                    -1.3597527156909838e-03        -2.1545676986420392e-03         3.4906539432029600e-04         3.0888173695240617e-03        -3.1110174496920841e-03        -2.0156929403114983e-03         1.2945358673914438e-04        -8.7840552675186038e-05
49                                     2.6802864756689847e-03        -2.3189525764899990e-03         1.3713261587610890e-05        -4.8785121662119800e-04         2.7869499681501493e-04         3.4475859045197439e-04        -2.1003273903577108e-05         4.3875054368844055e-06
50                                     5.3946779696174699e-04        -7.1143040838177987e-04         3.1902130138339897e-05         1.1293697415999538e-04        -1.8803227477127694e-04        -7.6464787096331273e-05         4.9853039900976449e-06        -1.8459211069040473e-06
51                                     2.1300887615626648e-04        -9.9422757229315176e-04         8.6876421720405734e-05         1.7945035458430587e-04        -2.1248325088541833e-03        -2.7306519559337804e-04         1.1348882257373971e-05        -3.0357296380343523e-04
52                                     1.3181493619348244e-03        -2.5662007217460005e-03         2.7336813695984984e-04         2.1754342061629938e-03         1.0105600251634880e-03        -1.9350311682170619e-05        -3.0580334910444563e-06        -4.7786712523556648e-04
53                                     3.6656876914767551e-04        -6.8777766651258480e-04         7.9551743317586381e-05         5.6265452396401865e-04         3.5504502432858777e-04        -4.5628264901519310e-05         2.9936727096146675e-06        -1.7001485310910825e-04
54                                    -3.8326705239414401e-02        -4.9505586888944034e-02        -7.3861397988049986e-03        -9.3545956671257868e-02        -7.0720431445914537e-04         2.5103175610425202e-02        -1.6978839404942713e-03        -7.0495579702587298e-03
55                                     8.4275356791062832e-03         2.3922702744581848e-02        -5.4685166632646644e-04         8.3678441840223366e-03         1.3007636608507024e-02        -2.1922510355692777e-02         1.9828336926573120e-03         5.9698935093472842e-02
56                                    -2.4592154551029448e-03        -4.9525888211710912e-03        -2.2772846562924749e-04        -4.6141797462107004e-03        -2.7143400687411079e-04         4.4934208998138828e-03        -5.5985229766257027e-04        -8.9824110541036287e-03
57                                     6.4111369959082343e-02         7.1463156843799197e-02         5.2383735519719006e-03         9.2215123151833625e-02        -1.5728191756351290e-02        -4.0756177092537594e-06        -8.5306787338547722e-04        -8.8438179750500889e-02
58                                     7.8397724092917717e-02         5.9996311805682920e-02         1.5585293181047552e-02        -2.0024849935179191e-03        -1.0927801209883292e-02         2.6883921854105951e-02        -1.6053806208975682e-03         2.6769163321941378e-02
59                                    -9.0996455556740397e-03        -5.5987286883345888e-03        -2.0432065028722344e-03         3.4052211552228298e-03         7.9396768311901190e-04        -3.9442730954493766e-03         2.9187072646721457e-04        -6.6169358191603281e-03
60                                     6.0576225782266173e-02         2.8283927898521626e-02         1.8873666723827757e-03         2.4889034656940135e-02         2.0682143356831960e-02         1.4532646739941439e-02        -8.6229168187062415e-04         4.9388163301741457e-02
61                                    -2.2901881953784658e-02        -1.8408121217005805e-02        -1.8783327343999377e-02        -3.4220891822454018e-02        -5.0795601614296087e-03        -4.0402577198936328e-03        -4.1164836670715528e-04        -7.7890818979275814e-02
62                                     5.4235710888626840e-03         3.6556252083987406e-03         2.7522181995367359e-03         5.7004475692930484e-03         1.3654902584562274e-03         1.0053373722488331e-03        -4.3048987813617249e-04         1.2674623822916007e-02
63                                    -6.8612646068739735e-02        -3.9182414706785726e-02         6.8220069066380826e-03         7.2065789781810413e-04        -3.8562645339321156e-04        -2.5990303658470906e-02         2.8370512248877492e-03         7.9886250737923131e-02
64                                    -1.7746111750124961e-02        -1.6249441062236585e-03         8.5385678843257207e-03         5.5671666355971622e-02         4.1558978615423726e-03        -1.1546785735338721e-02         7.0327864626073817e-04         6.5709780723839831e-02
65                                     2.5990018083625724e-04        -1.0981317411365528e-03        -9.9063226343109332e-04        -7.7934527409728744e-03        -5.5942355196386901e-04         5.3892464501364621e-04        -3.4983973679863049e-03        -6.6400487692444953e-03
66                                    -1.4802050023668951e-02         1.5064889284591969e-02         3.8916611657109729e-01        -4.3497571208889266e-02         7.7207777765116156e-02        -3.4847200274869056e-01         5.0723963613460897e-02        -6.6468748708740630e-02
67                                     6.3482410446630321e-04        -4.2399441122745914e-03        -2.0439801308064390e-01         4.4298201010691943e-02        -4.0056932234280578e-02         1.7100996481853539e-01        -1.1731522043752582e-01         4.7448643357320706e-02
68                                    -2.0420250568673574e-04         1.1031808278251110e-03         4.6432048708584903e-02        -1.0694122213052161e-02         1.1413897276030458e-02        -9.0859784472092781e-02        -6.8893511635686688e-01        -4.6008191866079972e-03
69                                     3.8478055535324457e-03         7.9572075816043905e-03         4.8627457257091378e-01        -4.1701336551387219e-02        -9.7645168506451090e-03         8.5397653084236788e-02        -3.3104122460451013e-01         1.8150716657790167e-02
70                                     7.8193469140607569e-02         1.6115995161631185e-02         4.1601014890135304e-03        -1.3524266587872880e-01         1.1877434889266035e-01        -4.9770864384328922e-01        -3.1641686812451819e-01        -9.3729770771622090e-02
71                                     4.4634812916592673e-02         4.8911533088517008e-03        -2.0737410199892092e-01        -5.1041901396257777e-02         5.8629410933034705e-02        -2.4292107298376922e-01         1.2206631205798887e-02        -3.7588182109564390e-02
72                                     7.9029728345330220e-03         8.6418312636417187e-03         4.6969668749277999e-01        -4.4651279685779866e-02        -7.1905195441582101e-03         1.1477391424618570e-01         3.2328361770043695e-01         1.0336228272868080e-02
73                                     6.1573709058045920e-02         1.4102377022170336e-02         6.5902486405763100e-02        -1.1260341391413646e-01         9.3850614567093066e-02        -3.5352184678543286e-01         3.6853592079632863e-01        -8.3094679831810403e-02
74                                    -6.4856580332506089e-02        -8.7994916111443309e-03         2.2887218562844353e-01         8.4690026647947850e-02        -9.0483779096508288e-02         3.6934148946060108e-01        -1.1536219282497839e-01         6.5446261314363624e-02
75                                    -1.5479831961146945e-01        -2.8673396665630343e-02         4.1969240814183186e-03         4.4929398663231722e-02         7.7585822603546045e-02        -9.8090971816545997e-02         7.1814362841516937e-03         3.6052636112692128e-03
76                                     1.3002874535195055e-01         2.8350598988960276e-02        -8.6551012166065262e-03        -9.5053941157263677e-02        -3.5236727048827375e-02         8.7274066990149265e-02        -6.2977521788997928e-03        -1.3710996771175271e-02
77                                    -2.3426300991252993e-02        -4.9899057538937445e-03         1.2802329303304391e-03         1.6308654356165183e-02         9.0007947109478383e-03        -1.5357107726837732e-02         6.5799294609909938e-04         4.5601968380769390e-04
78                                    -6.8030331167310706e-02         9.2902894587540072e-03         3.2348881331929051e-03        -1.7953557491812142e-01         9.3084396010403886e-02        -6.2968457505734751e-02         5.6675999954470067e-03         6.8158495903633598e-02
79                                    -1.3366432405471614e-02        -4.2327024563519151e-03        -3.5474062132380591e-03        -1.5332810125710003e-01         3.7269892748513056e-02         3.1940465055701746e-03         6.1096944412391066e-04         5.9387606757100191e-02
80                                     7.3942636196370852e-04        -1.6849465190253710e-03         5.0695189072673386e-04         1.6748916213813039e-02         5.2162291432450902e-04         6.5912334621270541e-05        -2.3284986994287049e-04        -7.5784039444098386e-03
81                                     2.9148055479814097e-02        -1.1474415601228931e-01         1.3395454893801308e-02         1.2474930425045569e-01         2.6220220542846301e-01         2.9387638016911206e-02        -1.8498269099732545e-03        -3.7188963780660174e-02
82                                     3.0776166074059225e-02        -8.2747232296751475e-02         6.3233139026235086e-03         5.1281261903384799e-02         8.3828691719870230e-02         1.6671968209766630e-02        -1.1539495622276837e-03        -1.6801001996196236e-02
83                                     1.3037575465076114e-02        -2.9882131441582260e-02         2.7062366583961873e-03         2.3718017301665166e-02         4.4634663630036535e-02         9.5190704993356901e-03        -7.0242975838185869e-04        -1.4171373789209253e-02
84                                    -6.1828550385624785e-02         5.3804328687229820e-02         3.0074222234527013e-03         2.8620579154103935e-02        -6.3082629671426180e-02        -4.5791722946659376e-02         3.1256851929537277e-03         1.4629069670056956e-02
85                                     1.0721442115280415e-01        -1.5176084837623882e-01         4.2933015431646888e-03         1.8720773901375110e-02         1.4531636283019822e-01         5.6032891513209074e-02        -3.7211682400332966e-03        -2.0225150548888456e-02
86                                     2.4090147537342212e-02        -3.7054811130204007e-02         1.3222660667857027e-03         7.6291170111064781e-03         3.6190899260954451e-02         1.2063234249614960e-02        -7.9749825694333271e-04        -4.8439020290408476e-03
87                                     2.0941561751916485e-01        -2.2934528814505650e-01         1.1048765035929973e-02        -2.4023280384366389e-03        -1.1480948738295609e-01        -2.4627025479181358e-02         1.6100808798172959e-03         1.7135103870455026e-02
88                                    -3.1144400534040223e-01         3.5567604981071782e-01        -1.6767173388976615e-02        -1.0687344773079695e-02         1.7571482678881301e-01         4.3903947779442246e-02        -2.8490530976890784e-03        -2.2407984600370624e-02
89                                    -6.2817675800691072e-02         7.2808045630081045e-02        -3.2451890455694851e-03        -1.8649842581129027e-03         3.5441617198358276e-02         8.7677941880984576e-03        -5.5683519354564760e-04        -4.5738595384438620e-03
90                                    -1.4250402445352392e-01        -2.6082871451514014e-02         2.7142525632320694e-03         2.4033912839646401e-01         9.4712964720295931e-03        -1.3293168903443345e-01         9.9865965953152887e-03         1.1313087278333864e-01
91                                     8.0329437996120301e-02         8.6223638766264616e-03        -7.5016560170503592e-03        -2.2742111070763038e-01         6.6502457942705737e-03         8.5340151453651619e-02        -5.7995938742135492e-03        -1.3339862050527359e-02
92                                    -1.8575857988112850e-02        -5.4797347230606435e-03         1.4151430944752993e-03         4.4064716896433348e-02        -6.8113250436323009e-03        -2.0170377525865233e-02         1.6884532758585694e-03         9.3990783637290416e-03
93                                     4.2682402791367778e-02         5.5268936954363725e-02        -4.9966077908793691e-02        -1.1854198265036624e-01        -6.0838346941568568e-02         2.0647220035189675e-02        -4.0039140102035558e-03        -2.9027347724434710e-01
94                                    -5.7115219834512534e-03        -3.2527072280812454e-02         1.3456592523550141e-02         6.1148591331552905e-02         4.8698852755177734e-02        -5.9411117225128037e-03         2.3840078620926404e-03         1.3324670170780872e-01
95                                     1.7506238688165319e-03         6.3924152687423888e-03        -3.7295499956237293e-03        -1.2723077810873916e-02        -9.0315786059166261e-03         2.0540218029801213e-03         7.6792962130757311e-03        -2.8730720868888036e-02
96                                     1.5488593702665739e-04         6.5801840934931475e-03        -6.2776568602765259e-02        -1.1315220568595903e-01        -5.1766458647636154e-02         5.4197729881423476e-02        -7.2996429207734612e-03        -3.4722837709807314e-01
97                                     2.4034032038580788e-02         2.5992074959014039e-02        -2.8176971412183716e-02         2.2115198401107379e-04        -2.1036474874384047e-02         3.1112277241076677e-02        -3.8195981325785089e-03        -1.5968245192353619e-01
98                                    -3.6757463271793085e-03        -3.5957135607423531e-03         1.9126496460560097e-03        -3.8710055062038508e-03         1.2150804196291983e-03        -2.4442064581361796e-03         2.4975396304071731e-03         1.1273409024823865e-02
                                                        80                          81                          82                          83                          84                          85                          86                          87

0                                     -7.1459730809417428e-03         4.8504489848887628e-03         2.8421435958777604e-03         2.0551684360774352e-04        -1.1718711525720470e-02         1.4051952877880503e-04        -4.9358873410483702e-08         2.8795433800588754e-05
1                                     -9.7676884600175480e-04        -1.4441206617083493e-03         5.8306588408774934e-03        -1.8811613458779464e-03         4.8761394462671775e-03        -8.0511319498748686e-04        -3.8628722918957329e-07        -3.4033528604736078e-05
2                                     -6.7656407489925880e-05         3.3062931597357687e-04        -7.5213295778384559e-04         2.7002715066488887e-04        -1.0466091255126693e-03         9.0221889439223460e-05        -3.5331921880764937e-07         5.7489252598717311e-06
3                                      9.9979019102125252e-03        -9.5485886301697760e-03        -6.2310285936262779e-03        -3.2533265613997266e-03         7.7203974398497091e-02        -1.6090167645721635e-02         7.0668442679021767e-07        -9.1340311917450557e-05
4                                     -5.7359003218268069e-02         5.4586247280788237e-02        -9.8391530267204569e-02         2.8122958581178747e-02        -6.4929717408705803e-02         1.3770193782311565e-02         3.2821792474091752e-06         9.4068123425932379e-05
5                                      8.3691049089777148e-03        -7.9696460988955328e-03         1.3578698267299212e-02        -4.0570455378717528e-03         1.1602214912925152e-02        -2.4665487946176380e-03        -1.1576793468698751e-06        -1.6913108839231063e-05
6                                      7.6980037869607189e-03        -3.6711166533884856e-03        -2.0851388092312514e-02         6.7451054227410786e-03        -5.7457263877442689e-02         2.4106441987729970e-02         3.1555857343659276e-06         1.6384269148242447e-04
7                                      1.7344331820635085e-02        -2.1226517700702018e-02         6.3337895109735115e-02        -1.8121002397161048e-02         4.8849666776782999e-02        -1.4665582093783257e-02        -1.5592816496036523e-06        -1.2540634508096822e-04
8                                     -2.1447841110216353e-03         2.8609329731646058e-03        -9.4672189353433994e-03         2.7546527748184288e-03        -8.6941870913481070e-03         2.8556335845201517e-03         1.1483835252479269e-06         2.8218588409277929e-05
9                                     -5.5516465041124410e-02         5.1592406083838901e-02        -1.9975879818593736e-02         1.0775638546249361e-02         2.7172858931304888e-02        -7.5341500375648005e-02        -5.7784050354110373e-06        -1.5187016679869752e-04
10                                     5.7341980761166637e-02        -3.9251649089683822e-02        -1.0329355800671686e-01         1.9628670885921379e-02         2.6616440795873962e-02         3.3498722613317787e-02        -3.5542480226580431e-06         8.5983306389811803e-05
11                                    -9.6582656325184171e-03         7.0585141053831598e-03         1.3672104101056636e-02        -2.3718455570695234e-03        -2.7009475322001654e-03        -7.1674556106118940e-03         1.9212251242370217e-07        -1.9713579629502780e-05
12                                     3.4039600353385144e-02        -5.4231547503565007e-02         5.1835962633391616e-02        -2.4717850910191703e-02         5.3726133400383680e-02         1.1542164006485732e-01         1.1418336072610157e-05         2.0187109150519701e-04
13                                    -7.2459670642800678e-02         6.5762833610623531e-02         3.2981470893022308e-02        -3.4367621877454975e-04        -2.5422593310732409e-02        -4.2833665286529758e-02        -2.0687755106470624e-07        -8.2783542916190761e-05
14                                     1.1221628809759635e-02        -1.1287989297458114e-02        -3.0022833089767662e-03        -7.2007058253008456e-04         5.4291506114362478e-03         9.9527806253522626e-03        -1.7098734632617204e-07         3.2516029199936501e-05
15                                     5.7425585224352073e-02        -3.3494337573997661e-02        -8.9634854496754832e-02         2.5849115025712889e-02        -5.8488866220678060e-02        -1.0838890564186777e-01        -2.0516829318705114e-05        -1.3646845668173569e-04
16                                     5.1741176283568946e-02        -5.5049147011503589e-02        -4.2383858932364529e-02         4.1513127429878040e-03         7.7872127145161016e-03        -1.3338645894069457e-03        -2.0018449852456579e-05        -1.5344366835114007e-04
17                                    -5.3122391017375809e-03         7.0754845333228069e-03         2.6654270713177392e-03         2.1909671025745816e-04        -2.7748788795336804e-03        -3.0564819005602663e-03         3.5163761966196452e-06        -3.8602523888960310e-05
18                                    -3.1317979983712177e-02         8.1897270266601027e-02         2.5778502859370681e-02         1.3422146663635042e-02         4.8657959987739433e-02         5.4234220743658815e-02         6.2550470099477238e-05         5.1455635347878183e-04
19                                    -2.1770826582803646e-02         4.2556780990808306e-02         6.8319832253164195e-02        -1.2252311387292084e-02        -5.5287453625890347e-02        -3.4602106164304688e-02         2.8361920290239588e-05        -1.4899375250007840e-04
20                                     3.0051853034524889e-03        -2.6885613296020284e-04        -6.9919208724714904e-03         2.6276635125374124e-03         8.5460351084505164e-03         6.1439313427387593e-03         6.7835307943880030e-06         1.2002156655641164e-04
21                                    -3.7948751241020359e-02        -7.7931405534966469e-02        -1.9428190767244852e-02        -4.2739738717073532e-02        -9.9241846801477757e-03         4.2076540415974173e-03        -5.3954521717809917e-05        -1.2026439698861460e-03
22                                    -4.0469288998369782e-02        -5.1060652242534144e-02        -1.7409039067620161e-02        -2.7385716556934728e-02         7.7899473675960588e-03         8.0943396863898120e-03        -1.9565782119102681e-04        -1.2856152811344646e-03
23                                    -1.3185971777234993e-02        -1.6224524193075612e-02        -4.5772847798889287e-03        -9.9704645439545221e-03        -3.7222947430982803e-04         1.0781179919715491e-03        -5.7951615828897691e-05        -4.6363921791852064e-04
24                                     3.3904114440769170e-02         2.8063854942161934e-02         1.5267253811272552e-02         6.7984532713748491e-02         6.5954420744640833e-04        -9.2961887448570705e-03         3.0896956737640630e-04         2.4706484459483822e-03
25                                     6.0402315039590669e-02         6.1840792331768292e-02         1.3424417078810322e-02         2.6966810099987325e-02        -1.7851159808779536e-03        -5.0640952711655113e-03         1.3114775897039139e-04         5.9641466486433359e-04
26                                     1.8570471356219118e-02         1.8774990575814946e-02         4.2838391737201930e-03         1.1963744381680540e-02         1.2386947145265827e-04        -1.2278664633022017e-03         4.9868925847157916e-05         2.8652883670711481e-04
27                                     4.4625574142567646e-02         4.4901396710091322e-02         2.3926261192303518e-04        -2.1036377879602282e-02         1.1484071678782611e-03         4.4371812829791298e-03        -2.3143200604752343e-04        -1.8788988990930025e-03
28                                    -1.0608085219033293e-01        -8.4663178947134751e-02        -1.2386649549546488e-02        -2.8600852000015796e-02        -1.1892363247677420e-03        -2.8117575953083280e-03         3.8848696461130599e-04         3.3887919837280352e-03
29                                    -2.4913126190339824e-02        -1.9338803422477811e-02        -3.4078190017066195e-03        -9.2210174077053675e-03        -3.4640951189659854e-05        -2.4433781074865730e-04         8.3367924726609295e-05         7.3497535088752185e-04
30                                    -2.9856294822636496e-02        -1.4194439732054087e-02        -1.2835050112317227e-02        -4.9486756947354341e-02        -5.8416672877831147e-04        -4.2488219075984372e-03         3.3406213924230794e-04         5.2856052493471771e-03
31                                     7.1198243890804772e-02         4.2069599679963286e-02         2.0425258446439762e-02         7.9779472054175585e-02         2.4291766943166939e-03         4.8853681672788619e-03        -3.4957314995819728e-04        -5.8332849575241149e-03
32                                     1.6557796538387706e-02         9.7093536778957174e-03         4.3158866487018393e-03         1.7206930475434010e-02         4.7231565789637275e-04         7.5177045195868697e-04        -7.3650482903184753e-05        -1.0902652224016390e-03
33                                    -8.3993413483262596e-03        -2.2530448290155942e-02         2.2620321814143619e-02         9.9489658918497370e-02         1.5973104159284258e-03         4.9911961320675303e-03         1.3110411991443545e-04        -6.3690586278038535e-03
34                                     4.2511078928819133e-02         5.5870692295996588e-02        -3.2830475058037718e-02        -1.5209249524604126e-01        -2.7889167570010098e-03        -7.3002777084988195e-03         7.9347925837759225e-04         9.2761152991521125e-03
35                                     9.9380051327017712e-03         1.2099421756725886e-02        -6.6775821039342124e-03        -3.0900856007487727e-02        -5.6674684120722554e-04        -1.5094809895587619e-03         2.1093286106756842e-04         1.8591761559168915e-03
36                                     2.0700674905283947e-02         2.3955046823075976e-02        -1.0543993946068361e-02        -4.8604581397745074e-02        -6.3435780336793001e-04        -1.9305651658360083e-03         3.6748168028685121e-02        -8.7010848509146404e-03
37                                    -5.7555339560431067e-02        -5.6041233607003416e-02         2.2403119247434735e-02         1.0559799093092646e-01         1.8417171341880293e-03         4.9591072221440834e-03         1.0827288197803708e-02         1.7060542740929299e-02
38                                    -1.2709448598477656e-02        -1.2100311610539845e-02         4.7777646367056399e-03         2.2600340226023734e-02         4.1243648975330678e-04         1.0964196208059958e-03         5.1994803803436396e-03         3.5445284903244667e-03
39                                    -2.6147443482055976e-03        -2.5209867816613188e-03         7.1215435013111171e-04         3.5404203693755066e-03         6.4261413737153343e-05         2.1530015389052936e-04        -1.1327243356398151e-01        -9.7669672520023551e-02
40                                     3.7824414853316625e-03         4.7130148595322767e-03        -2.5093066160749708e-03        -1.1345539106758397e-02        -1.7070267185715602e-04        -4.0287453109601954e-04        -1.2305824392823435e-01        -1.0446923653527149e-01
41                                     7.5073780665374349e-04         9.5275986173416652e-04        -5.7135589909698388e-04        -2.5227353684109406e-03        -3.6587998455966825e-05        -9.0529444494919916e-05        -3.7472389818813644e-02        -3.1920930362410740e-02
42                                     5.0557230045438079e-03         3.7139836393462007e-03        -7.3907397448704664e-04        -3.9504747231993648e-03        -9.7715292333600261e-05        -2.7365185944685751e-04         8.2635777104136277e-02         7.0181179570450850e-02
43                                     3.9399836102986825e-03         2.2694532869543629e-03        -4.8337475477108036e-06        -4.4413495736629822e-04        -2.2259524861996165e-05        -9.3667104686946879e-05         8.9777757735711658e-02         7.6269827058819684e-02
44                                     1.2999621057023789e-03         8.0867777470254717e-04        -5.3807912172124396e-05        -3.8500351505221228e-04        -1.0789284282824384e-05        -3.5006268461419039e-05         2.7272006596513094e-02         2.3171790557480421e-02
45                                    -1.6708610949615590e-04        -1.0295611476876748e-03         1.1130592264135431e-03         4.5833165749744860e-03         6.5068593159545808e-05         8.9029681145036917e-05        -1.3858375126107608e-01         1.6516916129699669e-01
46                                     3.4318856389044033e-03         3.0945731953161467e-03        -1.0686734606235519e-03        -4.9775009732072086e-03        -8.6562084931804796e-05        -1.4817726472073889e-04         4.3274973045822465e-02        -5.0375356359129118e-02
47                                     8.8044210380527920e-04         7.2599515530076758e-04        -1.7829647526160859e-04        -8.8689989073311522e-04        -1.4671383945423698e-05        -2.9201049176321625e-05        -2.3411406600363760e-05         2.9912204933056191e-04
48                                    -7.7662644096894162e-03        -6.6610963185022706e-03         1.5296686756087008e-03         7.7438352133344327e-03         1.0521763956417204e-04         3.7777565905838914e-04         1.0117532591631183e-01        -1.1940012650739103e-01
49                                     1.5084768435549686e-03         1.2427344813092673e-03        -1.8079135453600933e-04        -1.0217628617160083e-03        -1.0316816571419802e-05        -6.7377187526698558e-05        -3.1200758462170512e-02         3.6877364745141701e-02
50                                    -2.2167278315264027e-04        -1.9471746400059499e-04         6.4011161156835389e-05         3.0970148386931870e-04         2.9976769390169474e-06         1.3675925153222667e-05         2.3513429238502802e-04        -2.5565447731585531e-04
51                                     1.2071702344630601e-03         1.3281938277404362e-03         5.2679553448872025e-04         2.7625741879587962e-04        -4.0116348322448696e-04        -5.2794996038558139e-04        -5.7377325326073158e-05        -3.1770038569947146e-04
52                                     4.1083738926513423e-04         1.5088232199463854e-03        -2.1286210787331363e-04        -2.3108693121986347e-03         3.9222804293897621e-05         4.6108471497949358e-04        -4.5007987763302281e-05        -1.0128247830327521e-04
53                                    -2.8968289386152334e-05         5.1105814622701216e-04         2.7345035554734571e-05        -6.6501089623916714e-04        -4.9885562267259825e-05         3.5767354586095781e-05        -7.0444325411327394e-06        -4.0877782296184465e-05
54                                     2.2032369237447971e-02        -3.9168918288083429e-02         2.5094220261164327e-02        -6.7659236466683249e-03        -5.3370499579268191e-02        -8.8864118207346840e-02        -3.1005845345271429e-05        -1.6403461907012301e-04
55                                    -3.9075721260152085e-03         8.4166609780334002e-03        -6.1198800667077252e-02         1.5012456520148029e-02         5.9818885409367313e-02         5.5253230809111098e-02         1.6498515206638789e-05         3.1546048139494533e-04
56                                     9.2623639149518977e-04        -3.7573530732122953e-03         9.4064618821623758e-03        -2.5824493246475984e-03        -1.0475693823919729e-02        -1.1258760076175543e-02         1.7636694466708159e-06         1.2405286154875568e-05
57                                    -3.4801953176643581e-03         7.4439766004588230e-03         1.1395603390941053e-02        -7.6014274723174855e-03        -1.7500650125365561e-02         1.0168311203618259e-01         1.3186123553851688e-05         1.1428294815345874e-04
58                                     5.6384156594739554e-03        -1.7887200599155623e-02         1.1641657299855473e-01        -2.5460627335876836e-02        -1.0669986501530167e-02        -4.3597470906816857e-02         9.0880042627346610e-06        -4.3736108457184425e-05
59                                    -1.0547181765954981e-03         2.7320074660840822e-03        -1.6346568729340167e-02         3.0996260892927211e-03         9.8236320802953195e-04         9.6408904980663235e-03        -8.6227999907846320e-06        -4.5609091113737706e-05
60                                    -7.0611649056236334e-03         2.7362457334821497e-04        -4.6607706099213051e-03         1.3589971404430652e-03         1.3034930074609277e-01        -8.5738799248758907e-02        -1.6959956289699603e-06        -6.7265269514649693e-05
61                                    -1.7853105435493594e-02         1.9879315970496126e-02        -5.2578154958041107e-02         1.1324520564766674e-02        -3.0349826373559201e-02         3.7256772438646224e-02        -7.9612407991212223e-07         6.6269265356868598e-05
62                                     2.2805763930262364e-03        -2.7860551511820512e-03         7.3787379079242052e-03        -1.5674556084175019e-03         8.6037839186403862e-03        -8.0812633031554053e-03        -1.0313103453494493e-06        -1.5363336665122350e-05
63                                     2.2729508979006479e-02        -1.6477639398046463e-02         4.7421666283739901e-02        -8.0445165607799327e-03        -1.3513958137990562e-01         5.8682669066891666e-02        -4.4607338501190872e-07         1.0612194194679157e-04
64                                     2.7368520483951751e-02        -2.4845992497048153e-02         4.9700376655472965e-02        -1.1430633319329067e-02        -6.0528564127016954e-03        -1.1780132532361635e-04         2.7176137650081644e-06         1.3944808545095276e-05
65                                    -3.0903624343986097e-03         2.9514511761062692e-03        -5.3973843302734231e-03         1.3676870380932031e-03        -3.5989871900738175e-03         1.9251173056230586e-03        -3.1057090990425439e-07         8.3904940656429365e-06
66                                     1.0789445133654435e-01        -7.7523987344089315e-02         8.2593104106570225e-02        -2.2049356457581753e-02         5.4783583665804138e-02        -1.4853866845967756e-02         2.0192963824681887e-06         2.4444627595951721e-05
67                                    -4.8104995340444878e-02         3.3063384793598834e-02        -2.8270134398911871e-02         7.6473822575460612e-03        -2.4971719150789686e-02         5.8626658793104530e-03        -3.4690973012313935e-06        -1.5776707142185867e-04
68                                     1.1277438433291442e-02        -7.6652588155902276e-03         7.3626166229596446e-03        -1.9610408997464677e-03         5.2050777455994674e-03        -1.0893752990768176e-03        -1.7706764928130928e-07         2.3215028939478178e-05
69                                    -3.9194584097965675e-02         2.8531195613486562e-02        -4.4056673989290807e-02         1.4295461065776153e-02        -3.0058390975868300e-02         7.1782454192604473e-03         4.3629518555100493e-06         2.4090150685177582e-04
70                                     9.8158834437659409e-02        -6.1441872489471978e-02         4.8126810961158790e-02        -1.2907136840838154e-02         3.9322975191180082e-02        -1.2931522621134664e-02         2.2933296990438266e-07         1.3602279062531640e-04
71                                     5.0708590347399010e-02        -3.2057280886303531e-02         3.2741886104124478e-02        -9.1703321299627678e-03         2.0436595364749593e-02        -8.1974137110105132e-03        -5.8686671858909811e-08        -5.8596781493758486e-05
72                                    -3.5909806112337073e-02         2.6487010751414280e-02        -4.2466137135441007e-02         1.3823775475764357e-02        -2.8485495295378738e-02         6.4247115129744126e-03         5.7301949012655802e-06         2.4078755578544022e-04
73                                     7.8275000534095585e-02        -4.8995415602603294e-02         3.5588997155744276e-02        -9.4479776750518701e-03         3.1632779314795134e-02        -1.0180985479053151e-02         5.1681908344024003e-07         1.5133918839804815e-04
74                                    -7.9505495948810262e-02         5.0397473069007062e-02        -4.8138660259284372e-02         1.3447910010642401e-02        -3.2972888247283186e-02         1.2102445229947719e-02        -2.0895216978448767e-06         3.5838032489611544e-05
75                                    -1.8874834218271425e-01         1.8106232873338390e-01         1.3348682765563533e-02         1.6562328006588356e-02        -2.4616986356984501e-02        -9.4937108729032785e-02         1.0390891845106026e-05        -8.9005198888619694e-06
76                                     7.7080104927223114e-02        -9.6571061317403104e-02         7.0016724627864735e-02        -3.2659581108335861e-02         3.5905991134573781e-02         1.1248850368329429e-01        -2.1847410157498612e-06        -1.7881670853708135e-04
77                                    -1.7487944651056023e-02         2.0061015405616667e-02        -8.5965210444576261e-03         5.2123348961510586e-03        -6.8394215472996622e-03        -2.0270288125219381e-02         6.2079074160412794e-06         9.2561021042944768e-05
78                                    -2.6386578100033076e-01         2.1772587288118439e-01         1.4669266346383270e-01        -2.2422450619452885e-02         7.1725688552642677e-02         9.9132245377044514e-02         7.7642254930800726e-05         6.8753446389338888e-05
79                                    -8.7777381561376600e-02         4.8807939416880962e-02         6.5310909109176751e-02        -1.9905642648549507e-02         6.9474022799151602e-02         9.6665836538601488e-02        -4.9875856291772887e-05        -3.0513215639873717e-04
80                                     7.6505548521352586e-03        -2.7192045094621728e-03        -5.7109178318118852e-03         2.4440262637451639e-03        -8.1008785613179528e-03        -1.1351553563673195e-02        -1.5244874780853227e-05         1.0903158518468536e-04
81                                    -1.6699386145177583e-01        -1.4612255311527395e-01        -2.0212312363401416e-02        -1.0856842537957168e-01        -1.1429194188526700e-02         3.4032608146659944e-03         2.2899036763804361e-04         3.5263346801698637e-04
82                                     2.1402549157826564e-02         3.1638925443258047e-02         6.0549695323996507e-03        -1.2987338333992323e-02        -3.8404214109282213e-03        -1.6686560994780837e-03         8.5377424128699059e-05         4.9839052925354792e-04
83                                    -8.8562109653694144e-03        -7.7370963132378581e-03         3.1256699549710994e-03        -1.4575587092071553e-02        -6.9835684271571255e-03        -4.6545748098345292e-03         3.6657860204848180e-05         1.0005202208613420e-04
84                                    -1.7824533763815714e-01        -1.3700440125508548e-01        -2.3487829444456272e-02        -6.2179608966245338e-02         1.3407813809423574e-03         1.9296602599497253e-03         5.8926263410728327e-05         1.8588903015690364e-03
85                                     1.6924801144724097e-01         1.4267927470847683e-01         1.5485909731897169e-02         1.2331527605070751e-02        -1.5513722374293582e-03         9.5657353774355428e-04         1.7173764170736451e-05         2.9311255264835795e-04
86                                     3.2486022180742279e-02         2.8592257965141643e-02         2.7888754925690473e-03        -6.4374603573633376e-04        -4.6339964914654709e-04         5.9415182180699399e-05         2.2203041235261805e-05         3.1974724106496438e-04
87                                     5.4518047973297304e-02         8.9378950894484666e-02        -4.9115576330170163e-02        -2.3032176203888305e-01        -4.1343253172633002e-03        -9.0471809308519495e-03         4.1688484744902112e-03         4.1556053554352252e-03
88                                    -2.8628215372364683e-02        -7.6831839252734069e-02         5.3598300498022146e-02         2.4593141861107384e-01         4.0764508371335184e-03         9.3034508584352096e-03        -4.5912892487505599e-04        -1.1681860350039044e-03
89                                    -3.7507955598560065e-03        -1.1970506504271701e-02         1.0532681301100468e-02         4.5699212744234205e-02         7.2281058233340833e-04         2.1762020518223723e-03         1.8648446765331844e-04        -6.8684282568093012e-06
90                                    -5.9522216500831934e-02         1.3695714963506114e-01        -1.2904386126620940e-01         4.2657093074773028e-02         1.2670635123779103e-01         1.3696942263589323e-01         1.4592535438485374e-05         1.1833856552407558e-04
91                                     5.1210756518303618e-02        -1.1134110606531882e-01         4.4184900013659302e-02        -1.7628836707855363e-02        -5.8470418760017122e-02        -9.6334162622798036e-02        -1.5396238281383993e-05         4.3525907546128871e-04
92                                    -4.8659666443626095e-03         3.0908875033582969e-02        -1.0669810442544206e-02         8.8907679178255161e-03         1.6046868433678588e-02         2.1508662971321896e-02         3.8401362298199532e-05         1.5055022723113563e-04
93                                    -3.6765671192017534e-02         3.5022879066483541e-02        -5.6940595188148251e-02         8.5971114480579598e-03        -9.7598038723859998e-02         1.0539265815931936e-01         4.8180849329240359e-07         1.1063211156726092e-04
94                                    -3.2970049175707476e-05        -2.2546249501782449e-03        -2.3153378597775623e-02         7.2715174974161915e-03         1.3029704583220175e-01        -8.9486283902413297e-02        -6.4323964643160774e-06         1.3358159462823648e-04
95                                    -1.2386111955970532e-03         1.4979642748728054e-03         1.1219358236125429e-03        -8.3393723733454631e-04        -2.1762125127694907e-02         1.6167770537216811e-02        -4.2036365329502675e-06        -4.4448615026606275e-05
96                                    -3.9010827599179690e-02         3.0631850985698546e-02        -1.0397142090738191e-01         1.6133845704935468e-02         1.1792512779175418e-01        -1.5529574260596479e-02        -4.0511823208611510e-06        -5.5129134907509914e-05
97                                    -5.0662927922720830e-03        -7.4796204599657831e-04        -3.1119973953197412e-02         1.5144732268583465e-03         1.4201971980166542e-01        -4.6141587020289580e-02         4.6521358835051252e-07         1.0713857839384430e-04
98                                    -5.6563006386676985e-04         1.0711006807176654e-03         8.9690986761432044e-04         2.9909927271779880e-04        -1.6156351635832875e-02         6.0827384475788185e-03        -2.4252373208436249e-06        -1.2521000806969901e-05
                                                        88                          89                          90                          91                          92                          93                          94                          95

0                                     -4.6247493831104949e-02         3.3133314355122466e-03         1.6529654032442782e-02         2.0656988915379861e-06         3.3423206329390898e-05        -1.4702491246765469e-05         5.0093991191637363e-06         2.2852615559026024e-04
1                                      2.3381158704732553e-02        -1.2896228888624107e-02         8.4854037929601486e-02         1.6439992413676677e-06        -6.1364834654001517e-04        -4.2317208349146998e-05         1.9455850242339824e-04        -6.1743258763532756e-04
2                                     -5.8495163257885298e-03        -8.6174111892516198e-02        -1.1888860017244608e-02        -1.2756879750198814e-06         7.3254200995340489e-05         8.5652810638767507e-06        -2.9226006857053046e-05         7.0320550302313623e-05
3                                      8.4626437502560855e-04        -1.9783111013556275e-05        -7.5168085999575496e-04        -1.2223995609267548e-07         5.6071094932273855e-04         7.7202015587078608e-05        -6.2751490741129709e-05         1.8864904400690608e-03
4                                      3.1606727821393948e-05        -1.0235614479039596e-04         1.3466157387260398e-03        -3.7690314570250149e-06         1.8446022992279792e-06        -1.7467113371369598e-04        -1.4003964505557093e-05         1.8462107982933436e-03
5                                      1.4317612738402604e-05        -6.6321446319060628e-04        -2.1665837723568287e-04        -5.9966272264130594e-07         1.8301714388875069e-05         2.6255553066965013e-05         2.3613778006780489e-06        -2.0016449852502615e-04
6                                      1.4536722746856726e-04         1.0248486203351747e-05        -1.0196131637276297e-04        -1.9941308598830356e-06        -1.8498405333798118e-04        -1.2004757320547135e-04        -3.3139606789409608e-05        -2.8937340137498695e-04
7                                     -2.0658048794406443e-04        -2.7624395667704975e-05        -1.9175896987851541e-04         6.0838873213247263e-07         3.1372633505995733e-04         1.1241103611620808e-04        -1.9695881823302063e-04         3.4526430399405662e-04
8                                      3.3558128069793472e-05        -1.9709118059487994e-04         2.2274219675853446e-05        -8.5354590347481684e-07        -4.8774321477433830e-05        -2.9927613050288309e-05         3.4598472689733075e-05        -5.5858092858261858e-05
9                                     -7.5899523771875670e-05        -4.2584714078814836e-06         6.1980510536449948e-05        -6.4476417263316878e-06        -4.1850028070796429e-04        -5.3551119523970029e-04         3.8574299212349751e-04         7.5750140000896548e-05
10                                     4.4856829289269185e-05        -7.0186242591701317e-06        -2.1966752626388658e-04        -4.1970445715023539e-06        -4.3150872120878718e-04         4.8530695836410207e-04         7.1782451463727338e-04         4.9433288434629649e-04
11                                    -1.2098786220524057e-05        -4.5892828658633194e-05         3.4160883877037795e-05         2.1915846667597375e-07         4.3809698081046358e-05        -8.7205026335459166e-05        -8.7974770335536877e-05        -6.3662598452217809e-05
12                                    -3.3160369478221789e-05         1.9144173639989011e-06        -9.0295405667248534e-05        -9.7809836293185986e-05         2.1380959604421968e-04        -2.2847810948073005e-02        -3.1409251270932926e-03        -2.8041132914528419e-03
13                                     5.1739372456691554e-05        -5.5685081062019126e-07        -3.6219747565349244e-05        -1.5820101640491786e-04         1.2686405864509526e-04        -3.4730302491831337e-02        -3.7648230062874897e-03        -3.4986990066493231e-03
14                                    -8.2048334908222860e-06        -5.2537179144276599e-06         2.8481647886877491e-06         2.1543094283424276e-05        -1.0436868802575960e-05         4.2872651099693541e-03         4.4085662499227267e-04         4.1020767611155812e-04
15                                     3.1890069719272315e-05        -1.3827284632729235e-07         6.6721421018708693e-05        -1.9101281264860418e-04        -2.1747766886214752e-05        -2.7586575462301373e-02         2.5234472645985990e-03         1.2607933562472583e-03
16                                     7.7020578824937014e-05        -3.4406160344553008e-07        -7.9159218501687910e-06         4.0124423366552658e-04        -7.8393346643715556e-05         6.3768438585375856e-02        -3.1466966399132990e-03        -2.0280671690673037e-03
17                                    -9.4633645173016825e-06         2.8273312830002140e-06         2.0303171780161962e-06        -7.0359491803858443e-05         1.5754153098631753e-05        -1.0968886585874292e-02         5.7308922022468781e-04         3.5607006600108047e-04
18                                     7.8161982295626925e-06         1.2309243882197361e-06         3.2435216356985540e-05         3.7916017879802173e-05        -2.5826271792413517e-04        -1.3777620975470341e-03        -1.6143303312078732e-03         1.2506659177419151e-04
19                                    -8.6613642784243291e-05        -3.6295582588661036e-07        -7.8988872563965279e-05        -6.2325600075627947e-06         2.7614524106548186e-04        -1.0114929941857870e-03         2.5823671512009054e-03         2.0891772542569616e-04
20                                     1.0887592175620008e-05         1.3686247785882523e-06         1.2439033225429658e-05         3.0081598702509604e-06        -4.5548687754638943e-05         4.8884727570766230e-05        -3.6385013396433331e-04        -1.5988964921637370e-05
21                                     6.8705461661574826e-06        -1.2783761588199457e-06        -3.3338427137844163e-05         4.5587143701219214e-05         3.0982643072296737e-05        -3.6795408535685386e-05        -4.5709964664090080e-04        -1.2666919434140889e-04
22                                    -3.8214698603024044e-06         8.0693951011560932e-07        -1.0306603142825092e-06         7.8936700272508754e-05        -4.1532563211530275e-06         2.6930416465870160e-04        -5.3245975394204160e-04        -7.3132405127822569e-05
23                                     7.9354579847133774e-07         4.0622542419480149e-06        -1.8736385789928911e-06         1.8615851297301184e-05        -8.5797145143076037e-07        -4.3226778377458092e-05        -8.6125390005846567e-05        -1.1982315835323470e-05
24                                    -1.3607577601765396e-05         8.2044867699510678e-07         1.9900073785522528e-05        -1.1140643552682861e-04        -1.0316192299770845e-04         1.6714342952009573e-04        -1.7900262857696617e-03        -1.0812655798208796e-04
25                                     3.9422069313757734e-06        -3.3926797735600860e-07        -3.4096495936305217e-06        -4.1343140077003990e-04         3.0555913477672137e-04        -1.9399426087278640e-07         6.9590255830674344e-03         5.7942038958305059e-04
26                                    -2.7320341370164035e-06         3.5234430251966592e-07        -1.0383174631272028e-06        -1.2842394575164468e-04         7.8132373636537932e-05         5.4763425475541752e-05         1.7889380977298449e-03         1.5051889835117146e-04
27                                     9.5309107463834547e-07         2.1648694329895462e-07         1.5963285551612425e-06         2.7754552191003230e-03        -5.8713542614379608e-05        -1.2257188010479948e-04        -1.3865344817926752e-03        -4.7799770264010765e-05
28                                    -1.2128784701876567e-05         3.6355914432835198e-07         1.5753978987408158e-05         1.8018473375413834e-03        -6.7914143197132822e-05         2.1560571337520043e-05        -1.2483014926823334e-03        -2.1413139268147073e-05
29                                    -4.5655151737916969e-07         6.3390309972954437e-08         3.2147556526246328e-06         6.9628963366233571e-04        -2.6624207348025696e-05        -4.2440249912391505e-06        -4.7952173342338995e-04        -1.5956516084096473e-05
30                                    -3.1022486449255276e-05         1.2444491196334357e-06         2.5361537821768254e-05         5.9493703567532004e-04        -2.1292737029401139e-05         1.5981922763629581e-04         3.1171283749540659e-05         6.3527173504262109e-05
31                                     1.4262779217772546e-05        -1.5237130616737925e-07        -1.3255286669057740e-05        -1.2026689198649926e-03         1.5961075211168733e-05        -1.0745754897764111e-04        -4.9683463577571477e-05        -3.9849277170457488e-05
32                                     1.2937909993600755e-06         6.6530544564290750e-07        -7.6559460654252751e-07        -2.5452349736943274e-04         1.1380490808270740e-06         6.7013978193334090e-05        -9.6399612729924551e-06        -5.8110734112326956e-06
33                                     1.9979491763254944e-05        -6.8704041092492503e-07        -1.3671721434629702e-05        -6.3204403449576688e-02         1.1583659561814321e-04         3.2488559953910750e-04        -2.1464139843957347e-04        -8.5143706053763437e-05
34                                    -2.7732111325081872e-05         1.1298772074262107e-06         2.5449284306018391e-05        -4.9619672115916467e-02         6.2667969531396886e-05         3.1002054559322624e-04        -6.8571648508574455e-05         2.8802963602144091e-05
35                                    -6.8541141424720006e-06        -2.6001320875731966e-07         6.1363798162914266e-06        -1.6638841066824075e-02         2.4237287716859047e-05         9.9568736758785673e-05        -2.2254991704693921e-05         4.0207360679870119e-06
36                                    -8.1746726667508528e-06         3.3018853184753655e-07         6.1899162122914579e-06        -1.1373530947090759e-03        -2.7033419236626429e-06         1.5215778823288300e-05         1.1193570114486588e-05         1.5022497054575297e-05
37                                     2.2039755740610239e-05        -8.2194968035802603e-07        -1.8734631583300816e-05         2.6631198020874995e-03         9.3170052154594653e-06        -4.0915025251307573e-05        -3.5551177470156239e-05        -4.5734355393146260e-05
38                                     5.1232819274341170e-06        -1.1495595534269199e-07        -4.1598693165392024e-06         5.8384600879963708e-04         2.1496289954225885e-06        -8.2060193635849346e-06        -1.0140507733243083e-05        -1.0776874902989206e-05
39                                    -1.2415536940209751e-05         3.1311582861237332e-07         9.7435037434190650e-06         4.3964975963755633e-04        -6.8517505391723717e-06         1.5393591041152188e-05         1.9371036215487448e-05         2.2825268559241735e-05
40                                    -1.3191355185599700e-05         3.8785705514438639e-07         1.0029473469235772e-05         7.7456868296159082e-04        -7.8524905617945505e-06         1.5412631616535137e-05         2.3437234275935490e-05         2.4400527713847742e-05
41                                    -3.9577022921093101e-06        -1.3798316132560156e-07         3.5014501318226163e-06         2.2356455082653758e-04        -1.4632365148642797e-06         5.8349245703921312e-06         7.8678047554940276e-06         7.5161005604230856e-06
42                                     6.7378943096883819e-06        -1.0331065580259748e-07        -5.3981807352355374e-06        -1.5142231346971832e-04         3.2322224641490417e-06        -1.2994303547840287e-05        -8.3577164212028405e-06        -1.2294535191238833e-05
43                                     8.5174899535080983e-06        -1.6308095484614094e-07        -6.7545700463318680e-06        -2.1883403767486697e-04         4.2222048790636982e-06        -7.3387282689240327e-06        -1.3930759740555424e-05        -1.5827024529363186e-05
44                                     2.8218458936560649e-06        -1.5967548280033063e-07        -1.5239340277630651e-06        -6.2159098483189335e-05         2.7891651484124416e-06        -1.7787413226403452e-06        -3.7093757874067168e-06        -5.3287334277553803e-06
45                                     2.1153884886021573e-05        -7.7817452641063844e-07        -1.5058578603983809e-05        -9.1645222341676474e-06         1.0806576343905001e-05        -1.3248370041217280e-05        -3.2201891883059348e-05        -3.8938434009144574e-05
46                                    -5.9717905307792164e-06         2.0173499822589404e-07         4.0017408288930137e-06        -2.3606298041342847e-04        -2.5300631272429234e-06         4.9029433871796159e-06         9.2986159454015808e-06         1.0106878279581647e-05
47                                     1.7783975668824765e-07         8.6685252966145115e-08        -9.5316001469234728e-08        -7.0007011502049295e-05         1.7536695345864362e-07        -2.8984987194115390e-07        -1.9133181077838736e-06        -5.2590376872534632e-07
48                                    -1.3325054148964396e-05         5.1029299266455452e-07         9.3730938293779491e-06         1.7809870028661048e-04        -7.0091520095970909e-06         5.7074353716978623e-06         2.0968059948505087e-05         2.3836105310583919e-05
49                                     3.7557763456520207e-06        -1.8146141729048073e-07        -2.8082810753006424e-06         2.7687085279094978e-06         1.7066360942490082e-06        -1.8828709932469846e-06        -4.2017586243808252e-06        -7.0379344393051581e-06
50                                    -8.2270170093072062e-08         1.7495294069919556e-07         8.8934175593224124e-08         1.5805341265336592e-05         1.3447459563583794e-07        -3.5532643030550659e-07         1.0524722475520420e-06         5.9497457251894241e-08
51                                     1.9712575245286482e-06        -1.1927937786164518e-07        -8.1966078128039183e-07         2.5025472264829422e-04         1.4305993447198411e-06        -1.6325761770730531e-05         5.5366862887405529e-05         3.6636163233109835e-06
52                                    -6.7180076894573632e-07        -1.4410014989049419e-07        -1.0244801046439597e-06         5.4830050246708826e-06        -5.7894502983583660e-07        -6.3878723268050964e-06        -2.7006334187087673e-05        -3.6894497074431767e-06
53                                     2.1139605156333596e-07         6.6273299817955669e-08        -6.1072138859377890e-07         2.2952009858831321e-05        -1.8862027974367633e-07        -9.9462065297084482e-06        -6.0186560720196177e-06        -1.1207970585552812e-06
54                                    -1.5502709330527051e-04        -1.0107360142446260e-08        -2.7386175533506833e-05         3.5618645538003474e-05        -2.6783643323439669e-03        -1.2885723067770252e-04        -4.6070523183176670e-02        -3.3405681169463098e-03
55                                     3.3092027585511540e-05        -6.6898691888144700e-07         1.1626585852629256e-04         7.8292898469299518e-05        -4.0497148714831958e-03        -1.2485747502310150e-03        -6.7022141700294857e-02        -4.9671632808433418e-03
56                                    -9.1017957086205956e-06        -2.0616869613533151e-05        -1.9386950170821838e-05        -1.3003239163266342e-05         5.6701097570673335e-04         1.7680708853840861e-04         9.5394627848504922e-03         7.1390428772753810e-04
57                                     1.8663766139454273e-04         3.1228008213880003e-06         8.6142516927393282e-05         8.3799105259484236e-06         1.3711037634307765e-03         1.8718713236648532e-04         2.0838486908300717e-03        -9.1692056821512924e-04
58                                    -1.2217716150716545e-04        -1.4022449138442075e-06        -1.3882276157498339e-04         1.3742195405303113e-07        -1.4025563402014750e-03         8.0104469677703770e-05        -8.6096184628759820e-04         1.3834009547271083e-03
59                                     2.8145009387391322e-05        -1.2269972596227430e-05         2.3657985433230754e-05         1.4332849424475738e-06         2.4458367084950050e-04        -9.3323250874460133e-06         1.4158376142975223e-04        -2.3562896814007930e-04
60                                    -4.7305886771569102e-04        -1.5030120990223828e-06        -1.0393709842665796e-04         7.7975004010595958e-05         4.0391232433075401e-02         5.9086772011805703e-05        -3.4644462257674011e-04        -2.4477931658708863e-02
61                                    -6.6666193690171759e-05         1.1467216910085903e-05         4.5605570569121941e-04         1.1911568034961703e-04         6.1327256750067963e-02         1.9551966752348366e-04        -1.2511694318947796e-03        -3.0760705049469993e-02
62                                    -9.1667908018498409e-06         7.6527155751172059e-05        -6.9071077340265963e-05        -1.6318867027436841e-05        -7.2990066476212954e-03        -2.3816075170955761e-05         1.5654140860365203e-04         3.5221741722480959e-03
63                                     7.5197349284277480e-04        -2.1224382737284905e-05         3.3400673074074924e-04         9.3835073055383468e-06         1.4958259642023910e-02        -8.7065590666158461e-05        -4.0506263877375338e-03         3.7857393430189915e-02
64                                    -3.6108635141654321e-04         6.2752045290836360e-05        -5.0930991566875588e-04        -3.2177842767797125e-05        -3.2151936588196622e-02         3.0476986819859481e-04         6.9429440645874217e-03        -6.4079018312512975e-02
65                                     7.8565542913400533e-05         2.0682593437573892e-04         7.8335224585043570e-05         2.8986254684917117e-06         5.0324218216382692e-03        -4.5579292720881488e-05        -1.1124069375041919e-03         1.0285926166931671e-02
66                                     1.3667139598709691e-01        -1.4979164276560223e-03        -3.4725429551903653e-01        -2.6456167999959453e-05         1.3501805145238327e-03         2.0304726954309703e-04        -4.2859645721297706e-04        -1.8743665009208290e-03
67                                     3.3621895253073691e-01        -7.4922345429489032e-03        -8.0813719122835548e-01        -6.1527910066267512e-05         3.8232401731093830e-03         4.1156635189377137e-04        -1.3367196864772371e-03        -5.4621610972537861e-04
68                                    -4.5706120505353269e-02        -1.6554765881728141e-02         1.0875515526058005e-01         7.6103944274687085e-06        -5.2404252304970268e-04        -5.3460871770586383e-05         1.8649532460614704e-04         2.4108666784882334e-05
69                                     1.8762126841778043e-01         2.0470491071998842e-01         7.4194591981415356e-02        -1.2043688522320134e-05        -1.4618938532146696e-03        -1.5677552039362928e-05         1.8866960406579731e-04        -2.5971563364568621e-03
70                                    -2.3372930238294728e-01        -2.5603516716854646e-01        -7.5647636795902237e-02         1.5577474077751481e-06         1.2422528383804260e-03         2.2430133869107508e-05        -2.6296274633113100e-04         1.8218037746050174e-03
71                                     5.7561508822365037e-01         5.7921559725226446e-01         2.1442266300319848e-01        -1.6426370566618404e-05        -3.5110872536029034e-03        -9.4486446505504963e-05         6.8570773753249864e-04        -5.4958423773552034e-03
72                                     2.1708993215820052e-01        -2.4260007961077887e-01         8.7988993146607936e-02        -1.4385076088239823e-05        -1.7603859304096922e-03        -3.6980435022717259e-05         2.5091832866482733e-04        -3.0563162865291441e-03
73                                    -3.8143623764120094e-01         4.1853276631254738e-01        -1.3583587300704700e-01         8.2785770936413840e-06         2.3611941610963785e-03         4.7406344361498707e-05        -4.7440996987777029e-04         3.5533425269884686e-03
74                                    -4.6037210916214927e-01         4.7344644813217279e-01        -1.7984912827925603e-01         1.3102801539082114e-05         3.0784300551714525e-03         8.3689166914528346e-05        -5.8579522333851582e-04         4.8097838295255600e-03
75                                    -4.4765002642850181e-04         1.6103610914954271e-06         8.0602307873153323e-04         1.2988288459670411e-03        -1.0238535845778134e-03         2.8774946509095989e-01         3.2351910021292250e-02         2.9494449114111879e-02
76                                    -6.9274371369589265e-04        -2.3113308374999105e-07         1.1035746081556265e-03         1.8195285232797623e-03        -8.8691560364679905e-04         3.9963532313014438e-01         4.4301851193081651e-02         4.0229829741080074e-02
77                                     8.4091862312365222e-05        -1.3871289231538884e-05        -1.2956121600819380e-04        -2.2217485089232584e-04         1.0519800763404221e-04        -4.8066967672372979e-02        -5.2881588055908087e-03        -4.8321811914723723e-03
78                                     1.2395166265775884e-04         2.9288949074834262e-07        -4.4970351690943909e-05         2.1095086615652335e-03        -4.8211515938617556e-04         3.2937620171010745e-01        -1.9786998659697783e-02        -1.0848331873675775e-02
79                                    -4.2725395895077100e-04         2.7876969450834131e-06         1.9414894881355328e-04        -4.6800597848155193e-03         8.0480960186046628e-04        -7.3657227867799280e-01         4.1613861891936166e-02         2.3792487244966371e-02
80                                     7.2142792224779920e-05         1.1440637852029425e-05        -2.5461411139793999e-05         7.9164177642421381e-04        -1.7409298327385607e-04         1.2732659119551337e-01        -7.3483486315626427e-03        -4.1118201792918760e-03
81                                     2.4236619932788019e-05        -6.6402475902946938e-07        -3.3585711954742629e-05        -2.0080410112712499e-03         8.7954076100756290e-04        -7.2838409844803721e-05         1.9733672149138879e-02         1.5912851906228988e-03
82                                    -1.1550452818656580e-05         1.5311917206265116e-06         9.3356995187031380e-05         6.7958303457341575e-03        -3.3866653934421010e-03        -4.1481679441527237e-04        -7.6088660180890250e-02        -6.2009030248085413e-03
83                                    -7.2924232967220148e-06         5.7187818427251510e-07         2.0537027913976987e-05         1.8025815116014046e-03        -9.4612492171102349e-04        -1.4360192918587490e-04        -2.1135733086812141e-02        -1.7221144061724347e-03
84                                     6.7685538044837376e-05        -3.4798115760551416e-06        -1.1203224505875837e-04        -2.8651844528425851e-02         8.7282061361017836e-04         1.7085130758880341e-04         1.8897731168996373e-02         6.1385796052062938e-04
85                                     6.1846605041964776e-05        -3.1295104340187811e-06        -8.9736209547417500e-05        -1.9261590119999193e-02         6.6196174718047079e-04        -1.6688504479527534e-04         1.4132892328738822e-02         4.6164974739998355e-04
86                                     2.0904339223309919e-05        -1.9711545217497677e-06        -3.1037209499489359e-05        -7.3439895383625269e-03         2.3538708296219288e-04        -2.5809695445843555e-04         5.1769749347086594e-03         1.7995896051873061e-04
87                                     3.4325901663950664e-05        -2.0143162822491449e-06        -5.1964283734812513e-05         7.4436589274299048e-01        -1.2089234274755456e-03        -4.4362066484474501e-03         2.2492114330864362e-03         4.6688845612831258e-04
88                                     3.4025829318363908e-05        -1.5441615412928677e-06        -4.2984330898718576e-05         5.6535598665935871e-01        -9.1049728947484321e-04        -3.2557420553382260e-03         1.5461571685726132e-03         3.2505290170203904e-04
89                                     1.1023666389649980e-05         1.1030049058510955e-06        -1.8527610904985274e-05         1.9105051755304170e-01        -3.0750959007077195e-04        -1.1425525001571208e-03         5.4233823948400572e-04         1.0849143196772609e-04
90                                     2.3427892874890654e-04        -4.5147861880660286e-06        -8.1770232642813584e-04        -5.9916082591360460e-04         3.0095763153629600e-02         5.7221527181799516e-03         5.4007099319129337e-01         4.0411689451627028e-02
91                                     3.5552329622454636e-04        -2.0933048548880662e-05        -1.0328726858513243e-03        -8.8809530261211005e-04         4.6455812940486299e-02         9.2842133852409602e-03         7.6540358042445023e-01         5.5395424805211937e-02
92                                    -4.8537099287087733e-05        -5.1342350446990997e-05         1.5093294113558943e-04         1.2214080266603357e-04        -6.5765085135747105e-03        -1.1480216805503539e-03        -1.0757399870221312e-01        -7.7498593209828137e-03
93                                    -2.9811258994817116e-04         2.4300832538180185e-05        -2.1793222955159633e-03        -9.2191640072489657e-04        -4.6826100878147225e-01        -1.3693271513286849e-03         7.1184641186205809e-03         2.3764524324491515e-01
94                                     4.6829290577841617e-04         3.2010993304099610e-05        -3.7361669463429133e-03        -1.3961450224474568e-03        -7.0600837557083806e-01        -2.2467057807207830e-03         1.5407105944510681e-02         3.5266208562730084e-01
95                                    -6.8133256833135007e-05         3.8566181699281329e-05         4.5344267781342168e-04         1.6433633102911412e-04         8.3900642430322442e-02         2.6472484914752615e-04        -1.9010306606631023e-03        -4.1781754920401801e-02
96                                    -4.8061316609507906e-03         2.3490698067527477e-04        -3.4075513259762265e-03        -1.9497323554287357e-04        -2.0125803731457720e-01         1.5741708464410795e-03         4.2591632856468581e-02        -4.0236465428584522e-01
97                                     8.2920522361985462e-03        -5.1549676895654790e-04         3.5864335673966691e-03         3.5735400391384754e-04         3.7360090998518825e-01        -2.7987331452735253e-03        -7.8723129969365563e-02         7.3424651965210841e-01
98                                    -1.3319389631668089e-03        -1.1112590138165738e-03        -6.0705509506067473e-04        -5.9160089338184829e-05        -5.9349721889134628e-02         4.4295990102633670e-04         1.2498354905821862e-02        -1.1680411752175850e-01
                                                        96                          97                          98

0                                     -8.6696452624966666e-05         2.9563258226605525e-06        -3.5252783502629486e-06
1                                     -1.0404534887222450e-04         7.9697403858112648e-06        -7.1851159376052209e-06
2                                      1.0873195942481227e-05        -1.5805131820224774e-06         7.2895937764017178e-07
3                                      7.5153434211325997e-05         4.7077301638087327e-06        -2.3096874179914953e-06
4                                     -2.0276128621249224e-04        -1.4441698836398549e-05        -1.3284306694446585e-05
5                                      3.0036336497021272e-05         1.3912548614295221e-06         6.7420580460899639e-07
6                                      1.3392445937230685e-04        -1.4322589405186637e-05        -9.8435393227841763e-07
7                                     -1.0719417399396620e-04         1.5540629675984660e-05         2.6983748039323296e-06
8                                      2.4254018870966793e-05        -3.1977811017643389e-06         3.0310881246994000e-06
9                                     -1.8127896424742366e-03        -2.1824642248704926e-05        -4.5760408039147517e-05
10                                     2.0289032122418173e-03        -3.4481579896632582e-05        -2.5110769675728322e-05
11                                    -3.3507982611006394e-04         8.1095307272305973e-06         9.4683795779110337e-06
12                                    -4.3759369846086124e-02        -1.0929901747178349e-04        -2.1011337713822817e-04
13                                    -5.6845262499166348e-02        -1.0647968353098566e-04        -2.2877815381425502e-04
14                                     6.7092604566248663e-03         1.3176137178148099e-05         1.6287355320480045e-05
15                                     2.0682803702921998e-02         4.1190435748218280e-05         1.9188648725742671e-04
16                                    -3.8520456619757899e-02        -2.8936394878827677e-05        -1.9148745166540934e-04
17                                     6.7556116774223560e-03         8.8021755184589365e-06         4.4116895999421653e-05
18                                     1.4322009033172483e-03         2.9916056213986716e-05         1.3949036511340116e-04
19                                     1.2226662599198485e-03         3.8348300519465999e-06         2.0933103234733363e-04
20                                    -9.7864910477681987e-05         1.9627336201872240e-05         6.1026322370100945e-05
21                                     4.0272335956502719e-05        -2.6118174048128814e-04        -2.5770886186777179e-03
22                                    -1.8990482100796543e-04        -2.9479167571059076e-04        -1.9644874135220348e-03
23                                     3.3042841421351126e-05        -8.4054590422302498e-05        -6.8041012377295955e-04
24                                     1.0107015646167579e-04        -4.3934550160846450e-03        -2.1605605859240821e-02
25                                    -8.8224607386825976e-04         2.6645786251374533e-02         7.3718928592757346e-02
26                                    -2.5840642960001917e-04         7.3327827329247707e-03         1.9581890101871779e-02
27                                     1.7778217009785794e-04        -6.1392836284371512e-02         2.6650711033307153e-02
28                                     6.5695158265348540e-05        -4.5694621881606563e-02         1.5868709824702020e-02
29                                     3.4895968007583430e-05        -1.6833396942295589e-02         6.1938042595149883e-03
30                                    -1.6897347567354734e-04        -8.5644684549466914e-04         5.0013918408059444e-04
31                                     1.0838457466924009e-04         2.6319935071390534e-03        -1.6587241539385616e-03
32                                    -3.1107748920120139e-05         6.1710614105081455e-04        -3.7307759306234417e-04
33                                     5.1996422783424489e-05        -2.3970691278187108e-03         4.5567800613774640e-04
34                                    -1.1201815895336090e-04        -1.8575030239228612e-03         2.5544753356642846e-04
35                                    -2.7599631035983312e-05        -6.2256364726618902e-04         1.0253211891746649e-04
36                                    -2.5527770545737474e-05         1.5750745922317940e-04        -1.0072906553268788e-04
37                                     7.5365902617339670e-05        -4.6594993263791292e-05         1.2625117740905722e-04
38                                     1.6926728425017387e-05         6.7580272756267149e-07         2.1309399953908438e-05
39                                    -3.9168940703269690e-05         7.2558724060287793e-05        -6.9229269319879736e-05
40                                    -4.1817752442440762e-05         1.2278949566266583e-04        -8.2374329260106357e-05
41                                    -1.3236080851240396e-05         3.5363854503095059e-05        -2.0758349192895580e-05
42                                     2.4030384189483082e-05        -3.6587323434149865e-05         3.7452067742071521e-05
43                                     2.4831938034143992e-05        -4.6723757882049578e-05         4.6711094103558192e-05
44                                     8.0271274370535969e-06        -1.2182457529163420e-05         1.7313067320050347e-05
45                                     5.4679926007950877e-05        -9.7810024564596614e-05         1.1818614993383172e-04
46                                    -1.4475469662580880e-05        -8.7980114086375771e-06        -1.8485979549886100e-05
47                                     1.0617469119025716e-06        -1.0753902791028246e-05         1.0592340698019922e-06
48                                    -3.2362343134589169e-05         5.9815871097032332e-05        -7.0234516305422304e-05
49                                     9.4593462076915675e-06        -1.0031035079706060e-05         1.9331295263500944e-05
50                                    -3.7734800379057722e-08         3.0357837394694538e-06         5.5019846058357623e-07
51                                     1.1314785349861153e-05         3.0513987346939388e-04         8.8041281716809907e-06
52                                     7.3301628204327186e-06         6.6676838039973296e-05        -3.2761230381063563e-04
53                                     5.3936331412771773e-06         3.6891502371325105e-05        -9.3640592771969495e-05
54                                     3.5838633765470098e-03         2.4740286332810783e-03         3.2820898083996504e-03
55                                     5.5389459600432905e-03         3.6044338116527162e-03         4.7540622560956480e-03
56                                    -7.8846125771596181e-04        -5.4761928259046432e-04        -7.4789995945896074e-04
57                                     1.7543324811097419e-04        -1.0893580996834592e-04        -1.4217818023327372e-04
58                                     2.3072787982496285e-04         2.2057941338688275e-05        -2.8173760095755847e-06
59                                    -9.9021478115375961e-06        -1.0920503550819015e-05        -3.2575686144737292e-05
60                                     1.3300309270678722e-03         1.2721952601729570e-05         6.8208498239366981e-05
61                                     1.9991491237196018e-03         2.6274757309917267e-05         1.0489657471509549e-04
62                                    -2.3750173965619205e-04        -5.5591282286904616e-06        -1.7995169854123289e-05
63                                    -1.8245974931908845e-03         3.9586314733122651e-05        -1.7995459253827716e-05
64                                     3.3571603026567669e-03        -6.9873371717596794e-05         4.1933438377891265e-05
65                                    -5.3308170748451447e-04         9.9737607265883908e-06        -7.1527096027561031e-06
66                                     7.3697758534768221e-04        -5.2262039431044071e-05         3.2444233415769612e-05
67                                     1.4779457889111582e-03        -1.0477837448933594e-04         6.6482359299283432e-05
68                                    -1.9534425566921870e-04         1.4113308998789509e-05        -7.1069875596685777e-06
69                                     3.9760403312822718e-04        -2.3726833954402259e-05         1.9782729441778364e-05
70                                    -1.8809275730561153e-04         1.8122794442804526e-06        -3.2474491189774927e-06
71                                     5.0157577274608639e-04        -2.2659149840920516e-05         1.7277628340336997e-05
72                                     4.3990640128710484e-04        -2.8024059073728725e-05         2.3225795634876592e-05
73                                    -3.2726115625631108e-04         1.2277801895639456e-05        -7.3003525760027058e-06
74                                    -4.0084051098541985e-04         2.2259698975225611e-05        -1.5058681309709633e-05
75                                     4.7580728412423873e-01         9.9222328610425788e-04         2.2359837302674294e-03
76                                     6.5252104031149449e-01         1.3505338669753595e-03         2.8790379955902687e-03
77                                    -7.8470513764932776e-02        -1.6269250807526524e-04        -3.0968263016981112e-04
78                                    -2.0066585524250635e-01        -1.0319825042257692e-04        -6.9971122092810079e-04
79                                     4.3962675871333384e-01         2.3467446815782599e-04         1.3483914374822126e-03
80                                    -7.6028349833589637e-02        -6.8502185328624411e-05        -1.9515475978670058e-04
81                                    -2.5969532068938123e-03         8.3853220873834663e-02         2.3202568785589819e-01
82                                     1.0182855538405736e-02        -3.1360750976889812e-01        -8.2784226949186357e-01
83                                     2.8158987631682233e-03        -8.3820442627227237e-02        -2.2051986770276080e-01
84                                    -1.6345699549216710e-03         7.0298869801811081e-01        -2.6666485900194692e-01
85                                    -1.0197035546690707e-03         5.1216440012087228e-01        -1.8949590163211844e-01
86                                    -2.8474835986309514e-04         1.9035177159102726e-01        -7.1020763288880906e-02
87                                     4.0380640947663038e-04         2.8964921537263599e-02        -5.1784463502228114e-03
88                                     2.8418186956788129e-04         1.9862443505730538e-02        -3.1220246291226278e-03
89                                     1.2180845906488075e-04         6.8449072895424377e-03        -1.0926263705327080e-03
90                                    -4.2373695017647331e-02        -2.9879157759489863e-02        -4.0279095012931858e-02
91                                    -6.0626784736152559e-02        -4.1946986686288289e-02        -5.5518906395442789e-02
92                                     8.4116353592869151e-03         5.8891180374285486e-03         7.8020590732419291e-03
93                                    -1.4935539687149137e-02        -1.3351027797278432e-04        -6.5914810316070917e-04
94                                    -2.3020275954345183e-02        -4.3586803545987192e-04        -1.2894664526107043e-03
95                                     2.7509256662325201e-03         5.2591915723183213e-05         1.4247962233677114e-04
96                                     2.0770487183789762e-02        -3.9711212118596971e-04         3.1031481334853567e-04
97                                    -3.7637680417374073e-02         7.4500907369824936e-04        -5.2795120458951452e-04
98                                     5.9942055371252400e-03        -1.1811571036169535e-04         8.6772653417354365e-05
$End
$Calculation_Info
   &GeometryIndex 14
   &Mult [&Type "Integer"] 1
   &Charge [&Type "Integer"] 0
   &NumOfAtoms [&Type "Integer"] 33
   &NumOfElectrons [&Type "Integer"] 156
   &NumOfBasisFuncts [&Type "Integer"] 454
   &NumOfAuxCBasisFuncts [&Type "Integer"] 0
   &NumOfAuxJBasisFuncts [&Type "Integer"] 1201
   &NumOfAuxJKBasisFuncts [&Type "Integer"] 0
   &NumOfCABSBasisFuncts [&Type "Integer"] 0
$End
$Calculation_Timings
   &GeometryIndex 14
   &GTOINT [&Type "Double"]       8.8725535000000136e+01
   &SCF [&Type "Double"]       8.5321503800000039e+02
   &SCFGRAD [&Type "Double"]       2.8929672200000022e+02
   &GSTEP [&Type "Double"]       3.1115400000004173e-01
   &PROPINT [&Type "Double"]       1.9856382200000016e+02
   &RESPONSE [&Type "Double"]       3.0658279500000003e+02
   &PROP [&Type "Double"]       2.2688755600000013e+02
   &SUM [&Type "Double"]       1.9635826220000010e+03
$End
